DATE,DEPTH,NH4
1979-03-12,100,1.1
1979-03-12,2700,3.0
1979-03-12,1000,1.3
1979-03-12,500,1.1
1979-03-12,1500,1.8
1979-03-12,2000,2.8
1979-04-04,2000,2.8
1979-04-04,2500,4.8
1979-04-04,1500,1.4
1979-04-04,100,1.1
1979-04-04,1000,1.5
1979-04-04,500,1.2
1979-04-19,100,2.3
1979-04-19,2000,5.3
1979-04-19,1500,3.0
1979-04-19,1000,2.1
1979-04-19,500,2.4
1979-04-19,2600,
1979-07-09,1500,0.9
1979-07-09,2000,5.4
1979-07-09,100,0.7
1979-07-09,1000,0.7
1979-07-09,500,0.8
1979-07-09,2600,3.3
1979-08-15,2600,5.5
1979-08-15,500,0.7
1979-08-15,1500,0.8
1979-08-15,100,0.8
1979-08-15,2000,0.9
1979-08-15,1000,0.8
1979-09-02,1000,0.0
1979-09-02,1500,0.3
1979-09-02,500,0.0
1979-09-02,2800,1.7
1979-09-02,2500,0.9
1979-09-02,2000,0.2
1979-10-01,2600,2.9
1979-10-01,1000,0.6
1979-10-01,2000,5.6
1979-10-01,500,0.7
1979-10-01,100,0.6
1979-10-01,1500,0.9
1979-11-22,2600,0.1
1979-11-22,1500,0.1
1979-11-22,100,0.1
1979-11-22,2000,0.0
1979-11-22,1000,0.0
1979-11-22,500,0.1
1980-01-28,2000,2.4
1980-01-28,100,1.5
1980-01-28,1000,1.6
1980-01-28,500,1.7
1980-01-28,2500,2.3
1980-01-28,1500,2.3
1980-02-11,100,10.0
1980-02-11,2800,14.3
1980-03-24,2500,0.9
1980-03-24,2000,1.0
1980-03-24,100,1.0
1980-03-24,1500,0.9
1980-03-24,500,1.0
1980-03-24,1000,0.9
1980-05-05,2800,14.3
1980-05-05,100,7.1
1980-05-06,2000,2.5
1980-05-06,2600,2.5
1980-05-06,100,0.3
1980-05-06,500,0.4
1980-05-06,1500,1.1
1980-05-06,1000,0.9
1980-07-21,1000,1.0
1980-07-21,2000,1.3
1980-07-21,500,1.2
1980-07-21,2600,1.4
1980-07-21,1500,1.0
1980-07-21,100,1.0
1980-09-05,500,0.0
1980-09-05,2000,0.1
1980-09-05,2500,5.2
1980-09-05,1000,0.0
1980-09-05,1500,0.0
1980-09-05,2800,8.9
1980-09-22,1000,1.0
1980-09-22,1500,1.1
1980-09-22,2000,1.1
1980-09-22,2600,8.4
1980-09-22,500,1.0
1980-09-22,100,1.0
1980-11-24,100,7.1
1980-11-24,2900,10.7
1980-11-28,1500,1.3
1980-11-28,2500,1.3
1980-11-28,500,1.4
1980-11-28,100,1.3
1980-11-28,2000,1.3
1980-11-28,1000,1.3
1981-01-07,1000,1.6
1981-01-07,100,1.7
1981-01-07,1500,1.5
1981-01-07,2500,1.7
1981-01-07,500,1.6
1981-01-07,2000,1.4
1981-02-23,1000,1.6
1981-02-23,2000,1.9
1981-02-23,500,2.0
1981-02-23,2600,1.5
1981-02-23,1500,1.7
1981-02-23,100,1.8
1981-04-13,100,0.9
1981-04-13,1500,1.3
1981-04-13,2500,2.7
1981-04-13,1000,0.8
1981-04-13,500,0.9
1981-04-13,2000,1.9
1981-07-01,2000,1.1
1981-07-01,1500,0.2
1981-07-01,2600,2.5
1981-07-01,100,0.2
1981-07-01,1000,0.2
1981-07-01,500,0.2
1981-10-05,500,1.1
1981-10-05,2000,6.6
1981-10-05,2600,19.6
1981-10-05,1000,0.3
1981-10-05,1500,0.3
1981-10-05,100,1.8
1982-01-05,2600,
1982-01-05,1500,
1982-01-05,1000,
1982-01-05,2000,
1982-01-05,500,
1982-01-05,100,
1982-02-05,100,10.7
1982-02-05,2600,6.4
1982-04-13,500,0.4
1982-04-13,2000,1.8
1982-04-13,2500,2.0
1982-04-13,100,0.3
1982-04-13,1000,0.4
1982-04-13,1500,0.6
1982-05-14,2800,6.4
1982-05-14,100,5.0
1982-08-12,1000,
1982-08-12,500,
1982-08-12,2400,
1982-08-12,2800,
1982-08-12,100,
1982-08-12,1500,
1982-08-12,2000,
1982-08-24,1000,0.3
1982-08-24,2000,0.3
1982-08-24,1500,0.3
1982-08-24,2500,0.4
1982-08-24,500,0.3
1982-08-24,100,0.3
1982-10-11,1000,0.6
1982-10-11,2500,2.2
1982-10-11,1500,0.5
1982-10-11,100,0.4
1982-10-11,500,0.5
1982-10-11,2000,1.2
1982-12-01,1000,15.9
1982-12-01,2500,15.3
1982-12-01,100,15.9
1982-12-01,2000,15.3
1982-12-01,1500,19.4
1982-12-01,500,15.9
1982-12-20,2700,7.1
1982-12-20,100,5.7
1983-08-28,1000,1.1
1983-08-28,100,0.2
1983-08-28,2000,0.4
1983-08-28,2400,2.5
1983-08-28,1500,1.8
1983-08-28,2800,13.2
1983-08-28,500,0.7
1985-04-09,200,
1985-04-09,2000,
1985-04-09,300,
1985-04-09,1000,
1985-04-09,500,
1985-04-09,1500,
1985-04-09,100,
1986-01-07,1000,5.6
1986-01-07,100,5.5
1986-01-07,2500,6.0
1986-01-07,500,5.5
1986-01-07,2000,5.8
1986-01-07,1500,5.5
1986-02-11,2000,4.4
1986-02-11,100,2.6
1986-02-11,500,2.5
1986-02-11,1000,2.7
1986-02-11,2600,4.2
1986-02-11,1500,3.1
1986-03-11,2000,3.7
1986-03-11,100,0.9
1986-03-11,500,0.7
1986-03-11,1500,4.4
1986-03-11,2600,4.0
1986-03-11,1000,3.0
1986-04-07,2000,3.7
1986-04-07,100,2.9
1986-04-07,1000,7.7
1986-04-07,2500,3.7
1986-04-07,500,3.1
1986-04-07,1500,4.3
1986-05-22,1000,0.1
1986-05-22,1500,1.6
1986-05-22,500,0.1
1986-05-22,100,0.1
1986-05-22,2000,2.4
1986-05-22,2500,3.8
1986-06-09,1000,4.5
1986-06-09,100,0.4
1986-06-09,500,0.1
1986-06-09,2500,4.9
1986-06-09,2000,7.0
1986-06-09,1500,0.1
1986-07-21,2500,3.4
1986-07-21,100,0.1
1986-07-21,2000,2.9
1986-07-21,500,0.1
1986-07-21,1500,0.7
1986-07-21,1000,0.1
1986-08-07,100,0.1
1986-08-07,500,0.1
1986-08-07,2000,0.1
1986-08-07,2400,3.7
1986-08-07,1500,0.1
1986-08-07,1000,0.1
1986-09-15,500,0.2
1986-09-15,2500,0.2
1986-09-15,1500,0.2
1986-09-15,2000,0.2
1986-09-15,1000,0.2
1986-09-15,100,0.2
1986-10-20,100,0.5
1986-10-20,500,1.4
1986-10-20,1000,0.8
1986-10-20,2400,1.3
1986-10-20,1500,1.5
1986-10-20,2000,3.2
1986-12-02,100,4.2
1986-12-02,1500,4.6
1986-12-02,500,4.0
1986-12-02,1000,4.2
1986-12-02,2500,5.0
1986-12-02,2000,4.8
1986-12-18,1500,2.1
1986-12-18,2000,2.3
1986-12-18,500,2.2
1986-12-18,2500,2.9
1986-12-18,100,1.9
1986-12-18,1000,2.1
1987-02-19,2500,10.44
1987-02-19,500,9.67
1987-02-19,1500,9.56
1987-02-19,100,9.56
1987-02-19,1000,9.67
1987-02-19,2000,10.0
1987-04-14,1000,0.77
1987-04-14,2000,2.32
1987-04-14,500,0.39
1987-04-14,2600,3.29
1987-04-14,1500,1.26
1987-04-14,100,2.51
1987-06-18,1000,0.22
1987-06-18,2000,3.62
1987-06-18,500,0.44
1987-06-18,100,0.22
1987-06-18,1500,1.51
1987-09-16,100,0.22
1987-09-16,2000,0.8
1987-09-16,2500,5.31
1987-09-16,1500,0.17
1987-09-16,500,0.14
1987-09-16,1000,0.31
1987-11-23,500,0.1
1987-11-23,2600,3.51
1987-11-23,2000,0.2
1987-11-23,1000,0.1
1987-11-23,1500,0.17
1987-11-23,100,0.07
1988-01-18,2000,0.42
1988-01-18,100,0.52
1988-01-18,1500,0.57
1988-01-18,2500,0.74
1988-01-18,500,0.44
1988-01-18,1000,0.62
1988-04-19,1000,0.99
1988-04-19,2000,2.24
1988-04-19,500,0.37
1988-04-19,2700,7.5
1988-04-19,1500,1.56
1988-04-19,100,0.31
1988-05-30,100,0.29
1988-05-30,500,0.24
1988-05-30,1500,1.58
1988-05-30,1000,0.27
1988-05-30,2000,4.73
1988-05-30,2700,5.88
1988-06-20,2300,2.85
1988-06-20,2000,4.38
1988-06-20,1500,0.34
1988-06-20,100,0.21
1988-06-20,500,0.18
1988-06-20,1000,0.47
1988-07-21,100,0.3
1988-07-21,2400,3.66
1988-07-21,500,0.3
1988-07-21,1500,0.38
1988-07-21,2000,1.36
1988-07-21,1000,0.35
1988-08-22,1500,0.5
1988-08-22,1000,0.47
1988-08-22,2600,1.38
1988-08-22,2000,0.5
1988-08-22,100,0.41
1988-08-22,500,0.41
1988-09-14,500,0.21
1988-09-14,100,0.09
1988-09-14,2000,0.29
1988-09-14,1500,0.35
1988-09-14,2400,3.94
1988-09-14,1000,0.24
1988-10-10,100,0.29
1988-10-10,2000,2.11
1988-10-10,2500,2.96
1988-10-10,1000,1.26
1988-10-10,1500,1.5
1988-10-10,500,0.26
1988-11-06,100,0.26
1988-11-06,1500,0.09
1988-11-06,2000,3.18
1988-11-06,3500,7.1
1988-11-06,1000,0.1
1988-11-06,500,0.28
1988-12-08,2500,1.2
1988-12-08,1000,0.94
1988-12-08,1500,0.84
1988-12-08,2000,0.9
1988-12-08,500,0.98
1988-12-08,100,0.98
1989-01-17,1500,3.52
1989-01-17,1000,3.52
1989-01-17,2000,3.27
1989-01-17,500,3.63
1989-01-17,2500,3.24
1989-01-17,100,3.41
1989-02-14,2500,3.0
1989-02-14,100,2.9
1989-02-14,1500,2.98
1989-02-14,1000,2.85
1989-02-14,2000,3.09
1989-02-14,500,2.91
1989-03-08,2000,1.14
1989-03-08,2500,1.55
1989-03-08,1000,0.68
1989-03-08,500,0.59
1989-03-08,1500,0.71
1989-03-08,100,0.55
1989-04-11,2600,4.21
1989-04-11,500,1.4
1989-04-11,1000,1.39
1989-04-11,1500,1.5
1989-04-11,100,1.67
1989-04-11,2000,2.07
1989-05-08,1500,0.62
1989-05-08,2500,4.2
1989-05-08,2000,3.15
1989-05-08,500,0.17
1989-05-08,1000,0.18
1989-05-08,100,0.15
1989-06-13,1500,0.01
1989-06-13,500,0.06
1989-06-13,2000,0.04
1989-06-13,1000,0.06
1989-06-13,2500,0.06
1989-06-13,100,0.04
1989-07-13,1500,0.01
1989-07-13,1000,0.13
1989-07-13,2500,0.12
1989-07-13,2000,0.02
1989-07-13,500,0.0
1989-07-13,100,0.0
1989-08-27,2000,0.19
1989-08-27,100,0.1
1989-08-27,500,0.02
1989-08-27,2500,0.34
1989-08-27,1500,0.16
1989-08-27,1000,0.16
1989-09-12,100,0.35
1989-09-12,1000,0.59
1989-09-12,500,0.38
1989-09-12,2000,0.23
1989-09-12,1500,1.35
1989-09-12,2700,5.55
1989-10-17,1500,0.07
1989-10-17,100,0.05
1989-10-17,1000,0.08
1989-10-17,500,0.09
1989-10-17,2700,5.67
1989-10-17,2000,0.22
1989-11-20,1000,2.87
1989-11-20,2000,
1989-11-20,1500,
1989-11-20,2700,8.06
1989-11-20,100,0.53
1989-11-20,500,0.55
1989-12-18,1000,2.67
1989-12-18,2700,5.81
1989-12-18,500,2.66
1989-12-18,1500,2.69
1989-12-18,2000,2.58
1989-12-18,100,2.69
1990-01-17,200,
1990-01-17,2000,
1990-01-17,1000,
1990-01-22,2000,3.11
1990-01-22,1500,2.64
1990-01-22,1000,2.63
1990-01-22,500,2.61
1990-01-22,2600,1.79
1990-01-22,100,2.73
1990-02-14,1000,2.7
1990-02-14,2700,2.55
1990-02-14,1500,2.61
1990-02-14,100,2.69
1990-02-14,500,2.71
1990-02-14,2000,2.47
1990-03-13,500,1.59
1990-03-13,2000,1.89
1990-03-13,1500,1.79
1990-03-13,100,1.51
1990-03-13,1000,1.7
1990-03-13,2500,1.72
1990-04-17,2500,6.72
1990-04-17,1500,0.54
1990-04-17,2000,2.28
1990-04-17,1000,0.46
1990-04-17,100,0.02
1990-04-17,500,0.31
1990-06-19,500,
1990-06-19,1000,
1990-06-19,100,
1990-07-19,1000,0.01
1990-07-19,1500,0.05
1990-07-19,2000,0.35
1990-07-19,500,0.08
1990-07-19,2500,0.25
1990-07-19,100,0.07
1990-07-20,1500,
1990-07-20,2000,
1990-07-20,2500,
1990-08-21,1500,0.03
1990-08-21,500,0.08
1990-08-21,100,0.05
1990-08-21,2600,0.31
1990-08-21,1000,0.03
1990-08-21,2000,0.18
1990-09-18,500,0.05
1990-09-18,100,0.31
1990-09-18,2600,12.17
1990-09-18,1500,0.12
1990-09-18,2000,9.43
1990-09-18,1000,0.04
1990-10-16,1000,1.1
1990-10-16,100,0.43
1990-10-16,1500,4.35
1990-10-16,2000,7.71
1990-10-16,2600,12.24
1990-10-16,500,0.4
1990-11-14,2500,12.96
1990-11-14,2600,13.44
1990-11-14,500,3.04
1990-11-14,100,2.24
1990-11-14,2000,8.62
1990-11-14,1000,3.89
1990-11-14,1500,4.61
1990-12-13,1000,3.84
1990-12-13,1500,3.79
1990-12-13,2000,3.8
1990-12-13,100,3.67
1990-12-13,500,3.71
1990-12-13,2400,3.97
1991-01-15,1000,2.17
1991-01-15,100,2.17
1991-01-15,500,2.16
1991-01-15,1500,2.07
1991-01-15,2000,1.51
1991-01-15,2500,0.97
1991-01-15,2700,0.95
1991-02-13,1500,1.22
1991-02-13,1000,1.07
1991-02-13,2600,1.67
1991-02-13,500,0.9
1991-02-13,100,0.85
1991-02-13,2000,1.44
1991-03-20,2000,1.09
1991-03-20,1000,0.43
1991-03-20,100,0.38
1991-03-20,2500,5.67
1991-03-20,500,0.4
1991-03-20,2700,5.7
1991-03-20,1500,0.54
1991-04-15,1500,3.44
1991-04-15,2500,4.78
1991-04-15,100,0.06
1991-04-15,2000,4.48
1991-04-15,1000,2.28
1991-04-15,2700,4.65
1991-04-15,500,0.91
1991-05-21,2000,
1991-05-21,500,0.11
1991-05-21,2500,
1991-05-21,1000,0.18
1991-05-21,100,0.12
1991-05-21,1500,2.44
1991-06-17,500,0.05
1991-06-17,1500,0.6
1991-06-17,2500,3.93
1991-06-17,2000,1.3
1991-06-17,2600,4.61
1991-06-17,1000,0.23
1991-06-17,100,0.12
1991-07-22,100,0.13
1991-07-22,2500,1.95
1991-07-22,1000,0.05
1991-07-22,500,0.12
1991-07-22,2700,3.67
1991-07-22,2000,0.17
1991-07-22,1500,0.22
1991-08-14,100,0.13
1991-08-14,1000,0.16
1991-08-14,1500,0.22
1991-08-14,500,0.01
1991-08-14,2700,8.31
1991-08-14,2000,0.58
1991-09-10,2600,11.78
1991-09-10,1000,0.06
1991-09-10,500,0.06
1991-09-10,100,0.08
1991-09-10,2000,3.65
1991-09-10,1500,0.13
1991-09-10,2500,11.75
1991-10-17,500,0.12
1991-10-17,2000,8.95
1991-10-17,1000,0.49
1991-10-17,1500,1.92
1991-10-17,2600,9.2
1991-10-17,100,0.33
1991-11-12,1000,0.42
1991-11-12,2500,4.28
1991-11-12,2000,3.4
1991-11-12,100,0.25
1991-11-12,1500,0.57
1991-11-12,500,0.27
1991-12-12,2000,4.9
1991-12-12,100,0.06
1991-12-12,1500,3.78
1991-12-12,1000,2.29
1991-12-12,500,0.35
1991-12-12,2600,15.41
1991-12-12,2500,10.02
1992-01-30,1500,2.16
1992-01-30,2700,6.0
1992-01-30,2000,3.11
1992-01-30,1000,1.98
1992-01-30,2500,5.85
1992-01-30,500,1.89
1992-01-30,100,1.73
1992-02-11,2000,2.79
1992-02-11,100,3.18
1992-02-11,500,2.18
1992-02-11,2500,7.26
1992-02-11,1500,2.24
1992-02-11,1000,2.1
1992-02-20,1000,1.61
1992-02-20,2700,4.0
1992-02-20,1500,1.9
1992-02-20,100,1.62
1992-02-20,2500,3.34
1992-02-20,2000,2.47
1992-02-20,500,2.31
1992-02-27,2000,2.18
1992-02-27,500,1.25
1992-02-27,1000,1.33
1992-02-27,2500,2.73
1992-02-27,100,1.35
1992-02-27,1500,1.5
1992-03-04,500,1.73
1992-03-04,2500,2.06
1992-03-04,1000,1.88
1992-03-04,100,1.72
1992-03-04,1500,1.82
1992-03-04,2000,2.05
1992-03-19,1500,1.05
1992-03-19,1000,0.14
1992-03-19,100,0.15
1992-03-19,500,0.19
1992-03-19,2000,1.07
1992-03-19,2500,1.68
1992-03-26,1000,0.25
1992-03-26,500,0.17
1992-03-26,1500,0.19
1992-03-26,2500,0.96
1992-03-26,2000,0.81
1992-03-26,100,0.16
1992-03-30,2700,1.81
1992-03-30,100,0.16
1992-03-30,1000,0.16
1992-03-30,500,0.08
1992-03-30,2500,1.86
1992-03-30,1500,0.22
1992-03-30,2000,0.69
1992-04-21,2700,4.62
1992-04-21,500,0.09
1992-04-21,1500,2.87
1992-04-21,100,0.02
1992-04-21,2000,2.88
1992-04-21,2500,4.55
1992-04-21,1000,0.01
1992-05-13,2000,3.78
1992-05-13,1500,2.07
1992-05-13,500,0.13
1992-05-13,2500,4.72
1992-05-13,2700,4.81
1992-05-13,100,0.1
1992-05-13,1000,0.77
1992-06-16,1000,0.01
1992-06-16,100,0.03
1992-06-16,2500,2.71
1992-06-16,2700,6.46
1992-06-16,2000,0.68
1992-06-16,500,0.02
1992-06-16,1500,0.24
1992-07-09,2500,7.51
1992-07-09,1500,0.21
1992-07-09,500,0.15
1992-07-09,2000,0.25
1992-07-09,2700,8.59
1992-07-09,1000,0.18
1992-07-09,100,0.06
1992-08-06,1500,0.09
1992-08-06,100,0.03
1992-08-06,1000,0.01
1992-08-06,500,0.02
1992-08-06,2000,0.12
1992-08-06,2500,0.2
1992-08-17,100,0.06
1992-08-17,1000,0.22
1992-08-17,1500,0.23
1992-08-17,2600,1.0
1992-08-17,2500,1.42
1992-08-17,2000,0.19
1992-08-17,500,0.11
1992-08-27,2500,0.14
1992-08-27,1000,0.02
1992-08-27,2000,0.09
1992-08-27,500,0.02
1992-08-27,1500,0.04
1992-08-27,100,0.09
1992-09-03,1000,0.06
1992-09-03,500,0.04
1992-09-03,2000,0.13
1992-09-03,100,0.12
1992-09-03,1500,0.12
1992-09-03,2500,0.53
1992-09-09,1500,3.02
1992-09-09,2000,9.3
1992-09-09,1000,0.46
1992-09-09,2500,9.96
1992-09-09,500,0.34
1992-09-09,100,0.2
1992-09-09,2700,9.75
1992-09-17,2000,0.64
1992-09-17,2500,0.66
1992-09-17,100,0.08
1992-09-17,500,0.03
1992-09-17,1500,0.01
1992-09-17,1000,0.04
1992-09-24,100,0.03
1992-09-24,500,0.01
1992-09-24,1000,0.04
1992-09-24,1500,0.03
1992-09-24,2000,1.3
1992-09-24,2500,0.34
1992-10-01,2500,0.05
1992-10-01,100,0.02
1992-10-01,1000,0.02
1992-10-01,500,0.01
1992-10-01,1500,0.16
1992-10-01,2000,0.01
1992-10-12,1000,0.21
1992-10-12,2700,3.62
1992-10-12,2500,3.55
1992-10-12,100,0.15
1992-10-12,2000,0.15
1992-10-12,500,0.21
1992-10-12,1500,0.08
1992-11-16,100,0.81
1992-11-16,1500,1.43
1992-11-16,2000,3.23
1992-11-16,2500,3.08
1992-11-16,500,0.73
1992-11-16,1000,0.79
1992-12-15,1500,3.0
1992-12-15,2500,3.65
1992-12-15,2000,3.44
1992-12-15,1000,2.53
1992-12-15,100,2.37
1992-12-15,2700,3.91
1992-12-15,500,2.46
1993-01-19,2700,2.08
1993-01-19,1500,2.98
1993-01-19,100,3.01
1993-01-19,2000,3.0
1993-01-19,500,3.05
1993-01-19,1000,3.04
1993-01-19,2500,2.02
1993-02-02,2500,2.55
1993-02-02,2000,2.56
1993-02-02,500,1.65
1993-02-02,1000,2.05
1993-02-02,1500,2.25
1993-02-02,100,1.38
1993-02-10,2000,2.59
1993-02-10,2500,2.16
1993-02-10,100,1.85
1993-02-10,1500,2.51
1993-02-10,1000,2.48
1993-02-10,500,2.01
1993-02-14,100,2.55
1993-02-14,1000,2.74
1993-02-14,500,2.69
1993-02-14,2000,1.83
1993-02-14,2500,1.93
1993-02-14,1500,2.36
1993-02-14,2700,2.14
1993-02-24,1000,10.12
1993-02-24,100,10.28
1993-02-24,2000,10.87
1993-02-24,500,9.6
1993-02-24,1500,10.98
1993-02-24,2500,10.98
1993-03-04,100,10.25
1993-03-04,500,10.12
1993-03-04,1000,10.3
1993-03-04,1500,10.31
1993-03-04,2500,10.43
1993-03-04,2000,10.25
1993-03-09,1000,2.26
1993-03-09,500,3.33
1993-03-09,2000,2.71
1993-03-09,100,3.6
1993-03-09,2500,3.15
1993-03-09,1500,2.64
1993-03-16,2700,4.09
1993-03-16,2000,3.15
1993-03-16,2500,3.88
1993-03-16,100,0.16
1993-03-16,500,0.16
1993-03-16,1500,1.86
1993-03-16,1000,0.71
1993-03-24,1500,1.5
1993-03-24,100,0.1
1993-03-24,2500,2.92
1993-03-24,500,0.34
1993-03-24,1000,0.82
1993-03-24,2000,2.44
1993-03-31,2500,5.23
1993-03-31,500,0.18
1993-03-31,1000,0.86
1993-03-31,2000,5.06
1993-03-31,100,0.08
1993-03-31,1500,2.12
1993-04-05,2000,3.66
1993-04-05,1500,1.87
1993-04-05,1000,1.13
1993-04-05,2500,4.77
1993-04-05,500,0.45
1993-04-05,100,0.59
1993-04-15,1500,0.91
1993-04-15,2700,11.44
1993-04-15,100,0.04
1993-04-15,2500,9.96
1993-04-15,1000,0.31
1993-04-15,2000,2.49
1993-04-15,500,0.07
1993-04-21,1000,0.22
1993-04-21,1500,0.42
1993-04-21,100,0.08
1993-04-21,500,0.11
1993-04-21,2500,4.07
1993-04-21,2000,1.55
1993-05-17,2600,8.61
1993-05-17,1500,0.45
1993-05-17,1000,0.17
1993-05-17,2000,1.19
1993-05-17,2500,6.2
1993-05-17,500,0.11
1993-05-17,100,0.04
1993-06-14,2700,1.61
1993-06-14,500,0.07
1993-06-14,2000,0.88
1993-06-14,100,0.02
1993-06-14,1000,0.62
1993-06-14,2500,1.5
1993-06-14,1500,0.64
1993-07-13,1500,0.07
1993-07-13,2500,0.03
1993-07-13,2700,0.67
1993-07-13,100,0.08
1993-07-13,500,0.09
1993-07-13,2000,0.69
1993-07-13,1000,0.05
1993-08-23,2700,0.64
1993-08-23,2500,0.11
1993-08-23,500,0.05
1993-08-23,1500,0.19
1993-08-23,100,0.04
1993-08-23,1000,0.1
1993-08-23,2000,0.14
1993-09-16,1000,0.22
1993-09-16,2500,5.8
1993-09-16,2000,0.37
1993-09-16,1500,0.29
1993-09-16,100,0.23
1993-09-16,500,0.24
1993-09-16,2700,7.07
1993-10-12,2700,27.68
1993-10-12,2000,1.04
1993-10-12,1000,0.26
1993-10-12,2500,23.79
1993-10-12,500,0.07
1993-10-12,1500,0.47
1993-10-12,100,0.03
1993-11-15,500,0.64
1993-11-15,2500,6.78
1993-11-15,1500,0.88
1993-11-15,2000,1.52
1993-11-15,100,0.6
1993-11-15,2600,6.82
1993-11-15,1000,0.66
1993-12-16,100,3.45
1993-12-16,500,3.22
1993-12-16,1000,2.34
1993-12-16,2700,1.71
1993-12-16,2500,1.69
1993-12-16,1500,2.06
1993-12-16,2000,1.73
1994-01-25,1500,3.35
1994-01-25,2700,3.83
1994-01-25,2500,3.68
1994-01-25,500,3.15
1994-01-25,300,
1994-01-25,100,3.11
1994-01-25,2000,3.58
1994-01-25,1000,3.43
1994-01-25,200,
1994-02-23,2000,3.22
1994-02-23,2600,3.19
1994-02-23,200,
1994-02-23,2500,3.24
1994-02-23,500,2.64
1994-02-23,300,
1994-02-23,1000,2.77
1994-02-23,100,2.59
1994-02-23,1500,2.92
1994-03-15,200,
1994-03-15,2000,2.31
1994-03-15,300,
1994-03-15,100,1.71
1994-03-15,2700,2.74
1994-03-15,1000,0.69
1994-03-15,1500,1.47
1994-03-15,2500,2.63
1994-03-15,500,0.66
1994-04-18,2000,1.49
1994-04-18,200,
1994-04-18,300,
1994-04-18,2500,2.57
1994-04-18,1000,0.17
1994-04-18,1500,0.41
1994-04-18,100,0.05
1994-04-18,2700,2.67
1994-04-18,500,0.05
1994-05-25,2000,4.86
1994-05-25,1500,0.6
1994-05-25,200,
1994-05-25,300,
1994-05-25,2500,8.82
1994-05-25,1000,0.19
1994-05-25,100,0.01
1994-05-25,500,0.09
1994-05-25,2700,8.75
1994-06-21,1000,0.06
1994-06-21,100,0.03
1994-06-21,1500,1.13
1994-06-21,300,
1994-06-21,2600,4.93
1994-06-21,200,
1994-06-21,2500,5.17
1994-06-21,500,0.0
1994-06-21,2000,4.74
1994-07-27,300,
1994-07-27,100,0.07
1994-07-27,2000,0.22
1994-07-27,1000,0.08
1994-07-27,200,
1994-07-27,1500,0.1
1994-07-27,2600,7.98
1994-07-27,500,0.01
1994-07-27,2500,8.16
1994-08-17,1500,0.36
1994-08-17,1000,0.21
1994-08-17,100,0.08
1994-08-17,2500,8.96
1994-08-17,500,0.05
1994-08-17,2600,8.75
1994-08-17,2000,4.88
1994-09-18,100,0.1
1994-09-18,500,0.22
1994-09-18,200,
1994-09-18,1000,1.11
1994-09-18,2500,7.32
1994-09-18,300,
1994-09-18,2400,6.87
1994-09-18,1500,3.1
1994-09-18,2000,5.65
1994-10-20,100,0.05
1994-10-20,1500,2.29
1994-10-20,1000,0.1
1994-10-20,2000,2.75
1994-10-20,300,
1994-10-20,2500,4.46
1994-10-20,200,
1994-10-20,2700,6.49
1994-10-20,500,0.05
1994-11-14,2600,25.15
1994-11-14,300,
1994-11-14,2000,0.49
1994-11-14,2500,16.25
1994-11-14,100,2.13
1994-11-14,200,
1994-11-14,500,2.07
1994-11-14,1500,0.92
1994-11-14,1000,1.84
1994-12-12,1500,3.0
1994-12-12,2600,3.8
1994-12-12,100,2.11
1994-12-12,2000,2.97
1994-12-12,500,2.6
1994-12-12,1000,2.83
1994-12-12,2500,3.38
1994-12-12,200,
1994-12-12,300,
1995-01-18,100,3.46
1995-01-18,2600,4.98
1995-01-18,1500,3.42
1995-01-18,1000,3.46
1995-01-18,300,
1995-01-18,200,
1995-01-18,2000,3.59
1995-01-18,2500,4.73
1995-01-18,500,3.45
1995-02-06,2600,5.4
1995-02-06,1000,4.24
1995-02-06,500,4.21
1995-02-06,200,
1995-02-06,1500,4.65
1995-02-06,2500,4.74
1995-02-06,2000,4.54
1995-02-06,100,4.24
1995-02-06,300,
1995-03-21,300,
1995-03-21,500,0.24
1995-03-21,2600,0.36
1995-03-21,2500,0.48
1995-03-21,200,
1995-03-21,1500,0.39
1995-03-21,2000,0.29
1995-03-21,1000,0.31
1995-03-21,100,0.2
1995-04-18,300,
1995-04-18,100,0.61
1995-04-18,1000,1.21
1995-04-18,1500,1.26
1995-04-18,200,
1995-04-18,500,1.1
1995-04-18,2600,9.82
1995-04-18,2000,7.26
1995-04-18,2500,9.34
1995-05-08,2500,10.3
1995-05-08,300,
1995-05-08,200,
1995-05-08,1000,0.66
1995-05-08,100,0.05
1995-05-08,2000,3.39
1995-05-08,2600,10.37
1995-05-08,1500,1.66
1995-05-08,500,0.21
1995-06-08,1000,0.24
1995-06-08,500,0.05
1995-06-08,1500,0.41
1995-06-08,2700,5.79
1995-06-08,100,0.02
1995-06-08,2000,0.85
1995-06-08,300,
1995-06-08,200,
1995-06-08,2500,5.61
1995-07-13,100,0.07
1995-07-13,2700,6.07
1995-07-13,1500,0.32
1995-07-13,2000,1.28
1995-07-13,500,0.03
1995-07-13,2500,3.45
1995-07-13,300,
1995-07-13,200,
1995-07-13,1000,0.05
1995-08-23,100,0.04
1995-08-23,2500,0.39
1995-08-23,2000,0.2
1995-08-23,1500,0.04
1995-08-23,200,
1995-08-23,2700,0.32
1995-08-23,300,
1995-08-23,500,0.02
1995-08-23,1000,0.05
1995-09-13,2500,2.31
1995-09-13,2000,0.12
1995-09-13,500,0.05
1995-09-13,300,
1995-09-13,2700,3.06
1995-09-13,1000,0.02
1995-09-13,200,
1995-09-13,1500,0.06
1995-09-13,100,0.09
1995-10-30,500,0.04
1995-10-30,1500,4.4
1995-10-30,200,
1995-10-30,100,1.59
1995-10-30,300,
1995-10-30,2000,4.48
1995-10-30,2600,5.04
1995-10-30,2500,5.03
1995-10-30,1000,0.19
1995-11-22,200,
1995-11-22,2500,
1995-11-22,100,
1995-11-22,1000,
1995-11-22,1500,
1995-11-22,2700,
1995-11-22,2000,
1995-11-22,300,
1995-11-22,500,
1995-12-13,1500,4.34
1995-12-13,2000,4.36
1995-12-13,100,4.16
1995-12-13,1000,4.19
1995-12-13,2500,4.6
1995-12-13,2600,4.52
1995-12-13,500,4.09
1995-12-13,300,
1995-12-13,200,
1996-01-17,2000,4.2
1996-01-17,1500,3.72
1996-01-17,2700,9.3
1996-01-17,100,2.85
1996-01-17,500,3.0
1996-01-17,2500,9.3
1996-01-17,1000,3.31
1996-02-29,500,
1996-02-29,100,
1996-02-29,1000,
1996-02-29,2000,
1996-02-29,1500,
1996-03-06,1000,
1996-03-06,1500,
1996-03-06,2000,
1996-03-06,300,
1996-03-06,200,
1996-03-06,500,
1996-03-06,100,
1996-03-22,1000,0.05
1996-03-22,2000,1.18
1996-03-22,100,0.06
1996-03-22,500,0.06
1996-03-22,2100,1.27
1996-03-22,1500,0.08
1996-03-23,200,
1996-03-27,100,0.15
1996-03-27,2000,1.29
1996-03-27,500,0.13
1996-03-27,1500,0.75
1996-03-27,1000,0.15
1996-03-27,200,
1996-03-28,1500,1.11
1996-03-28,2000,2.99
1996-03-28,100,0.57
1996-03-28,2500,4.46
1996-03-28,1000,0.97
1996-03-28,500,0.58
1996-03-28,2700,4.73
1996-04-02,200,
1996-04-02,1500,1.07
1996-04-02,1000,0.89
1996-04-02,2700,4.9
1996-04-02,500,0.05
1996-04-02,2000,2.79
1996-04-02,100,0.18
1996-04-02,2500,5.11
1996-04-11,2700,5.75
1996-04-11,2000,2.13
1996-04-11,100,0.13
1996-04-11,500,0.16
1996-04-11,1500,0.01
1996-04-11,1000,0.16
1996-04-11,2500,4.84
1996-05-13,2000,1.22
1996-05-13,500,0.96
1996-05-13,100,0.48
1996-05-13,1500,0.13
1996-05-13,2600,1.27
1996-05-13,2500,1.0
1996-05-13,1000,0.97
1996-06-05,1500,1.6
1996-06-05,100,0.55
1996-06-05,2000,1.51
1996-06-05,500,0.17
1996-06-05,1000,0.27
1996-06-05,2600,2.1
1996-06-05,2500,2.38
1996-06-27,1500,0.3
1996-06-27,500,0.25
1996-06-27,200,
1996-06-27,1000,0.3
1996-06-27,2500,2.2
1996-06-27,100,0.85
1996-06-27,2000,0.6
1996-07-04,1000,0.3
1996-07-04,2000,0.7
1996-07-04,1500,0.42
1996-07-04,100,0.25
1996-07-04,2500,1.35
1996-07-04,500,0.24
1996-07-04,200,
1996-07-11,200,
1996-07-11,2000,1.44
1996-07-11,300,
1996-07-11,100,0.04
1996-07-11,1000,0.1
1996-07-11,500,0.03
1996-07-11,2500,2.32
1996-07-11,1500,0.22
1996-07-18,200,
1996-07-18,1000,0.04
1996-07-18,2500,2.0
1996-07-18,100,0.11
1996-07-18,500,0.02
1996-07-18,1500,0.13
1996-07-18,300,
1996-07-18,2000,0.43
1996-07-25,300,
1996-07-25,200,
1996-07-25,500,0.12
1996-07-25,2500,1.5
1996-07-25,1500,0.13
1996-07-25,100,0.18
1996-07-25,1000,0.14
1996-07-25,2000,0.6
1996-08-02,2000,0.2
1996-08-02,100,0.1
1996-08-02,200,
1996-08-02,500,0.03
1996-08-02,1000,0.03
1996-08-02,1500,0.05
1996-08-02,2500,4.35
1996-08-02,300,
1996-08-08,500,0.15
1996-08-08,1500,0.16
1996-08-08,2500,1.28
1996-08-08,300,
1996-08-08,2000,0.26
1996-08-08,100,0.21
1996-08-08,200,
1996-08-08,1000,0.21
1996-08-15,200,
1996-08-15,1000,0.13
1996-08-15,1500,0.22
1996-08-15,2000,0.39
1996-08-15,2500,3.99
1996-08-15,300,
1996-08-15,100,0.3
1996-08-15,500,0.11
1996-08-21,1500,0.17
1996-08-21,200,
1996-08-21,500,0.15
1996-08-21,300,
1996-08-21,1000,0.23
1996-08-21,100,0.15
1996-08-21,1500,7.5
1996-08-21,2000,0.35
1996-08-29,100,
1996-08-29,1500,0.22
1996-08-29,300,
1996-08-29,200,
1996-08-29,2500,2.35
1996-08-29,1000,0.25
1996-08-29,2000,0.26
1996-08-29,500,0.2
1996-09-12,1000,0.13
1996-09-12,2500,3.89
1996-09-12,1500,0.16
1996-09-12,300,
1996-09-12,2000,1.41
1996-09-12,200,
1996-09-12,100,0.15
1996-09-12,500,0.13
1996-09-19,200,
1996-09-19,1500,0.1
1996-09-19,500,0.1
1996-09-19,2500,4.71
1996-09-19,1000,0.11
1996-09-19,300,
1996-09-19,100,0.25
1996-09-19,2000,0.13
1996-09-26,1500,0.05
1996-09-26,2000,0.22
1996-09-26,200,
1996-09-26,300,
1996-09-26,500,0.07
1996-09-26,1000,0.02
1996-09-26,2500,11.4
1996-09-26,100,0.05
1996-10-16,1000,0.13
1996-10-16,2500,9.09
1996-10-16,300,
1996-10-16,2000,10.0
1996-10-16,1500,0.06
1996-10-16,100,0.15
1996-10-16,500,0.07
1996-10-16,200,
1996-11-12,200,
1996-11-12,500,2.63
1996-11-12,100,2.62
1996-11-12,300,
1996-11-12,2000,2.18
1996-11-12,2500,1.98
1996-11-12,1500,2.76
1996-11-12,1000,2.7
1996-12-10,2500,7.73
1996-12-10,2000,4.78
1996-12-10,1500,3.58
1996-12-10,300,
1996-12-10,500,2.88
1996-12-10,200,
1996-12-10,1000,1.88
1996-12-10,100,2.9
1997-01-15,2000,3.19
1997-01-15,500,3.04
1997-01-15,200,
1997-01-15,1000,3.08
1997-01-15,300,
1997-01-15,1500,3.09
1997-01-15,100,2.95
1997-01-15,2500,3.39
1997-02-11,1000,2.3
1997-02-11,1500,2.31
1997-02-11,2000,2.31
1997-02-11,100,2.49
1997-02-11,300,
1997-02-11,500,2.3
1997-02-11,2500,2.91
1997-02-11,200,
1997-02-18,2500,0.89
1997-02-18,500,0.88
1997-02-18,200,
1997-02-18,1500,0.97
1997-02-18,2000,0.93
1997-02-18,100,0.64
1997-02-18,1000,0.99
1997-02-18,300,
1997-02-25,2000,0.56
1997-02-25,100,0.37
1997-02-25,500,0.12
1997-02-25,1000,0.01
1997-02-25,200,
1997-02-25,300,
1997-02-25,2500,0.5
1997-02-25,1500,0.01
1997-03-04,1000,0.36
1997-03-04,100,0.15
1997-03-04,1500,0.86
1997-03-04,2500,1.59
1997-03-04,2000,1.53
1997-03-04,200,
1997-03-04,300,
1997-03-04,500,0.15
1997-03-11,100,0.06
1997-03-11,200,
1997-03-11,2000,1.58
1997-03-11,1000,0.08
1997-03-11,1500,0.59
1997-03-11,500,0.05
1997-03-11,2500,2.57
1997-03-11,300,
1997-03-17,100,0.1
1997-03-17,300,
1997-03-17,500,0.04
1997-03-17,2500,2.57
1997-03-17,2000,1.59
1997-03-17,1500,0.22
1997-03-17,1000,0.06
1997-03-17,200,
1997-03-24,500,0.47
1997-03-24,1500,0.84
1997-03-24,1000,0.35
1997-03-24,2500,5.15
1997-03-24,2000,3.49
1997-03-24,300,
1997-03-24,200,
1997-03-24,100,0.43
1997-04-04,2000,2.27
1997-04-04,1500,0.92
1997-04-04,300,
1997-04-04,500,0.14
1997-04-04,2500,5.19
1997-04-04,1000,0.24
1997-04-04,200,
1997-04-04,100,0.21
1997-04-14,100,0.39
1997-04-14,2500,4.37
1997-04-14,1000,0.68
1997-04-14,1500,1.15
1997-04-14,500,0.53
1997-04-14,2000,3.85
1997-04-15,1500,
1997-04-15,2500,
1997-04-15,100,
1997-04-15,1000,
1997-04-15,300,
1997-04-15,200,
1997-04-15,2000,
1997-04-15,500,
1997-04-17,2500,4.72
1997-04-17,1000,0.5
1997-04-17,2000,2.95
1997-04-17,1500,0.97
1997-04-17,300,
1997-04-17,200,
1997-04-17,500,0.44
1997-04-17,100,0.5
1997-04-18,300,
1997-04-18,100,
1997-04-18,1500,
1997-04-18,2000,
1997-04-18,500,
1997-04-18,2500,
1997-04-18,1000,
1997-04-18,200,
1997-04-30,100,
1997-04-30,1500,1.67
1997-04-30,200,
1997-04-30,2000,3.45
1997-04-30,500,0.14
1997-04-30,1000,0.01
1997-04-30,300,
1997-04-30,2500,4.74
1997-05-06,1000,0.7
1997-05-06,500,0.27
1997-05-06,2500,5.19
1997-05-06,1500,2.61
1997-05-06,200,
1997-05-06,2000,4.14
1997-05-06,100,0.3
1997-05-06,300,
1997-05-30,2500,2.31
1997-05-30,1500,0.09
1997-05-30,1000,0.06
1997-05-30,2000,0.38
1997-05-30,100,0.02
1997-05-30,500,0.02
1997-06-05,500,0.02
1997-06-05,2000,0.27
1997-06-05,2500,1.77
1997-06-05,300,
1997-06-05,200,
1997-06-05,100,0.1
1997-06-05,1000,0.09
1997-06-05,1500,0.1
1997-06-18,2500,0.75
1997-06-18,1000,0.03
1997-06-18,1500,0.06
1997-06-18,200,
1997-06-18,500,0.01
1997-06-18,300,
1997-06-18,100,0.08
1997-06-18,2000,0.12
1997-07-02,1000,0.17
1997-07-02,300,
1997-07-02,1500,0.23
1997-07-02,100,0.16
1997-07-02,2000,0.25
1997-07-02,500,0.14
1997-07-02,2500,0.22
1997-07-02,200,
1997-07-09,300,
1997-07-09,200,
1997-07-09,2500,0.08
1997-07-09,500,0.01
1997-07-09,2000,0.08
1997-07-09,1500,0.08
1997-07-09,100,0.07
1997-07-09,1000,0.08
1997-07-15,200,
1997-07-15,1000,0.14
1997-07-15,2500,0.2
1997-07-15,2000,0.11
1997-07-15,300,
1997-07-15,500,0.26
1997-07-15,1500,0.15
1997-07-15,100,0.14
1997-07-23,2000,0.09
1997-07-23,2500,0.09
1997-07-23,1500,0.08
1997-07-23,500,0.08
1997-07-23,300,
1997-07-23,200,
1997-07-23,1000,0.04
1997-07-23,100,0.75
1997-07-30,2000,0.19
1997-07-30,1500,0.06
1997-07-30,200,
1997-07-30,500,0.06
1997-07-30,1000,0.08
1997-07-30,100,0.08
1997-07-30,300,
1997-07-30,2000,0.07
1997-08-05,1000,0.05
1997-08-05,300,
1997-08-05,100,0.1
1997-08-05,2000,0.06
1997-08-05,500,0.1
1997-08-05,200,
1997-08-05,1500,0.07
1997-08-05,2500,0.04
1997-08-12,100,0.15
1997-08-12,1000,0.12
1997-08-12,2500,0.07
1997-08-12,500,0.09
1997-08-12,200,
1997-08-12,2000,0.12
1997-08-12,1500,0.08
1997-08-12,300,
1997-08-18,1000,
1997-08-18,2000,
1997-08-18,1500,
1997-08-18,2500,0.13
1997-08-18,300,
1997-08-18,200,
1997-08-18,100,0.11
1997-08-18,500,
1997-08-25,100,0.12
1997-08-25,500,0.12
1997-08-25,1000,0.16
1997-08-25,2500,1.08
1997-08-25,1500,0.14
1997-08-25,200,
1997-08-25,300,
1997-08-25,2000,0.08
1997-09-01,500,0.13
1997-09-01,300,
1997-09-01,1500,0.13
1997-09-01,2500,0.59
1997-09-01,100,0.11
1997-09-01,200,
1997-09-01,2000,0.13
1997-09-01,1000,0.13
1997-09-08,500,0.03
1997-09-08,2000,0.03
1997-09-08,200,
1997-09-08,1500,0.09
1997-09-08,1500,2.21
1997-09-08,100,0.08
1997-09-08,1000,0.05
1997-09-08,300,
1997-09-18,500,0.23
1997-09-18,200,
1997-09-18,100,0.35
1997-09-18,1000,1.45
1997-09-18,2500,
1997-09-18,1500,1.8
1997-09-18,300,
1997-09-18,2000,3.57
1997-09-25,2400,11.3
1997-09-25,1400,3.14
1997-09-25,900,0.63
1997-09-25,400,0.08
1997-09-25,300,
1997-09-25,100,0.16
1997-09-25,200,
1997-09-25,1900,4.78
1997-10-22,2500,9.6
1997-10-22,1500,1.33
1997-10-22,200,
1997-10-22,100,0.26
1997-10-22,300,
1997-10-22,1000,0.34
1997-10-22,2000,6.43
1997-10-22,500,0.35
1997-11-13,500,4.0
1997-11-13,200,
1997-11-13,2000,6.36
1997-11-13,1000,3.3
1997-11-13,300,
1997-11-13,1500,5.26
1997-11-13,2500,12.0
1997-11-13,100,2.69
1997-12-10,200,
1997-12-10,1000,4.18
1997-12-10,2000,5.24
1997-12-10,1500,4.77
1997-12-10,100,3.41
1997-12-10,300,
1997-12-10,2500,6.59
1997-12-10,500,3.47
1998-01-14,2000,0.94
1998-01-14,100,3.02
1998-01-14,1500,1.37
1998-01-14,1000,3.66
1998-01-14,2500,1.02
1998-01-14,500,3.01
1998-01-14,200,
1998-01-14,300,
1998-02-12,100,1.25
1998-02-12,2500,1.89
1998-02-12,2000,1.78
1998-02-12,1500,1.72
1998-02-12,300,
1998-02-12,200,
1998-02-12,500,1.18
1998-02-12,1000,1.67
1998-02-25,2500,1.56
1998-02-25,1000,0.8
1998-02-25,100,0.17
1998-02-25,2000,1.59
1998-02-25,500,0.08
1998-02-25,200,
1998-02-25,1500,1.06
1998-02-25,300,
1998-03-11,2500,0.36
1998-03-11,200,
1998-03-11,2000,0.36
1998-03-11,300,
1998-03-11,1000,0.02
1998-03-11,1500,0.02
1998-03-11,500,0.08
1998-03-11,100,0.25
1998-03-26,200,
1998-03-26,1000,0.17
1998-03-26,500,0.16
1998-03-26,100,0.06
1998-03-26,2500,1.59
1998-03-26,300,
1998-03-26,1500,0.15
1998-03-26,2000,0.44
1998-04-01,2000,0.48
1998-04-01,100,0.17
1998-04-01,2500,8.05
1998-04-01,500,0.03
1998-04-01,1000,0.05
1998-04-01,1500,0.15
1998-04-01,200,
1998-04-01,300,
1998-04-22,300,
1998-04-22,2000,2.31
1998-04-22,1000,0.09
1998-04-22,200,
1998-04-22,2500,13.28
1998-04-22,100,0.08
1998-04-22,1500,0.53
1998-04-22,500,0.01
1998-05-11,100,5.19
1998-05-11,200,
1998-05-11,1400,2.95
1998-05-11,400,4.94
1998-05-11,900,0.12
1998-05-11,300,
1998-05-11,2400,7.4
1998-05-11,1900,8.76
1998-06-10,300,
1998-06-10,2500,17.0
1998-06-10,1000,0.02
1998-06-10,1500,0.12
1998-06-10,100,0.03
1998-06-10,2000,5.81
1998-06-10,500,0.02
1998-06-10,200,
1998-06-25,2000,10.8
1998-06-25,100,0.02
1998-06-25,500,0.06
1998-06-25,1000,0.08
1998-06-25,300,
1998-06-25,2500,6.86
1998-06-25,1500,1.42
1998-06-25,200,
1998-07-02,200,
1998-07-02,500,0.01
1998-07-02,2500,11.6
1998-07-02,300,
1998-07-02,100,0.02
1998-07-02,1000,0.0
1998-07-02,1500,0.04
1998-07-02,2000,14.5
1998-07-08,2500,11.7
1998-07-08,100,0.06
1998-07-08,300,
1998-07-08,500,0.08
1998-07-08,2000,0.18
1998-07-08,1000,0.06
1998-07-08,1500,0.1
1998-07-08,200,
1998-07-15,100,0.03
1998-07-15,300,
1998-07-15,200,
1998-07-15,500,0.03
1998-07-15,1500,0.05
1998-07-15,2000,0.83
1998-07-15,1000,0.06
1998-07-15,2500,4.68
1998-07-22,200,
1998-07-22,300,
1998-07-22,2500,6.35
1998-07-22,500,0.04
1998-07-22,1500,0.01
1998-07-22,100,0.08
1998-07-22,1000,0.06
1998-07-22,2000,0.09
1998-07-29,1000,0.04
1998-07-29,300,
1998-07-29,2500,2.83
1998-07-29,200,
1998-07-29,2000,0.08
1998-07-29,100,0.08
1998-07-29,500,0.04
1998-07-29,1500,0.04
1998-08-11,1000,0.09
1998-08-11,100,0.11
1998-08-11,500,0.1
1998-08-11,200,
1998-08-11,2500,1.66
1998-08-11,300,
1998-08-11,1500,0.06
1998-08-11,2000,0.07
1998-08-19,1500,0.06
1998-08-19,200,
1998-08-19,2000,0.1
1998-08-19,300,
1998-08-19,2500,1.73
1998-08-19,500,0.06
1998-08-19,1000,0.03
1998-08-19,100,0.07
1998-08-26,1000,
1998-08-26,1500,
1998-08-26,2500,
1998-08-26,200,
1998-08-26,2000,
1998-08-26,500,
1998-08-26,300,
1998-08-26,100,2.85
1998-09-01,2000,21.5
1998-09-01,1500,7.8
1998-09-01,500,1.88
1998-09-01,1000,2.26
1998-09-01,100,0.77
1998-09-08,200,
1998-09-08,500,0.1
1998-09-08,1900,0.12
1998-09-08,300,
1998-09-08,100,0.08
1998-09-08,2400,3.97
1998-09-08,1400,0.1
1998-09-08,900,0.11
1998-09-16,200,
1998-09-16,2000,0.03
1998-09-16,1500,0.02
1998-09-16,500,0.03
1998-09-16,2500,9.55
1998-09-16,1000,0.03
1998-09-16,300,
1998-09-16,100,0.0
1998-09-21,2000,0.07
1998-09-21,100,0.17
1998-09-21,300,
1998-09-21,1500,0.12
1998-09-21,500,0.13
1998-09-21,200,
1998-09-21,1000,0.1
1998-09-21,2500,16.3
1998-10-15,2500,2.65
1998-10-15,100,1.56
1998-10-15,2000,1.8
1998-10-15,509,1.48
1998-10-15,300,
1998-10-15,1000,1.38
1998-10-15,1500,1.53
1998-10-15,200,
1998-11-03,1510,1.88
1998-11-03,200,
1998-11-03,110,0.15
1998-11-03,2500,3.47
1998-11-03,300,
1998-11-03,2000,2.55
1998-11-03,509,0.17
1998-11-03,1010,0.27
1998-12-08,300,
1998-12-08,1000,0.82
1998-12-08,2500,10.04
1998-12-08,2000,2.11
1998-12-08,200,
1998-12-08,500,0.77
1998-12-08,1500,0.81
1998-12-08,100,0.95
1999-01-26,2000,2.7
1999-01-26,1500,2.51
1999-01-26,2500,3.6
1999-01-26,500,1.73
1999-01-26,100,1.69
1999-01-26,1000,2.05
1999-02-12,1500,0.87
1999-02-12,2500,2.44
1999-02-12,1000,0.7
1999-02-12,2000,1.77
1999-02-12,500,0.64
1999-02-12,100,0.72
1999-03-25,100,0.11
1999-03-25,1000,0.25
1999-03-25,500,0.05
1999-03-25,2500,4.47
1999-03-25,2000,0.72
1999-03-25,1500,0.43
1999-04-27,500,2.36
1999-04-27,2500,7.68
1999-04-27,1000,1.24
1999-04-27,2000,5.14
1999-04-27,100,2.3
1999-04-27,1500,2.53
1999-05-25,2000,4.54
1999-05-25,500,0.15
1999-05-25,2500,28.6
1999-05-25,1500,0.93
1999-05-25,100,0.05
1999-05-25,1000,0.06
1999-06-18,2000,1.28
1999-06-18,2500,0.6
1999-06-18,100,0.07
1999-06-18,1000,0.11
1999-06-18,500,0.18
1999-06-18,1500,0.12
1999-07-15,1000,0.01
1999-07-15,100,0.07
1999-07-15,500,0.05
1999-07-15,2000,0.05
1999-07-15,1500,0.06
1999-07-15,2500,0.95
1999-08-17,500,0.02
1999-08-17,1000,0.04
1999-08-17,1500,0.05
1999-08-17,100,0.07
1999-08-17,2500,4.25
1999-08-17,2000,0.02
1999-09-17,1000,0.1
1999-09-17,100,0.15
1999-09-17,1500,0.06
1999-09-17,500,0.08
1999-09-17,2000,0.06
1999-09-17,2500,6.41
1999-10-18,500,0.2
1999-10-18,2500,6.59
1999-10-18,1000,0.05
1999-10-18,2000,4.56
1999-10-18,1500,5.19
1999-10-18,100,0.32
1999-11-16,100,0.08
1999-11-16,2000,1.02
1999-11-16,2500,7.7
1999-11-16,500,0.09
1999-11-16,1500,0.09
1999-11-16,1000,0.03
1999-12-15,1000,4.17
1999-12-15,2000,4.44
1999-12-15,2500,2.9
1999-12-15,500,4.29
1999-12-15,1500,4.26
1999-12-15,100,4.54
2000-01-18,2500,4.84
2000-01-18,1000,4.84
2000-01-18,100,4.99
2000-01-18,1500,4.93
2000-01-18,500,4.95
2000-01-18,2000,4.9
2000-02-08,2500,5.81
2000-02-08,500,5.68
2000-02-08,1000,5.57
2000-02-08,1500,5.88
2000-02-08,100,5.54
2000-02-08,2000,5.74
2000-03-15,1500,2.55
2000-03-15,1000,2.95
2000-03-15,500,2.77
2000-03-15,100,3.22
2000-03-15,2500,2.19
2000-03-15,2000,2.45
2000-04-17,100,0.57
2000-04-17,500,0.45
2000-04-17,2000,4.89
2000-04-17,1500,2.85
2000-04-17,1000,0.72
2000-04-17,2500,5.72
2000-05-17,1000,0.01
2000-05-17,1500,0.02
2000-05-17,100,0.05
2000-05-17,2500,7.05
2000-05-17,2000,2.73
2000-05-17,500,0.06
2000-06-28,2500,0.46
2000-06-28,100,0.08
2000-06-28,2000,0.06
2000-06-28,1500,0.09
2000-06-28,1000,0.06
2000-06-28,500,0.07
2000-07-12,1500,0.08
2000-07-12,2500,0.73
2000-07-12,100,0.15
2000-07-12,1000,0.03
2000-07-12,500,0.1
2000-07-12,2000,0.09
2000-08-08,1500,0.04
2000-08-08,2000,0.03
2000-08-08,500,0.02
2000-08-08,2500,0.58
2000-08-08,100,0.03
2000-08-08,1000,0.06
2000-09-27,1500,0.23
2000-09-27,1000,0.04
2000-09-27,2000,1.35
2000-09-27,2500,8.14
2000-09-27,100,0.04
2000-09-27,500,0.02
2000-10-24,2500,11.8
2000-10-24,1000,0.09
2000-10-24,2000,3.91
2000-10-24,1500,0.46
2000-10-24,500,0.04
2000-10-24,100,0.21
2000-11-28,1000,1.38
2000-11-28,100,1.26
2000-11-28,1500,1.22
2000-11-28,2500,9.56
2000-11-28,500,1.4
2000-11-28,2000,1.81
2000-12-18,2500,4.62
2000-12-18,1500,3.13
2000-12-18,1000,2.48
2000-12-18,100,1.28
2000-12-18,2000,3.68
2000-12-18,500,1.15
2001-01-16,500,1.66
2001-01-16,1500,1.2
2001-01-16,2000,3.26
2001-01-16,1000,1.05
2001-01-16,2500,4.72
2001-01-16,100,1.7
2001-02-15,500,0.71
2001-02-15,2000,2.28
2001-02-15,1000,0.68
2001-02-15,1500,1.22
2001-02-15,2500,3.26
2001-02-15,100,0.58
2001-03-13,2000,2.09
2001-03-13,500,0.19
2001-03-13,1500,0.9
2001-03-13,1000,0.23
2001-03-13,100,0.24
2001-03-13,2500,2.03
2001-04-18,1000,0.01
2001-04-18,2500,11.09
2001-04-18,500,0.11
2001-04-18,100,0.18
2001-04-18,2000,0.75
2001-04-18,1500,0.11
2001-05-31,2000,5.28
2001-05-31,1000,0.12
2001-05-31,1500,0.1
2001-05-31,100,0.08
2001-05-31,2500,6.98
2001-05-31,500,0.1
2001-06-28,500,0.13
2001-06-28,2500,6.14
2001-06-28,1500,0.3
2001-06-28,1000,0.07
2001-06-28,100,0.27
2001-06-28,2000,0.2
2001-07-11,100,0.28
2001-07-11,500,0.21
2001-07-11,2000,0.23
2001-07-11,2500,3.13
2001-07-11,1500,0.11
2001-07-11,1000,0.25
2001-08-09,500,2.25
2001-08-09,1500,0.05
2001-08-09,100,5.46
2001-08-09,1000,0.32
2001-08-09,2000,0.23
2001-08-09,2500,0.8
2001-09-10,100,0.3
2001-09-10,1500,0.07
2001-09-10,500,0.16
2001-09-10,1000,0.1
2001-09-10,2000,0.24
2001-09-10,2500,17.1
2001-10-16,1000,0.15
2001-10-16,2500,33.1
2001-10-16,100,0.07
2001-10-16,2000,1.52
2001-10-16,1500,0.07
2001-10-16,500,0.18
2001-11-06,2500,0.93
2001-11-06,2000,1.04
2001-11-06,1000,1.61
2001-11-06,100,30.3
2001-11-06,1500,1.21
2001-11-06,500,8.65
2001-12-13,500,6.52
2001-12-13,1000,3.54
2001-12-13,1500,1.45
2001-12-13,2000,1.36
2001-12-13,2500,1.38
2001-12-13,100,10.17
2002-01-08,100,1.87
2002-01-08,500,2.0
2002-01-08,1500,3.16
2002-01-08,1000,2.21
2002-01-08,2000,5.64
2002-01-08,2500,10.73
2002-02-21,2500,2.36
2002-02-21,2000,1.37
2002-02-21,500,1.27
2002-02-21,100,1.26
2002-02-21,1500,1.29
2002-02-21,1000,1.37
2002-03-11,2500,0.97
2002-03-11,500,0.41
2002-03-11,100,0.58
2002-03-11,2000,0.48
2002-03-11,1500,0.59
2002-03-11,1000,0.49
2002-04-10,1500,0.07
2002-04-10,2500,1.4
2002-04-10,2000,0.49
2002-04-10,500,0.14
2002-04-10,100,0.19
2002-04-10,1000,0.11
2002-05-21,2000,7.24
2002-05-21,100,0.17
2002-05-21,2500,10.88
2002-05-21,1500,0.08
2002-05-21,1000,0.14
2002-05-21,500,0.16
2002-06-18,100,0.64
2002-06-18,500,0.67
2002-06-18,1000,0.61
2002-06-18,2000,0.88
2002-06-18,2500,0.67
2002-06-18,1500,0.7
2002-07-09,1500,0.07
2002-07-09,2000,1.25
2002-07-09,500,0.02
2002-07-09,2500,5.74
2002-07-09,100,0.14
2002-07-09,1000,0.05
2002-08-20,2500,15.05
2002-08-20,100,0.4
2002-08-20,500,0.04
2002-08-20,1500,0.05
2002-08-20,1000,0.19
2002-08-20,2000,0.13
2002-09-17,500,1.47
2002-09-17,2500,9.47
2002-09-17,100,1.54
2002-09-17,1000,1.32
2002-09-17,2000,6.9
2002-09-17,1500,1.25
2002-10-15,1000,0.94
2002-10-15,1500,2.17
2002-10-15,2500,29.6
2002-10-15,100,0.3
2002-10-15,500,0.25
2002-10-15,2000,15.0
2002-11-19,1000,0.78
2002-11-19,500,0.68
2002-11-19,1500,1.09
2002-11-19,2500,17.6
2002-11-19,2000,16.95
2002-11-19,100,0.75
2002-12-17,1000,4.25
2002-12-17,2500,4.27
2002-12-17,2000,3.91
2002-12-17,100,4.23
2002-12-17,1500,4.19
2002-12-17,500,3.95
2003-01-23,1500,2.17
2003-01-23,100,3.98
2003-01-23,1000,2.38
2003-01-23,2000,1.62
2003-01-23,500,3.4
2003-01-23,2500,1.96
2003-02-18,100,0.12
2003-02-18,500,0.23
2003-02-18,1000,0.08
2003-02-18,2500,2.33
2003-02-18,1500,1.06
2003-02-18,2000,1.86
2003-03-11,2500,0.36
2003-03-11,100,0.26
2003-03-11,500,0.25
2003-03-11,2000,0.25
2003-03-11,1500,0.12
2003-03-11,1000,0.1
2003-04-24,100,0.24
2003-04-24,2500,4.3
2003-04-24,500,0.25
2003-04-24,1500,0.28
2003-04-24,2000,1.19
2003-04-24,1000,0.24
2003-05-13,1500,0.43
2003-05-13,2000,2.03
2003-05-13,500,0.25
2003-05-13,1000,0.22
2003-05-13,2500,4.27
2003-05-13,100,0.2
2003-06-17,2500,1.4
2003-06-17,500,0.11
2003-06-17,100,0.29
2003-06-17,2000,0.22
2003-06-17,1500,0.15
2003-06-17,1000,0.05
2003-07-15,2000,0.33
2003-07-15,1500,0.24
2003-07-15,1000,0.17
2003-07-15,2500,1.58
2003-07-15,100,0.27
2003-07-15,500,0.22
2003-08-13,500,0.15
2003-08-13,100,0.1
2003-08-13,1500,0.12
2003-08-13,2500,6.18
2003-08-13,2000,0.05
2003-08-13,1000,0.16
2003-09-08,1000,0.23
2003-09-08,2500,17.4
2003-09-08,500,0.2
2003-09-08,1500,0.18
2003-09-08,2000,0.07
2003-09-08,100,0.22
2003-10-14,2500,22.25
2003-10-14,2000,8.18
2003-10-14,500,0.18
2003-10-14,1000,0.05
2003-10-14,100,0.25
2003-10-14,1500,0.11
2003-11-12,1500,2.22
2003-11-12,500,0.78
2003-11-12,2500,5.7
2003-11-12,2000,4.76
2003-11-12,100,0.99
2003-11-12,1000,0.79
2003-12-04,1000,3.07
2003-12-04,2500,14.65
2003-12-04,500,1.68
2003-12-04,2000,5.52
2003-12-04,1500,3.79
2003-12-04,100,1.72
2004-01-20,2500,2.89
2004-01-20,1500,1.18
2004-01-20,500,1.1
2004-01-20,1000,1.01
2004-01-20,100,1.05
2004-01-20,2000,1.37
2004-02-18,1000,0.16
2004-02-18,500,0.16
2004-02-18,2500,3.32
2004-02-18,100,0.12
2004-02-18,1500,0.26
2004-02-18,2000,1.59
2004-03-16,100,0.17
2004-03-16,2000,0.35
2004-03-16,2500,0.27
2004-03-16,1500,0.23
2004-03-16,1000,0.25
2004-03-16,500,0.19
2004-04-15,2500,3.91
2004-04-15,1000,0.1
2004-04-15,100,0.04
2004-04-15,1500,0.06
2004-04-15,500,0.14
2004-04-15,2000,0.18
2004-05-11,500,0.12
2004-05-11,2000,3.34
2004-05-11,100,0.19
2004-05-11,1500,0.08
2004-05-11,2500,16.65
2004-05-11,1000,0.1
2004-06-21,1500,2.57
2004-06-21,2500,5.69
2004-06-21,500,0.3
2004-06-21,2000,4.42
2004-06-21,1000,1.3
2004-06-21,100,0.17
2004-07-13,1000,0.05
2004-07-13,2500,6.17
2004-07-13,500,0.11
2004-07-13,1500,0.38
2004-07-13,2000,3.02
2004-07-13,100,0.15
2004-08-10,2000,0.97
2004-08-10,500,1.2
2004-08-10,1500,0.94
2004-08-10,1000,1.81
2004-08-10,2500,1.33
2004-08-10,100,1.34
2004-09-13,1000,0.14
2004-09-13,1500,0.1
2004-09-13,100,0.05
2004-09-13,2000,0.02
2004-09-13,2500,0.02
2004-09-13,500,0.13
2004-10-13,1000,0.96
2004-10-13,500,0.16
2004-10-13,2000,2.71
2004-10-13,2500,4.34
2004-10-13,1500,2.77
2004-10-13,100,0.12
2004-11-09,2500,9.94
2004-11-09,2000,2.46
2004-11-09,100,0.01
2004-11-09,1500,0.79
2004-11-09,1000,0.11
2004-11-09,500,0.0
2004-12-15,500,0.98
2004-12-15,2500,13.3
2004-12-15,100,1.2
2004-12-15,2000,1.04
2004-12-15,1000,1.01
2004-12-15,1500,1.13
2005-01-18,100,1.88
2005-01-18,2000,1.28
2005-01-18,2500,1.3
2005-01-18,500,1.82
2005-01-18,1000,1.73
2005-01-18,1500,1.62
2005-02-22,1500,0.71
2005-02-22,2500,3.86
2005-02-22,1000,0.18
2005-02-22,500,0.34
2005-02-22,2000,2.11
2005-02-22,100,0.77
2005-03-29,1500,0.2
2005-03-29,2000,0.1
2005-03-29,500,0.22
2005-03-29,1000,0.15
2005-03-29,2500,5.19
2005-03-29,100,0.29
2005-04-26,1000,0.31
2005-04-26,100,0.41
2005-04-26,500,0.3
2005-04-26,2500,8.69
2005-04-26,2000,9.43
2005-04-26,1500,0.2
2005-05-20,500,0.2
2005-05-20,2500,4.92
2005-05-20,2000,4.96
2005-05-20,1000,8.12
2005-05-20,100,0.08
2005-05-20,1500,3.65
2005-06-21,2500,0.51
2005-06-21,100,0.26
2005-06-21,2000,0.01
2005-06-21,1000,0.22
2005-06-21,1500,0.21
2005-06-21,500,0.25
2005-07-28,100,0.25
2005-07-28,1000,0.47
2005-07-28,500,0.27
2005-07-28,2500,0.58
2005-07-28,2000,0.37
2005-07-28,1500,0.33
2005-08-11,2000,1.51
2005-08-11,1000,0.12
2005-08-11,1500,0.1
2005-08-11,100,0.11
2005-08-11,2500,2.5
2005-08-11,500,0.15
2005-09-14,1500,0.23
2005-09-14,2500,10.65
2005-09-14,100,0.19
2005-09-14,1000,0.15
2005-09-14,2000,0.32
2005-09-14,500,0.07
2005-10-26,500,0.09
2005-10-26,2000,5.12
2005-10-26,2500,40.95
2005-10-26,100,0.09
2005-10-26,1000,0.12
2005-10-26,1500,0.31
2005-11-15,500,4.37
2005-11-15,1500,6.15
2005-11-15,1000,5.87
2005-11-15,2000,5.72
2005-11-15,100,4.86
2005-11-15,2500,3.06
2005-12-13,2000,3.94
2005-12-13,100,0.48
2005-12-13,1500,1.3
2005-12-13,2500,13.0
2005-12-13,500,0.48
2005-12-13,1000,1.21
2006-01-17,1500,1.75
2006-01-17,100,9.35
2006-01-17,1000,2.98
2006-01-17,2500,1.15
2006-01-17,2000,1.11
2006-01-17,500,5.61
2006-02-14,100,0.2
2006-02-14,2000,2.2
2006-02-14,1500,0.87
2006-02-14,1000,0.06
2006-02-14,2500,5.02
2006-02-14,500,0.23
2006-03-14,1000,0.05
2006-03-14,500,0.03
2006-03-14,2500,0.36
2006-03-14,2000,0.14
2006-03-14,1500,0.19
2006-03-14,100,0.11
2006-04-21,2500,2.83
2006-04-21,500,0.08
2006-04-21,1000,0.69
2006-04-21,2000,0.49
2006-04-21,1500,0.89
2006-04-21,100,0.09
2006-05-17,2000,4.12
2006-05-17,1500,0.49
2006-05-17,1000,0.09
2006-05-17,2500,20.9
2006-05-17,100,0.12
2006-05-17,500,0.04
2006-06-21,1000,0.02
2006-06-21,100,0.08
2006-06-21,2000,1.75
2006-06-21,1500,0.02
2006-06-21,2500,3.35
2006-06-21,500,0.03
2006-07-27,1000,0.32
2006-07-27,100,0.17
2006-07-27,2000,1.03
2006-07-27,1500,0.22
2006-07-27,2500,4.44
2006-07-27,500,0.11
2006-08-17,2500,4.24
2006-08-17,2000,1.16
2006-08-17,1000,1.47
2006-08-17,100,0.24
2006-08-17,1500,1.47
2006-08-17,500,0.24
2006-09-20,2000,0.91
2006-09-20,2500,0.9
2006-09-20,1500,0.42
2006-09-20,100,0.64
2006-09-20,500,0.71
2006-09-20,1000,0.53
2006-10-11,2500,
2006-10-11,100,
2006-10-11,1000,
2006-10-11,500,
2006-10-11,1500,
2006-10-11,2000,
2006-11-14,500,0.23
2006-11-14,1500,0.4
2006-11-14,1000,0.29
2006-11-14,2000,3.55
2006-11-14,100,0.35
2006-11-14,2500,6.69
2006-12-12,2500,2.14
2006-12-12,1000,1.24
2006-12-12,500,0.74
2006-12-12,100,0.88
2006-12-12,1500,1.5
2006-12-12,2000,1.67
2007-02-22,2500,2.09
2007-02-22,2000,2.0
2007-02-22,1000,1.23
2007-02-22,1500,1.83
2007-02-22,500,0.86
2007-02-22,100,0.79
2007-03-15,2500,2.34
2007-03-15,100,0.14
2007-03-15,1000,0.18
2007-03-15,1500,0.44
2007-03-15,500,0.11
2007-03-15,2000,1.07
2007-04-05,1000,0.02
2007-04-05,500,0.01
2007-04-05,100,0.02
2007-04-05,2500,1.56
2007-04-05,2000,0.97
2007-04-05,1500,0.01
2007-05-04,500,
2007-05-04,1000,
2007-05-04,2500,
2007-05-04,1500,
2007-05-04,100,
2007-05-04,2000,
2007-05-14,1500,
2007-05-14,100,
2007-05-14,2000,
2007-05-14,2500,
2007-05-14,1000,
2007-05-14,500,
2007-06-14,1500,0.1
2007-06-14,100,0.09
2007-06-14,2000,0.07
2007-06-14,1000,0.01
2007-06-14,500,0.01
2007-06-14,2500,9.36
2007-07-12,100,0.67
2007-07-12,1000,0.39
2007-07-12,1500,1.06
2007-07-12,500,0.36
2007-07-12,2000,1.4
2007-07-12,2500,7.21
2007-08-16,500,0.11
2007-08-16,1500,0.21
2007-08-16,2500,2.16
2007-08-16,100,0.03
2007-08-16,1000,0.13
2007-08-16,2000,0.41
2007-09-12,2500,9.2
2007-09-12,100,0.03
2007-09-12,1500,0.04
2007-09-12,500,0.01
2007-09-12,1000,0.01
2007-09-12,2000,0.06
2007-10-16,2000,5.65
2007-10-16,100,0.01
2007-10-16,500,0.03
2007-10-16,1500,0.1
2007-10-16,2500,7.29
2007-10-16,1000,0.03
2007-11-13,500,0.05
2007-11-13,2500,0.75
2007-11-13,2000,0.02
2007-11-13,1500,0.02
2007-11-13,100,0.04
2007-11-13,1000,0.07
2007-12-11,100,1.13
2007-12-11,2500,3.1
2007-12-11,1000,1.25
2007-12-11,1500,1.26
2007-12-11,500,1.09
2007-12-11,2000,1.65
2008-01-17,1500,1.21
2008-01-17,2500,1.14
2008-01-17,100,1.04
2008-01-17,1000,1.23
2008-01-17,500,1.11
2008-01-17,2000,1.2
2008-02-19,1500,0.09
2008-02-19,500,0.14
2008-02-19,2000,0.79
2008-02-19,100,0.03
2008-02-19,1000,0.15
2008-02-19,2500,1.53
2008-04-16,100,0.08
2008-04-16,1500,0.05
2008-04-16,1000,0.04
2008-04-16,500,0.08
2008-04-16,2000,0.09
2008-04-16,2500,5.52
2008-05-20,500,0.01
2008-05-20,1500,0.06
2008-05-20,2500,8.0
2008-05-20,100,0.03
2008-05-20,2000,0.97
2008-05-20,1000,0.05
2008-06-24,1000,0.15
2008-06-24,1500,0.09
2008-06-24,2500,0.97
2008-06-24,2000,0.12
2008-06-24,500,0.14
2008-06-24,100,0.12
2008-07-09,500,0.09
2008-07-09,1000,0.05
2008-07-09,100,0.05
2008-07-09,1500,0.02
2008-07-09,2500,0.93
2008-07-09,2000,0.01
2008-08-19,500,0.23
2008-08-19,1000,0.07
2008-08-19,2500,0.7
2008-08-19,1500,0.09
2008-08-19,2000,0.02
2008-08-19,100,0.39
2008-09-15,2500,
2008-09-15,1500,
2008-09-15,100,
2008-09-15,500,
2008-09-15,1000,
2008-09-15,2000,
2008-09-16,2500,
2008-09-16,500,
2008-09-16,1000,
2008-09-16,100,
2008-09-16,2000,
2008-09-16,1500,
2008-09-17,100,
2008-09-17,1500,
2008-09-17,2000,
2008-09-17,1000,
2008-09-17,500,
2008-09-17,2500,
2008-09-18,2500,
2008-09-18,1500,
2008-09-18,1000,
2008-09-18,500,
2008-09-18,2000,
2008-09-18,100,
2008-10-27,1500,1.58
2008-10-27,2000,0.95
2008-10-27,2500,0.85
2008-10-27,100,0.9
2008-10-27,1000,1.55
2008-10-27,500,0.63
2008-11-17,100,0.39
2008-11-17,500,0.43
2008-11-17,1500,1.03
2008-11-17,2500,2.44
2008-11-17,2000,2.09
2008-11-17,1000,0.45
2008-12-08,500,
2008-12-08,1000,
2008-12-08,100,
2008-12-08,2500,
2008-12-08,1500,
2008-12-08,2000,
2009-01-19,1500,0.75
2009-01-19,2500,0.64
2009-01-19,500,0.77
2009-01-19,100,0.75
2009-01-19,2000,0.62
2009-01-19,1000,0.74
2009-01-19,100,0.75
2009-01-19,500,0.77
2009-01-19,1000,0.74
2009-01-19,1500,0.75
2009-01-19,2000,0.62
2009-01-19,2500,0.64
2009-02-10,100,0.33
2009-02-10,500,0.27
2009-02-10,1000,0.25
2009-02-10,1500,0.27
2009-02-10,2000,0.71
2009-02-10,2500,1.09
2009-03-02,100,0.0
2009-03-02,500,0.07
2009-03-02,1000,0.15
2009-03-02,1500,0.6
2009-03-02,2000,1.66
2009-03-02,2500,2.18
2009-04-24,100,0.04
2009-04-24,500,0.01
2009-04-24,1000,0.03
2009-04-24,1500,0.04
2009-04-24,2000,0.17
2009-04-24,2500,4.68
2009-05-20,100,0.01
2009-05-20,500,0.02
2009-05-20,1000,0.03
2009-05-20,1500,0.03
2009-05-20,2000,0.3
2009-05-20,2500,2.54
2009-06-23,100,0.11
2009-06-23,500,0.09
2009-06-23,1000,0.09
2009-06-23,1500,0.05
2009-06-23,2000,0.04
2009-06-23,2500,0.33
2009-07-14,100,0.01
2009-07-14,500,0.11
2009-07-14,1000,0.07
2009-07-14,1500,0.1
2009-07-14,2000,0.14
2009-07-14,2500,1.52
2009-08-20,100,0.15
2009-08-20,500,0.1
2009-08-20,1000,0.14
2009-08-20,1500,0.05
2009-08-20,2000,0.01
2009-08-20,2500,1.0
2009-09-15,100,0.09
2009-09-15,500,0.01
2009-09-15,1000,0.03
2009-09-15,1500,0.05
2009-09-15,2000,1.2
2009-09-15,2500,4.86
2009-10-19,100,0.09
2009-10-19,500,0.07
2009-10-19,1000,0.11
2009-10-19,1500,0.17
2009-10-19,2000,0.26
2009-10-19,2500,0.63
2009-11-04,0,
2009-12-15,100,0.03
2009-12-15,500,0.02
2009-12-15,1000,0.03
2009-12-15,1500,0.96
2009-12-15,2000,1.57
2009-12-15,2500,3.08
2010-01-19,100,0.37
2010-01-19,500,0.33
2010-01-19,1000,0.34
2010-01-19,1500,0.39
2010-01-19,2000,2.01
2010-01-19,2500,4.19
2010-02-11,0,
2010-03-19,100,0.17
2010-03-19,500,0.12
2010-03-19,1000,0.1
2010-03-19,1500,0.9
2010-03-19,2000,2.64
2010-03-19,2500,2.25
2010-04-26,100,0.06
2010-04-26,500,0.02
2010-04-26,1000,0.16
2010-04-26,1500,0.74
2010-04-26,2000,2.24
2010-04-26,2500,3.2
2010-05-19,100,0.09
2010-05-19,500,0.06
2010-05-19,1000,0.03
2010-05-19,1500,0.18
2010-05-19,2000,6.42
2010-05-19,2500,9.76
2010-06-02,100,0.11
2010-06-02,500,0.09
2010-06-02,1000,0.08
2010-06-02,1500,0.09
2010-06-02,2000,0.89
2010-06-02,2500,9.51
2010-07-01,100,0.11
2010-07-01,500,0.11
2010-07-01,1000,0.16
2010-07-01,1500,0.08
2010-07-01,2000,1.3
2010-07-01,2500,10.34
2010-08-10,100,0.15
2010-08-10,500,0.13
2010-08-10,1000,0.09
2010-08-10,1500,0.04
2010-08-10,2000,0.01
2010-08-10,2500,5.1
2010-09-21,100,0.07
2010-09-21,500,0.04
2010-09-21,1000,0.06
2010-09-21,1500,0.3
2010-09-21,2000,2.53
2010-09-21,2500,4.25
2010-10-13,100,0.02
2010-10-13,500,0.0
2010-10-13,1000,0.05
2010-10-13,1500,0.09
2010-10-13,2000,0.09
2010-10-13,2500,2.91
2010-11-16,100,0.78
2010-11-16,500,1.08
2010-11-16,1000,1.48
2010-11-16,1500,1.62
2010-11-16,2000,1.23
2010-11-16,2500,1.32
2010-12-03,0,
2011-01-19,0,
2011-02-18,100,
2011-02-18,500,
2011-02-18,1000,
2011-02-18,1500,
2011-02-18,2000,
2011-02-18,2500,
2011-03-08,100,0.12
2011-03-08,500,0.1
2011-03-08,1000,0.21
2011-03-08,1500,0.53
2011-03-08,2000,1.0
2011-03-08,2500,1.87
2011-04-19,100,0.1
2011-04-19,500,0.04
2011-04-19,1000,0.43
2011-04-19,1500,0.84
2011-04-19,2000,1.34
2011-04-19,2500,1.31
2011-05-13,100,0.01
2011-05-13,500,0.07
2011-05-13,1000,0.13
2011-05-13,1500,0.14
2011-05-13,2000,0.39
2011-05-13,2500,0.67
2011-06-21,100,0.13
2011-06-21,500,0.18
2011-06-21,1000,0.04
2011-06-21,1500,0.05
2011-06-21,2000,1.54
2011-06-21,2500,1.61
2011-07-25,100,0.02
2011-07-25,500,0.07
2011-07-25,1000,0.22
2011-07-25,1500,0.87
2011-07-25,2000,1.24
2011-07-25,2500,2.2
2011-08-01,100,0.02
2011-08-01,500,0.03
2011-08-01,1000,0.04
2011-08-01,1500,0.09
2011-08-01,2000,0.1
2011-08-01,2500,0.84
2011-08-01,900,
2011-08-01,2800,
2011-09-21,100,0.01
2011-09-21,500,0.04
2011-09-21,1000,0.1
2011-09-21,1500,0.26
2011-09-21,2000,1.34
2011-09-21,2500,1.52
2011-09-21,2750,
2011-10-13,0,
2011-10-18,0,
2011-10-21,0,
2011-11-08,100,0.5
2011-11-08,500,0.52
2011-11-08,1000,0.49
2011-11-08,1500,0.28
2011-11-08,2000,0.31
2011-11-08,2500,5.61
2011-11-08,2700,
2011-12-09,0,
2012-01-11,100,1.04
2012-01-11,500,1.11
2012-01-11,1000,1.21
2012-01-11,1500,1.34
2012-01-11,2000,2.61
2012-01-11,2500,3.05
2012-01-11,2700,
2012-02-13,0,
2012-03-13,100,0.08
2012-03-13,500,0.02
2012-03-13,1000,0.03
2012-03-13,1500,0.09
2012-03-13,2000,0.14
2012-03-13,2500,0.74
2012-04-10,100,
2012-04-10,500,
2012-04-10,1000,
2012-04-10,1500,
2012-04-10,2000,
2012-04-10,2500,
2012-05-14,100,0.08
2012-05-14,500,
2012-05-14,1000,0.01
2012-05-14,1500,0.37
2012-05-14,2000,1.94
2012-05-14,2500,2.23
2012-06-26,100,0.07
2012-06-26,500,0.08
2012-06-26,1000,0.09
2012-06-26,1500,0.06
2012-06-26,2000,
2012-06-26,2500,0.01
2012-07-16,100,0.07
2012-07-16,500,0.03
2012-07-16,1000,0.09
2012-07-16,1500,0.21
2012-07-16,2000,0.66
2012-07-16,2500,2.43
2012-08-07,100,0.06
2012-08-07,500,
2012-08-07,1000,0.14
2012-08-07,1500,0.09
2012-08-07,2000,
2012-08-07,2500,0.02
2012-09-27,100,0.09
2012-09-27,500,0.05
2012-09-27,1000,1.67
2012-09-27,1500,1.96
2012-09-27,2000,2.52
2012-09-27,2500,4.38
2012-10-02,100,0.09
2012-10-02,500,0.15
2012-10-02,1000,0.38
2012-10-02,1500,1.89
2012-10-02,2000,7.01
2012-10-02,2500,6.84
2012-11-06,100,0.02
2012-11-06,500,0.11
2012-11-06,1000,0.1
2012-11-06,1500,0.51
2012-11-06,2000,7.53
2012-11-06,2500,9.74
2012-12-04,100,0.22
2012-12-04,500,0.27
2012-12-04,1000,1.23
2012-12-04,1500,2.46
2012-12-04,2000,3.24
2012-12-04,2500,3.51
2013-01-01,0,
2013-02-06,100,0.56
2013-02-06,500,0.56
2013-02-06,1000,0.59
2013-02-06,1500,0.98
2013-02-06,2000,1.22
2013-02-06,2500,1.67
2013-03-05,100,0.05
2013-03-05,500,0.29
2013-03-05,1000,0.43
2013-03-05,1500,0.58
2013-03-05,2000,0.73
2013-03-05,2500,1.34
2013-04-03,100,0.37
2013-04-03,500,0.35
2013-04-03,1000,0.45
2013-04-03,1500,0.86
2013-04-03,2000,1.29
2013-04-03,2500,1.33
2013-05-24,100,0.12
2013-05-24,500,0.19
2013-05-24,1000,0.28
2013-05-24,1500,0.73
2013-05-24,2000,3.17
2013-05-24,2500,4.66
2013-06-04,100,0.32
2013-06-04,500,0.1
2013-06-04,1000,1.18
2013-06-04,1500,0.92
2013-06-04,2000,2.32
2013-06-04,2500,5.45
2013-07-04,100,0.15
2013-07-04,500,0.23
2013-07-04,1000,0.13
2013-07-04,1500,0.1
2013-07-04,2000,1.1
2013-07-04,2500,1.46
2013-08-28,100,0.08
2013-08-28,500,0.1
2013-08-28,1000,0.06
2013-08-28,1500,0.11
2013-08-28,2000,0.24
2013-08-28,2500,3.23
2013-09-24,100,0.03
2013-09-24,500,0.02
2013-09-24,1000,0.04
2013-09-24,1500,0.06
2013-09-24,2000,0.09
2013-09-24,2500,2.68
2013-10-01,100,0.22
2013-10-01,500,0.07
2013-10-01,1000,0.2
2013-10-01,1500,0.24
2013-10-01,2000,0.76
2013-10-01,2500,40.4
2013-11-05,100,0.87
2013-11-05,500,0.75
2013-11-05,1000,0.83
2013-11-05,1500,0.92
2013-11-05,2000,0.72
2013-11-05,2500,0.74
2013-12-03,100,0.02
2013-12-03,500,0.01
2013-12-03,1000,0.03
2013-12-03,1500,1.22
2013-12-03,2000,3.33
2013-12-03,2500,4.38
2014-02-25,100,0.0
2014-02-25,500,0.0
2014-02-25,1000,0.01
2014-02-25,1500,0.27
2014-02-25,2000,1.66
2014-02-25,2500,0.55
2014-03-05,100,0.11
2014-03-05,500,0.02
2014-03-05,1000,0.02
2014-03-05,1500,0.02
2014-03-05,2000,0.08
2014-03-05,2500,0.49
2014-04-15,100,0.25
2014-04-15,500,0.21
2014-04-15,1000,0.22
2014-04-15,1500,0.19
2014-04-15,2000,0.15
2014-04-15,2500,1.97
2014-05-07,100,0.2
2014-05-07,500,0.19
2014-05-07,1000,0.44
2014-05-07,1500,0.95
2014-05-07,2000,2.32
2014-05-07,2500,3.48
2014-06-21,100,0.06
2014-06-21,500,0.05
2014-06-21,1000,0.04
2014-06-21,1500,0.07
2014-06-21,2000,0.02
2014-06-21,2500,0.02
2014-07-08,100,0.19
2014-07-08,500,0.15
2014-07-08,1000,0.15
2014-07-08,1500,0.09
2014-07-08,2000,0.07
2014-07-08,2500,0.07
2014-08-28,100,0.28
2014-08-28,500,0.94
2014-08-28,1000,1.0
2014-08-28,1500,0.96
2014-08-28,2000,1.01
2014-08-28,2500,1.16
2014-09-23,100,0.07
2014-09-23,500,0.09
2014-09-23,1000,0.11
2014-09-23,1500,0.1
2014-09-23,2000,0.24
2014-09-23,2500,15.9
2014-10-21,100,0.05
2014-10-21,500,0.01
2014-10-21,1000,0.15
2014-10-21,1500,0.21
2014-10-21,2000,1.66
2014-10-21,2500,22.8
2014-11-18,100,0.81
2014-11-18,500,0.83
2014-11-18,1000,0.81
2014-11-18,1500,0.83
2014-11-18,2000,0.96
2014-11-18,2500,2.28
2014-12-16,100,0.05
2014-12-16,500,0.01
2014-12-16,1000,0.03
2014-12-16,1500,0.02
2014-12-16,2000,0.33
2014-12-16,2500,0.6
2015-01-06,100,0.15
2015-01-06,500,0.14
2015-01-06,1000,0.12
2015-01-06,1500,0.18
2015-01-06,2000,0.38
2015-01-06,2500,0.46
2015-02-23,100,0.13
2015-02-23,500,0.13
2015-02-23,1000,0.35
2015-02-23,1500,0.56
2015-02-23,2000,0.7
2015-02-23,2500,0.76
2015-03-17,100,0.02
2015-03-17,500,0.0
2015-03-17,1000,0.03
2015-03-17,1500,0.84
2015-03-17,2000,1.49
2015-03-17,2500,1.76
2015-04-21,100,0.0
2015-04-21,500,0.03
2015-04-21,1000,0.12
2015-04-21,1500,0.4
2015-04-21,2000,1.53
2015-04-21,2500,2.36
2015-05-12,100,0.01
2015-05-12,500,0.02
2015-05-12,1000,0.21
2015-05-12,1500,0.59
2015-05-12,2000,3.96
2015-05-12,2500,4.42
2015-06-04,100,0.03
2015-06-04,500,0.15
2015-06-04,1000,1.12
2015-06-04,1500,1.78
2015-06-04,2000,4.38
2015-06-04,2500,6.15
2015-06-21,100,0.14
2015-06-21,500,0.14
2015-06-21,1000,0.11
2015-06-21,1500,0.05
2015-06-21,2000,0.02
2015-06-21,2500,1.03
2015-07-14,100,0.03
2015-07-14,500,0.12
2015-07-14,1000,0.23
2015-07-14,1500,0.35
2015-07-14,2000,0.48
2015-07-14,2500,0.54
2015-08-04,100,0.08
2015-08-04,500,0.12
2015-08-04,1000,0.13
2015-08-04,1500,0.05
2015-08-04,2000,0.02
2015-08-04,2500,0.18
2015-09-10,100,0.14
2015-09-10,500,0.17
2015-09-10,1000,0.34
2015-09-10,1500,0.38
2015-09-10,2000,2.24
2015-09-10,2500,4.37
2015-10-15,0,
2015-11-05,100,0.09
2015-11-05,500,0.1
2015-11-05,1000,0.06
2015-11-05,1500,0.15
2015-11-05,2000,4.41
2015-11-05,2500,10.87
2015-12-08,100,0.41
2015-12-08,500,0.49
2015-12-08,1000,0.81
2015-12-08,1500,0.8
2015-12-08,2000,0.92
2015-12-08,2500,0.92
2016-01-05,0,
2016-02-09,0,
2016-03-08,100,
2016-03-08,2640,
2016-03-08,500,0.04
2016-03-08,1000,0.17
2016-03-08,1500,0.2
2016-03-08,2000,0.74
2016-03-08,2500,1.17
2016-04-12,100,0.27
2016-04-12,500,0.18
2016-04-12,1000,0.12
2016-04-12,1500,0.14
2016-04-12,2000,3.32
2016-04-12,2500,8.01
2016-05-03,100,0.7
2016-05-03,500,0.83
2016-05-03,1000,0.91
2016-05-03,1500,0.87
2016-05-03,2000,0.84
2016-05-03,2500,0.84
2016-06-01,100,0.77
2016-06-01,500,0.83
2016-06-01,1000,0.77
2016-06-01,1500,0.8
2016-06-01,2000,1.11
2016-06-01,2500,1.02
2016-06-21,0,
2016-07-05,100,0.65
2016-07-05,500,0.7
2016-07-05,1000,0.76
2016-07-05,1500,0.79
2016-07-05,2000,0.9
2016-07-05,2500,2.31
2016-08-03,100,0.76
2016-08-03,500,1.49
2016-08-03,1000,0.96
2016-08-03,1500,1.01
2016-08-03,2000,0.98
2016-08-03,2500,5.53
2016-09-21,100,0.83
2016-09-21,500,0.81
2016-09-21,1000,0.79
2016-09-21,1500,0.86
2016-09-21,2000,1.01
2016-09-21,2500,13.7
2016-10-19,100,0.71
2016-10-19,500,0.64
2016-10-19,1000,0.98
2016-10-19,1500,2.14
2016-10-19,2000,4.36
2016-10-19,2500,27.91
2016-11-08,100,0.41
2016-11-08,500,0.17
2016-11-08,1000,0.01
2016-11-08,1500,0.01
2016-11-08,2000,0.48
2016-11-08,2500,23.23
2016-12-06,100,0.15
2016-12-06,500,0.09
2016-12-06,1000,0.17
2016-12-06,1500,0.15
2016-12-06,2000,8.18
2016-12-06,2500,8.55
2017-01-10,100,0.01
2017-01-10,500,0.07
2017-01-10,1000,0.23
2017-01-10,1500,1.34
2017-01-10,2000,3.11
2017-01-10,2500,9.75
2017-02-21,0,
2017-03-13,100,0.17
2017-03-13,500,0.01
2017-03-13,1000,1.29
2017-03-13,1500,2.22
2017-03-13,2000,2.21
2017-03-13,2500,2.5
2017-04-10,100,0.08
2017-04-10,500,0.04
2017-04-10,1000,0.01
2017-04-10,1500,0.36
2017-04-10,2000,2.34
2017-04-10,2500,2.43
2017-05-03,0,
2017-06-21,100,0.01
2017-06-21,500,0.31
2017-06-21,1000,0.22
2017-06-21,1500,0.17
2017-06-21,2000,0.18
2017-06-21,2500,0.33
2017-07-17,100,0.13
2017-07-17,500,0.08
2017-07-17,1000,0.09
2017-07-17,1500,0.14
2017-07-17,2000,0.77
2017-07-17,2500,1.89
2017-08-01,100,0.01
2017-08-01,500,0.0
2017-08-01,1000,0.03
2017-08-01,1500,0.03
2017-08-01,2000,0.17
2017-08-01,2500,1.27
2017-09-12,100,0.07
2017-09-12,500,0.16
2017-09-12,1000,0.67
2017-09-12,1500,1.64
2017-09-12,2000,1.75
2017-09-12,2500,2.92
2017-10-24,100,
2017-10-24,2500,
2017-10-24,500,0.81
2017-10-24,1000,0.02
2017-10-24,1500,2.26
2017-10-24,2000,
2017-11-09,100,
2017-11-09,2500,
2017-11-09,500,0.17
2017-11-09,1000,0.1
2017-11-09,1500,0.11
2017-11-09,2000,2.08
2017-12-19,100,0.43
2017-12-19,500,0.43
2017-12-19,1000,0.36
2017-12-19,1500,0.35
2017-12-19,2000,0.66
2017-12-19,2500,1.2
2018-01-10,100,0.61
2018-01-10,500,0.65
2018-01-10,1000,0.71
2018-01-10,1500,0.7
2018-01-10,2000,0.78
2018-01-10,2500,0.8
2018-02-20,100,0.04
2018-02-20,500,0.04
2018-02-20,1000,0.22
2018-02-20,1500,0.54
2018-02-20,2000,1.01
2018-02-20,2500,1.38
2018-03-26,100,0.26
2018-03-26,500,0.15
2018-03-26,1000,0.27
2018-03-26,1500,0.41
2018-03-26,2000,0.77
2018-03-26,2500,1.23
2018-04-18,100,0.01
2018-04-18,500,0.1
2018-04-18,1000,0.08
2018-04-18,1500,0.11
2018-04-18,2000,0.05
2018-04-18,2500,0.03
2018-05-08,100,0.04
2018-05-08,500,0.33
2018-05-08,1000,0.02
2018-05-08,1500,0.18
2018-05-08,2000,0.58
2018-05-08,2500,0.79
2018-06-21,100,0.09
2018-06-21,500,0.05
2018-06-21,1000,0.0
2018-06-21,1500,0.07
2018-06-21,2000,0.85
2018-06-21,2500,1.67
2018-07-12,0,
2018-08-01,100,0.19
2018-08-01,2500,3.27
2018-08-01,500,0.03
2018-08-01,1000,0.01
2018-08-01,1500,0.02
2018-08-01,2000,0.04
2018-09-20,100,0.0
2018-09-20,500,0.13
2018-09-20,1000,0.24
2018-09-20,1500,0.26
2018-09-20,2000,1.92
2018-09-20,2500,28.0
2018-09-20,1450,
2018-10-18,100,0.16
2018-10-18,500,0.16
2018-10-18,1000,0.04
2018-10-18,1500,0.13
2018-10-18,2000,0.7
2018-10-18,2500,1.89
2018-11-13,100,0.03
2018-11-13,500,0.16
2018-11-13,1000,0.31
2018-11-13,1500,0.77
2018-11-13,2000,1.36
2018-11-13,2500,1.85
2018-12-12,100,0.08
2018-12-12,500,0.05
2018-12-12,1000,0.16
2018-12-12,1500,0.16
2018-12-12,2000,1.09
2018-12-12,2500,1.83
2019-01-08,0,
2019-02-26,100,0.0
2019-02-26,500,0.01
2019-02-26,1000,0.04
2019-02-26,1500,0.5
2019-02-26,2000,2.03
2019-02-26,2500,3.58
2019-03-20,100,0.01
2019-03-20,500,0.07
2019-03-20,1000,0.13
2019-03-20,1500,0.19
2019-03-20,2000,2.0
2019-03-20,2500,2.6
2019-04-24,100,
2019-04-24,500,
2019-04-24,1000,
2019-04-24,1500,
2019-04-24,2000,
2019-04-24,2500,
2019-05-28,100,
2019-05-28,500,
2019-05-28,1000,
2019-05-28,1500,
2019-05-28,2000,
2019-05-28,2500,
2019-06-26,100,
2019-06-26,500,
2019-06-26,1000,
2019-06-26,1500,
2019-06-26,2000,
2019-06-26,2500,
2019-07-31,100,
2019-07-31,500,
2019-07-31,1000,
2019-07-31,1500,
2019-07-31,2000,
2019-07-31,2500,
2019-08-27,100,
2019-08-27,500,
2019-08-27,1000,
2019-08-27,1500,
2019-08-27,2000,
2019-08-27,2500,
1999-01-26,100,1.69
1999-01-26,500,1.73
1999-01-26,1000,2.05
1999-01-26,1500,2.51
1999-01-26,2000,2.7
1999-01-26,2500,3.6
1999-02-12,100,0.72
1999-02-12,500,0.64
1999-02-12,1000,0.7
1999-02-12,1500,0.87
1999-02-12,2000,1.77
1999-02-12,2500,2.44
1999-03-25,100,0.11
1999-03-25,500,0.05
1999-03-25,1000,0.25
1999-03-25,1500,0.43
1999-03-25,2000,0.72
1999-03-25,2500,4.47
1999-04-27,100,2.3
1999-04-27,500,2.36
1999-04-27,1000,1.24
1999-04-27,1500,2.53
1999-04-27,2000,5.14
1999-04-27,2500,7.68
1999-05-25,100,0.05
1999-05-25,500,0.15
1999-05-25,1000,0.06
1999-05-25,1500,0.93
1999-05-25,2000,4.54
1999-05-25,2500,28.6
1999-06-17,100,0.07
1999-06-17,500,0.18
1999-06-17,1000,0.11
1999-06-17,1500,0.12
1999-06-17,2000,1.28
1999-06-17,2500,0.6
1999-07-15,100,0.07
1999-07-15,500,0.05
1999-07-15,1000,0.01
1999-07-15,1500,0.06
1999-07-15,2000,0.05
1999-07-15,2500,0.95
1999-08-17,100,0.07
1999-08-17,500,0.02
1999-08-17,1000,0.04
1999-08-17,1500,0.05
1999-08-17,2000,0.02
1999-08-17,2500,4.25
1999-09-17,100,0.15
1999-09-17,500,0.08
1999-09-17,1000,0.1
1999-09-17,1500,0.06
1999-09-17,2000,0.06
1999-09-17,2500,6.41
1999-10-18,100,0.32
1999-10-18,500,0.2
1999-10-18,1000,0.05
1999-10-18,1500,5.19
1999-10-18,2000,4.56
1999-10-18,2500,6.59
1999-11-16,100,0.08
1999-11-16,500,0.09
1999-11-16,1000,0.03
1999-11-16,1500,0.09
1999-11-16,2000,1.02
1999-11-16,2500,7.7
1999-12-15,100,4.54
1999-12-15,500,4.29
1999-12-15,1000,4.17
1999-12-15,1500,4.26
1999-12-15,2000,4.44
1999-12-15,2500,2.9
2000-01-18,100,4.99
2000-01-18,500,4.95
2000-01-18,1000,4.84
2000-01-18,1500,4.93
2000-01-18,2000,4.9
2000-01-18,2500,4.84
2000-02-08,100,5.54
2000-02-08,500,5.68
2000-02-08,1000,5.57
2000-02-08,1500,5.88
2000-02-08,2000,5.74
2000-02-08,2500,5.81
2000-03-15,100,3.22
2000-03-15,500,2.77
2000-03-15,1000,2.95
2000-03-15,1500,2.55
2000-03-15,2000,2.45
2000-03-15,2500,2.19
2000-04-17,100,0.57
2000-04-17,500,0.45
2000-04-17,1000,0.72
2000-04-17,1500,2.85
2000-04-17,2000,4.89
2000-04-17,2500,5.72
2000-05-17,100,0.05
2000-05-17,500,0.06
2000-05-17,1000,0.01
2000-05-17,1500,0.02
2000-05-17,2000,2.73
2000-05-17,2500,7.05
2000-06-28,100,0.08
2000-06-28,500,0.07
2000-06-28,1000,0.06
2000-06-28,1500,0.09
2000-06-28,2000,0.06
2000-06-28,2500,0.46
2000-07-12,100,0.15
2000-07-12,500,0.1
2000-07-12,1000,0.03
2000-07-12,1500,0.08
2000-07-12,2000,0.09
2000-07-12,2500,0.73
2000-08-08,100,0.03
2000-08-08,500,0.02
2000-08-08,1000,0.06
2000-08-08,1500,0.04
2000-08-08,2000,0.03
2000-08-08,2500,0.58
2000-09-27,100,0.04
2000-09-27,500,0.02
2000-09-27,1000,0.04
2000-09-27,1500,0.23
2000-09-27,2000,1.35
2000-09-27,2500,8.14
2000-10-24,100,0.21
2000-10-24,500,0.04
2000-10-24,1000,0.09
2000-10-24,1500,0.46
2000-10-24,2000,3.91
2000-10-24,2500,11.8
2000-11-28,100,1.26
2000-11-28,500,1.4
2000-11-28,1000,1.38
2000-11-28,1500,1.22
2000-11-28,2000,1.81
2000-11-28,2500,9.56
2000-12-18,100,1.28
2000-12-18,500,1.15
2000-12-18,1000,2.48
2000-12-18,1500,3.13
2000-12-18,2000,3.68
2000-12-18,2500,4.62
2001-01-16,100,1.7
2001-01-16,500,1.66
2001-01-16,1000,1.05
2001-01-16,1500,1.2
2001-01-16,2000,3.26
2001-01-16,2500,4.72
2001-02-15,100,0.58
2001-02-15,500,0.71
2001-02-15,1000,0.68
2001-02-15,1500,1.22
2001-02-15,2000,2.28
2001-02-15,2500,3.26
2001-03-13,100,0.24
2001-03-13,500,0.19
2001-03-13,1000,0.23
2001-03-13,1500,0.9
2001-03-13,2000,2.09
2001-03-13,2500,2.03
2001-04-18,100,0.18
2001-04-18,500,0.11
2001-04-18,1000,0.01
2001-04-18,1500,0.11
2001-04-18,2000,0.75
2001-04-18,2500,11.09
2001-05-31,100,0.08
2001-05-31,500,0.1
2001-05-31,1000,0.12
2001-05-31,1500,0.1
2001-05-31,2000,5.28
2001-05-31,2500,6.98
2001-06-28,100,0.27
2001-06-28,500,0.13
2001-06-28,1000,0.07
2001-06-28,1500,0.3
2001-06-28,2000,0.2
2001-06-28,2500,6.14
2001-07-11,100,0.28
2001-07-11,500,0.21
2001-07-11,1000,0.25
2001-07-11,1500,0.11
2001-07-11,2000,0.23
2001-07-11,2500,3.13
2001-08-09,100,5.46
2001-08-09,500,2.25
2001-08-09,1000,0.32
2001-08-09,1500,0.05
2001-08-09,2000,0.23
2001-08-09,2500,0.8
2001-09-10,100,0.3
2001-09-10,500,0.16
2001-09-10,1000,0.1
2001-09-10,1500,0.07
2001-09-10,2000,0.24
2001-09-10,2500,17.1
2001-10-16,100,0.07
2001-10-16,500,0.18
2001-10-16,1000,0.15
2001-10-16,1500,0.07
2001-10-16,2000,1.52
2001-10-16,2500,33.1
2001-11-06,100,30.3
2001-11-06,500,8.65
2001-11-06,1000,1.61
2001-11-06,1500,1.21
2001-11-06,2000,1.04
2001-11-06,2500,0.93
2001-12-13,100,10.17
2001-12-13,500,6.52
2001-12-13,1000,3.54
2001-12-13,1500,1.45
2001-12-13,2000,1.36
2001-12-13,2500,1.38
2002-01-08,100,1.87
2002-01-08,500,2.0
2002-01-08,1000,2.21
2002-01-08,1500,3.16
2002-01-08,2000,5.64
2002-01-08,2500,10.73
2002-02-21,100,1.26
2002-02-21,500,1.27
2002-02-21,1000,1.37
2002-02-21,1500,1.29
2002-02-21,2000,1.37
2002-02-21,2500,2.36
2002-03-11,100,0.58
2002-03-11,500,0.41
2002-03-11,1000,0.49
2002-03-11,1500,0.59
2002-03-11,2000,0.48
2002-03-11,2500,0.97
2002-04-10,100,0.19
2002-04-10,500,0.14
2002-04-10,1000,0.11
2002-04-10,1500,0.07
2002-04-10,2000,0.49
2002-04-10,2500,1.4
2002-05-21,100,0.17
2002-05-21,500,0.16
2002-05-21,1000,0.14
2002-05-21,1500,0.08
2002-05-21,2000,7.24
2002-05-21,2500,10.88
2002-06-18,100,0.64
2002-06-18,500,0.67
2002-06-18,1000,0.61
2002-06-18,1500,0.7
2002-06-18,2000,0.88
2002-06-18,2500,0.67
2002-07-09,100,0.14
2002-07-09,500,0.02
2002-07-09,1000,0.05
2002-07-09,1500,0.07
2002-07-09,2000,1.25
2002-07-09,2500,5.74
2002-08-20,100,0.4
2002-08-20,500,0.04
2002-08-20,1000,0.19
2002-08-20,1500,0.05
2002-08-20,2000,0.13
2002-08-20,2500,15.05
2002-09-17,100,1.54
2002-09-17,500,1.47
2002-09-17,1000,1.32
2002-09-17,1500,1.25
2002-09-17,2000,6.9
2002-09-17,2500,9.47
2002-10-15,100,0.3
2002-10-15,500,0.25
2002-10-15,1000,0.94
2002-10-15,1500,2.17
2002-10-15,2000,15.0
2002-10-15,2500,29.6
2002-11-19,100,0.75
2002-11-19,500,0.68
2002-11-19,1000,0.78
2002-11-19,1500,1.09
2002-11-19,2000,16.95
2002-11-19,2500,17.6
2002-12-17,100,4.23
2002-12-17,500,3.95
2002-12-17,1000,4.25
2002-12-17,1500,4.19
2002-12-17,2000,3.91
2002-12-17,2500,4.27
2003-01-23,100,3.98
2003-01-23,500,3.4
2003-01-23,1000,2.38
2003-01-23,1500,2.17
2003-01-23,2000,1.62
2003-01-23,2500,1.96
2003-02-18,100,0.12
2003-02-18,500,0.23
2003-02-18,1000,0.08
2003-02-18,1500,1.06
2003-02-18,2000,1.86
2003-02-18,2500,2.33
2003-03-11,100,0.26
2003-03-11,500,0.25
2003-03-11,1000,0.1
2003-03-11,1500,0.12
2003-03-11,2000,0.25
2003-03-11,2500,0.36
2003-04-24,100,0.24
2003-04-24,500,0.25
2003-04-24,1000,0.24
2003-04-24,1500,0.28
2003-04-24,2000,1.19
2003-04-24,2500,4.3
2003-05-13,100,0.2
2003-05-13,500,0.25
2003-05-13,1000,0.22
2003-05-13,1500,0.43
2003-05-13,2000,2.03
2003-05-13,2500,4.27
2003-06-17,100,0.29
2003-06-17,500,0.11
2003-06-17,1000,0.05
2003-06-17,1500,0.15
2003-06-17,2000,0.22
2003-06-17,2500,1.4
2003-07-15,100,0.27
2003-07-15,500,0.22
2003-07-15,1000,0.17
2003-07-15,1500,0.24
2003-07-15,2000,0.33
2003-07-15,2500,1.58
2003-08-13,100,0.1
2003-08-13,500,0.15
2003-08-13,1000,0.16
2003-08-13,1500,0.12
2003-08-13,2000,0.05
2003-08-13,2500,6.18
2003-09-08,100,0.22
2003-09-08,500,0.2
2003-09-08,1000,0.23
2003-09-08,1500,0.18
2003-09-08,2000,0.07
2003-09-08,2500,17.4
2003-10-14,100,0.25
2003-10-14,500,0.18
2003-10-14,1000,0.05
2003-10-14,1500,0.11
2003-10-14,2000,8.18
2003-10-14,2500,22.25
2003-11-12,100,0.99
2003-11-12,500,0.78
2003-11-12,1000,0.79
2003-11-12,1500,2.22
2003-11-12,2000,4.76
2003-11-12,2500,5.7
2003-12-04,100,1.72
2003-12-04,500,1.68
2003-12-04,1000,3.07
2003-12-04,1500,3.79
2003-12-04,2000,5.52
2003-12-04,2500,14.65
2004-01-20,100,1.05
2004-01-20,500,1.1
2004-01-20,1000,1.01
2004-01-20,1500,1.18
2004-01-20,2000,1.37
2004-01-20,2500,2.89
2004-02-18,100,0.12
2004-02-18,500,0.16
2004-02-18,1000,0.16
2004-02-18,1500,0.26
2004-02-18,2000,1.59
2004-02-18,2500,3.32
2004-03-16,100,0.17
2004-03-16,500,0.19
2004-03-16,1000,0.25
2004-03-16,1500,0.23
2004-03-16,2000,0.35
2004-03-16,2500,0.27
2004-04-15,100,0.04
2004-04-15,500,0.14
2004-04-15,1000,0.1
2004-04-15,1500,0.06
2004-04-15,2000,0.18
2004-04-15,2500,3.91
2004-05-11,100,0.19
2004-05-11,500,0.12
2004-05-11,1000,0.1
2004-05-11,1500,0.08
2004-05-11,2000,3.34
2004-05-11,2500,16.65
2004-06-21,100,0.17
2004-06-21,500,0.3
2004-06-21,1000,1.3
2004-06-21,1500,2.57
2004-06-21,2000,4.42
2004-06-21,2500,5.69
2004-07-13,100,0.15
2004-07-13,500,0.11
2004-07-13,1000,0.05
2004-07-13,1500,0.38
2004-07-13,2000,3.02
2004-07-13,2500,6.17
2004-08-10,100,1.34
2004-08-10,500,1.2
2004-08-10,1000,1.81
2004-08-10,1500,0.94
2004-08-10,2000,0.97
2004-08-10,2500,1.33
2004-09-13,100,0.05
2004-09-13,500,0.13
2004-09-13,1000,0.14
2004-09-13,1500,0.1
2004-09-13,2000,0.02
2004-09-13,2500,0.02
2004-10-13,100,0.12
2004-10-13,500,0.16
2004-10-13,1000,0.96
2004-10-13,1500,2.77
2004-10-13,2000,2.71
2004-10-13,2500,4.34
2004-11-09,100,0.01
2004-11-09,500,0.0
2004-11-09,1000,0.11
2004-11-09,1500,0.79
2004-11-09,2000,2.46
2004-11-09,2500,9.94
2004-12-15,100,1.2
2004-12-15,500,0.98
2004-12-15,1000,1.01
2004-12-15,1500,1.13
2004-12-15,2000,1.04
2004-12-15,2500,13.3
2005-01-18,100,1.88
2005-01-18,500,1.82
2005-01-18,1000,1.73
2005-01-18,1500,1.62
2005-01-18,2000,1.28
2005-01-18,2500,1.3
2005-02-22,100,0.77
2005-02-22,500,0.34
2005-02-22,1000,0.18
2005-02-22,1500,0.71
2005-02-22,2000,2.11
2005-02-22,2500,3.86
2005-03-29,100,0.29
2005-03-29,500,0.22
2005-03-29,1000,0.15
2005-03-29,1500,0.2
2005-03-29,2000,0.1
2005-03-29,2500,5.19
2005-04-26,100,0.41
2005-04-26,500,0.3
2005-04-26,1000,0.31
2005-04-26,1500,0.2
2005-04-26,2000,9.43
2005-04-26,2500,8.69
2005-05-20,100,0.08
2005-05-20,500,0.2
2005-05-20,1000,8.12
2005-05-20,1500,3.65
2005-05-20,2000,4.96
2005-05-20,2500,4.92
2005-06-21,100,0.26
2005-06-21,500,0.25
2005-06-21,1000,0.22
2005-06-21,1500,0.21
2005-06-21,2000,0.01
2005-06-21,2500,0.51
2005-07-28,100,0.25
2005-07-28,500,0.27
2005-07-28,1000,0.47
2005-07-28,1500,0.33
2005-07-28,2000,0.37
2005-07-28,2500,0.58
2005-08-11,100,0.11
2005-08-11,500,0.15
2005-08-11,1000,0.12
2005-08-11,1500,0.1
2005-08-11,2000,1.51
2005-08-11,2500,2.5
2005-09-14,100,0.19
2005-09-14,500,0.07
2005-09-14,1000,0.15
2005-09-14,1500,0.23
2005-09-14,2000,0.32
2005-09-14,2500,10.65
2005-10-26,100,0.09
2005-10-26,500,0.09
2005-10-26,1000,0.12
2005-10-26,1500,0.31
2005-10-26,2000,5.12
2005-10-26,2500,40.95
2005-11-15,100,4.86
2005-11-15,500,4.37
2005-11-15,1000,5.87
2005-11-15,1500,6.15
2005-11-15,2000,5.72
2005-11-15,2500,3.06
2005-12-13,100,0.48
2005-12-13,500,0.48
2005-12-13,1000,1.21
2005-12-13,1500,1.3
2005-12-13,2000,3.94
2005-12-13,2500,13.0
2006-01-17,100,9.35
2006-01-17,500,5.61
2006-01-17,1000,2.98
2006-01-17,1500,1.75
2006-01-17,2000,1.11
2006-01-17,2500,1.15
2006-02-14,100,0.2
2006-02-14,500,0.23
2006-02-14,1000,0.06
2006-02-14,1500,0.87
2006-02-14,2000,2.2
2006-02-14,2500,5.02
2006-03-14,100,0.11
2006-03-14,500,0.03
2006-03-14,1000,0.05
2006-03-14,1500,0.19
2006-03-14,2000,0.14
2006-03-14,2500,0.36
2006-04-21,100,0.09
2006-04-21,500,0.08
2006-04-21,1000,0.69
2006-04-21,1500,0.89
2006-04-21,2000,0.49
2006-04-21,2500,2.83
2006-05-17,100,0.12
2006-05-17,500,0.04
2006-05-17,1000,0.09
2006-05-17,1500,0.49
2006-05-17,2000,4.12
2006-05-17,2500,20.9
2006-06-21,100,0.08
2006-06-21,500,0.03
2006-06-21,1000,0.02
2006-06-21,1500,0.02
2006-06-21,2000,1.75
2006-06-21,2500,3.35
2006-07-27,100,0.17
2006-07-27,500,0.11
2006-07-27,1000,0.32
2006-07-27,1500,0.22
2006-07-27,2000,1.03
2006-07-27,2500,4.44
2006-08-17,100,0.24
2006-08-17,500,0.24
2006-08-17,1000,1.47
2006-08-17,1500,1.47
2006-08-17,2000,1.16
2006-08-17,2500,4.24
2006-09-20,100,0.64
2006-09-20,500,0.71
2006-09-20,1000,0.53
2006-09-20,1500,0.42
2006-09-20,2000,0.91
2006-09-20,2500,0.9
2006-10-11,100,
2006-10-11,500,
2006-10-11,1000,
2006-10-11,1500,
2006-10-11,2000,
2006-10-11,2500,
2006-11-14,100,0.35
2006-11-14,500,0.23
2006-11-14,1000,0.29
2006-11-14,1500,0.4
2006-11-14,2000,3.55
2006-11-14,2500,6.69
2006-12-12,100,0.88
2006-12-12,500,0.74
2006-12-12,1000,1.24
2006-12-12,1500,1.5
2006-12-12,2000,1.67
2006-12-12,2500,2.14
2007-02-22,100,0.79
2007-02-22,500,0.86
2007-02-22,1000,1.23
2007-02-22,1500,1.83
2007-02-22,2000,2.0
2007-02-22,2500,2.09
2007-03-15,100,0.14
2007-03-15,500,0.11
2007-03-15,1000,0.18
2007-03-15,1500,0.44
2007-03-15,2000,1.07
2007-03-15,2500,2.34
2007-04-05,100,0.02
2007-04-05,500,0.01
2007-04-05,1000,0.02
2007-04-05,1500,0.01
2007-04-05,2000,0.97
2007-04-05,2500,1.56
2007-05-04,100,
2007-05-04,500,
2007-05-04,1000,
2007-05-04,1500,
2007-05-04,2000,
2007-05-04,2500,
2007-05-14,100,
2007-05-14,500,
2007-05-14,1000,
2007-05-14,1500,
2007-05-14,2000,
2007-05-14,2500,
2007-06-14,100,0.09
2007-06-14,500,0.01
2007-06-14,1000,0.01
2007-06-14,1500,0.1
2007-06-14,2000,0.07
2007-06-14,2500,9.36
2007-07-12,100,0.67
2007-07-12,500,0.36
2007-07-12,1000,0.39
2007-07-12,1500,1.06
2007-07-12,2000,1.4
2007-07-12,2500,7.21
2007-08-16,100,0.03
2007-08-16,500,0.11
2007-08-16,1000,0.13
2007-08-16,1500,0.21
2007-08-16,2000,0.41
2007-08-16,2500,2.16
2007-09-12,100,0.03
2007-09-12,500,0.01
2007-09-12,1000,0.01
2007-09-12,1500,0.04
2007-09-12,2000,0.06
2007-09-12,2500,9.2
2007-10-16,100,0.01
2007-10-16,500,0.03
2007-10-16,1000,0.03
2007-10-16,1500,0.1
2007-10-16,2000,5.65
2007-10-16,2500,7.29
2007-11-13,100,0.04
2007-11-13,500,0.05
2007-11-13,1000,0.07
2007-11-13,1500,0.02
2007-11-13,2000,0.02
2007-11-13,2500,0.75
2007-12-11,100,1.13
2007-12-11,500,1.09
2007-12-11,1000,1.25
2007-12-11,1500,1.26
2007-12-11,2000,1.65
2007-12-11,2500,3.1
2008-01-17,100,1.04
2008-01-17,500,1.11
2008-01-17,1000,1.23
2008-01-17,1500,1.21
2008-01-17,2000,1.2
2008-01-17,2500,1.14
2008-02-19,100,0.03
2008-02-19,500,0.14
2008-02-19,1000,0.15
2008-02-19,1500,0.09
2008-02-19,2000,0.79
2008-02-19,2500,1.53
2008-03-01,0,
2008-04-16,100,0.08
2008-04-16,500,0.08
2008-04-16,1000,0.04
2008-04-16,1500,0.05
2008-04-16,2000,0.09
2008-04-16,2500,5.52
2008-05-20,100,0.03
2008-05-20,500,0.01
2008-05-20,1000,0.05
2008-05-20,1500,0.06
2008-05-20,2000,0.97
2008-05-20,2500,8.0
2008-06-24,100,0.12
2008-06-24,500,0.14
2008-06-24,1000,0.15
2008-06-24,1500,0.09
2008-06-24,2000,0.12
2008-06-24,2500,0.97
2008-07-09,100,0.05
2008-07-09,500,0.09
2008-07-09,1000,0.05
2008-07-09,1500,0.02
2008-07-09,2000,0.01
2008-07-09,2500,0.93
2008-08-19,100,0.39
2008-08-19,500,0.23
2008-08-19,1000,0.07
2008-08-19,1500,0.09
2008-08-19,2000,0.02
2008-08-19,2500,0.7
2008-09-15,100,
2008-09-15,500,
2008-09-15,1000,
2008-09-15,1500,
2008-09-15,2000,
2008-09-15,2500,
2008-09-16,100,
2008-09-16,500,
2008-09-16,1000,
2008-09-16,1500,
2008-09-16,2000,
2008-09-16,2500,
2008-09-17,100,
2008-09-17,500,
2008-09-17,1000,
2008-09-17,1500,
2008-09-17,2000,
2008-09-17,2500,
2008-09-18,100,
2008-09-18,500,
2008-09-18,1000,
2008-09-18,1500,
2008-09-18,2000,
2008-09-18,2500,
2008-10-27,100,0.9
2008-10-27,500,0.63
2008-10-27,1000,1.55
2008-10-27,1500,1.58
2008-10-27,2000,0.95
2008-10-27,2500,0.85
2008-11-17,100,0.39
2008-11-17,500,0.43
2008-11-17,1000,0.45
2008-11-17,1500,1.03
2008-11-17,2000,2.09
2008-11-17,2500,2.44
2008-12-08,100,
2008-12-08,500,
2008-12-08,1000,
2008-12-08,1500,
2008-12-08,2000,
2008-12-08,2500,
2019-10-29,100,
2019-10-29,500,
2019-10-29,1000,
2019-10-29,1500,
2019-10-29,2000,
2019-10-29,2500,
2019-11-19,100,
2019-11-19,500,
2019-11-19,1000,
2019-11-19,1500,
2019-11-19,2000,
2019-11-19,2500,
2019-12-10,100,
2019-12-10,500,
2019-12-10,1000,
2019-12-10,1500,
2019-12-10,2000,
2019-12-10,2500,
2020-01-07,100,
2020-01-07,500,
2020-01-07,1000,
2020-01-07,1500,
2020-01-07,2000,
2020-01-07,2500,
2020-03-03,100,
2020-03-03,500,
2020-03-03,1000,
2020-03-03,1500,
2020-03-03,2000,
2020-03-03,2500,
2020-04-28,100,
2020-04-28,500,
2020-04-28,1000,
2020-04-28,1500,
2020-04-28,2000,
2020-04-28,2500,
2020-05-19,100,
2020-05-19,500,
2020-05-19,1000,
2020-05-19,1500,
2020-05-19,2000,
2020-05-19,2500,
2020-06-09,100,
2020-06-09,500,
2020-06-09,1000,
2020-06-09,1500,
2020-06-09,2000,
2020-06-09,2500,
2020-07-01,100,
2020-07-01,500,
2020-07-01,1000,
2020-07-01,1500,
2020-07-01,2000,
2020-07-01,2500,
2020-07-30,100,
2020-07-30,500,
2020-07-30,1000,
2020-07-30,1500,
2020-07-30,2000,
2020-07-30,2500,
2020-08-24,100,
2020-08-24,500,
2020-08-24,1000,
2020-08-24,1500,
2020-08-24,2000,
2020-08-24,2500,
2020-09-15,100,
2020-09-15,500,
2020-09-15,1000,
2020-09-15,1500,
2020-09-15,2000,
2020-09-15,2500,
2021-02-17,100,
2021-02-17,500,
2021-02-17,1000,
2021-02-17,1500,
2021-02-17,2000,
2021-02-17,2500,
2021-03-16,100,
2021-03-16,500,
2021-03-16,1000,
2021-03-16,1500,
2021-03-16,2000,
2021-03-16,2500,
2021-04-07,100,
2021-04-07,500,
2021-04-07,1000,
2021-04-07,1500,
2021-04-07,2000,
2021-04-07,2500,
2021-05-26,100,
2021-05-26,500,
2021-05-26,1000,
2021-05-26,1500,
2021-05-26,2000,
2021-05-26,2500,
2021-06-09,100,
2021-06-09,500,
2021-06-09,1000,
2021-06-09,1500,
2021-06-09,2000,
2021-06-09,2500,
2021-07-21,2500,
2021-07-21,2000,
2021-07-21,1500,
2021-07-21,1000,
2021-07-21,500,
2021-07-21,100,
2021-08-21,100,
2021-08-21,500,
2021-08-21,1000,
2021-08-21,1500,
2021-08-21,2000,
2021-08-21,2500,
2021-09-01,100,
2021-09-01,500,
2021-09-01,1000,
2021-09-01,1500,
2021-09-01,2000,
2021-09-01,2500,
2021-10-06,100,
2021-10-06,500,
2021-10-06,1000,
2021-10-06,1500,
2021-10-06,2000,
2021-10-06,2500,
2021-11-03,100,
2021-11-03,500,
2021-11-03,1000,
2021-11-03,1500,
2021-11-03,2000,
2021-11-03,2500,
2022-02-02,100,
2022-02-02,500,
2022-02-02,1000,
2022-02-02,1500,
2022-02-02,2000,
2022-02-02,2500,
2022-03-02,100,
2022-03-02,500,
2022-03-02,1000,
2022-03-02,1500,
2022-03-02,2000,
2022-03-02,2500,
2022-04-12,100,
2022-04-12,500,
2022-04-12,1000,
2022-04-12,1500,
2022-04-12,2000,
2022-04-12,2500,
2022-05-03,100,
2022-05-03,500,
2022-05-03,1000,
2022-05-03,1500,
2022-05-03,2000,
2022-05-03,2500,
1999-06-18,100,
1999-06-18,500,
1999-06-18,1000,
1999-06-18,1500,
1999-06-18,2000,
1999-06-18,2500,
2012-05-14,0,
,0,
2019-12-10,0,
2020-10-16,100,
2020-10-16,500,
2020-10-16,1000,
2020-10-16,1500,
2020-10-16,2000,
2020-10-16,2500,
2021-07-20,100,
2021-07-20,500,
2021-07-20,1000,
2021-07-20,1500,
2021-07-20,2000,
2021-07-20,2500,
