DATE,DEPTH,NO2
07/01/1986,1000,1.05
07/01/1986,100,0.96
07/01/1986,2500,1.14
07/01/1986,500,1.02
07/01/1986,2000,1.03
07/01/1986,1500,1.03
11/02/1986,2000,0.83
11/02/1986,100,0.63
11/02/1986,500,0.66
11/02/1986,1000,0.68
11/02/1986,2600,0.87
11/02/1986,1500,0.71
11/03/1986,2000,0.47
11/03/1986,100,0.34
11/03/1986,500,0.36
11/03/1986,1500,0.46
11/03/1986,2600,0.47
11/03/1986,1000,0.43
07/04/1986,2000,0.3
07/04/1986,100,0.01
07/04/1986,1000,0.01
07/04/1986,2500,0.49
07/04/1986,500,0.01
07/04/1986,1500,0.27
22/05/1986,1000,0.02
22/05/1986,1500,0.17
22/05/1986,500,0.01
22/05/1986,100,0.02
22/05/1986,2000,0.19
22/05/1986,2500,0.27
09/06/1986,1000,1.31
09/06/1986,100,0.16
09/06/1986,500,0.03
09/06/1986,2500,1.03
09/06/1986,2000,1.63
09/06/1986,1500,0.01
21/07/1986,2500,0.18
21/07/1986,100,0.13
21/07/1986,2000,0.11
21/07/1986,500,0.07
21/07/1986,1500,0.28
21/07/1986,1000,0.02
07/08/1986,100,0.01
07/08/1986,500,0.01
07/08/1986,2000,0.02
07/08/1986,2400,0.01
07/08/1986,1500,0.02
07/08/1986,1000,0.02
15/09/1986,500,0.01
15/09/1986,2500,0.04
15/09/1986,1500,0.01
15/09/1986,2000,0.01
15/09/1986,1000,0.01
15/09/1986,100,0.02
20/10/1986,100,0.08
20/10/1986,500,0.11
20/10/1986,1000,0.23
20/10/1986,2400,0.35
20/10/1986,1500,0.16
20/10/1986,2000,0.35
02/12/1986,100,1.01
02/12/1986,1500,0.94
02/12/1986,500,0.98
02/12/1986,1000,1.04
02/12/1986,2500,1.04
02/12/1986,2000,1.02
18/12/1986,1500,0
18/12/1986,2000,0.52
18/12/1986,500,0.71
18/12/1986,2500,0.56
18/12/1986,100,0.74
18/12/1986,1000,0
19/02/1987,2500,0.99
19/02/1987,500,0.74
19/02/1987,1500,0.83
19/02/1987,100,0.72
19/02/1987,1000,0.74
19/02/1987,2000,0.91
14/04/1987,1000,0.08
14/04/1987,2000,0.13
14/04/1987,500,0.04
14/04/1987,2600,0.19
14/04/1987,1500,0.15
14/04/1987,100,0.1
18/06/1987,1000,0.04
18/06/1987,2000,0.21
18/06/1987,500,0.03
18/06/1987,100,0.03
18/06/1987,1500,0.12
16/09/1987,100,0.04
16/09/1987,2000,0.5
16/09/1987,2500,0.13
16/09/1987,1500,0
16/09/1987,500,0.02
16/09/1987,1000,0.02
23/11/1987,500,0.2
23/11/1987,2600,0.13
23/11/1987,2000,0.1
23/11/1987,1000,0.27
23/11/1987,1500,0.18
23/11/1987,100,0.2
18/01/1988,2000,0.37
18/01/1988,100,0.71
18/01/1988,1500,0.63
18/01/1988,2500,0.36
18/01/1988,500,0.74
18/01/1988,1000,0.68
19/04/1988,1000,0.04
19/04/1988,2000,0.03
19/04/1988,500,0.02
19/04/1988,2700,0.19
19/04/1988,1500,0.05
19/04/1988,100,0.02
30/05/1988,100,0
30/05/1988,500,0.05
30/05/1988,1500,0.24
30/05/1988,1000,0.06
30/05/1988,2000,0.44
30/05/1988,2700,0.02
20/06/1988,2300,0.14
20/06/1988,2000,0.3
20/06/1988,1500,0.14
20/06/1988,100,0
20/06/1988,500,0
20/06/1988,1000,0.01
21/07/1988,100,0.02
21/07/1988,2400,0.21
21/07/1988,500,0.03
21/07/1988,1500,0.04
21/07/1988,2000,0.19
21/07/1988,1000,0.04
22/08/1988,1500,0.12
22/08/1988,1000,0.05
22/08/1988,2600,0.09
22/08/1988,2000,0.05
22/08/1988,100,0.04
22/08/1988,500,0.05
14/09/1988,500,0
14/09/1988,100,0
14/09/1988,2000,0.01
14/09/1988,1500,0
14/09/1988,2400,0.01
14/09/1988,1000,0.01
10/10/1988,100,0.29
10/10/1988,2000,1.08
10/10/1988,2500,0.69
10/10/1988,1000,1.14
10/10/1988,1500,1.2
10/10/1988,500,0.28
06/11/1988,100,0.01
06/11/1988,1500,0.02
06/11/1988,2000,0.54
06/11/1988,3500,0.51
06/11/1988,1000,0.01
06/11/1988,500,0
08/12/1988,2500,0.25
08/12/1988,1000,0.23
08/12/1988,1500,0.23
08/12/1988,2000,0.22
08/12/1988,500,0.24
08/12/1988,100,0.25
17/01/1989,1500,0.56
17/01/1989,1000,0.59
17/01/1989,2000,0.3
17/01/1989,500,0.63
17/01/1989,2500,0.29
17/01/1989,100,0.59
14/02/1989,2500,0.67
14/02/1989,100,1.27
14/02/1989,1500,1.23
14/02/1989,1000,1.29
14/02/1989,2000,0.85
14/02/1989,500,1.28
08/03/1989,2000,1.17
08/03/1989,2500,1.2
08/03/1989,1000,1.15
08/03/1989,500,1.15
08/03/1989,1500,1.15
08/03/1989,100,1.12
11/04/1989,2600,0.39
11/04/1989,500,0.21
11/04/1989,1000,0.2
11/04/1989,1500,0.2
11/04/1989,100,0.21
11/04/1989,2000,0.22
08/05/1989,1500,0.04
08/05/1989,2500,0.44
08/05/1989,2000,0.22
08/05/1989,500,0.04
08/05/1989,1000,0.03
08/05/1989,100,0.04
13/06/1989,1500,0.77
13/06/1989,500,0.1
13/06/1989,2000,0.33
13/06/1989,1000,0.24
13/06/1989,2500,0.16
13/06/1989,100,0.06
13/07/1989,1500,0.38
13/07/1989,1000,0.09
13/07/1989,2500,0.35
13/07/1989,2000,0.3
13/07/1989,500,0.04
13/07/1989,100,0.05
27/08/1989,2000,0.09
27/08/1989,100,0.07
27/08/1989,500,0.06
27/08/1989,2500,0.13
27/08/1989,1500,0.06
27/08/1989,1000,0.08
12/09/1989,100,0.08
12/09/1989,1000,0.1
12/09/1989,500,0.09
12/09/1989,2000,0.23
12/09/1989,1500,0.13
12/09/1989,2700,0.12
17/10/1989,1500,0.08
17/10/1989,100,0.04
17/10/1989,1000,0.03
17/10/1989,500,0.06
17/10/1989,2700,0.3
17/10/1989,2000,0.04
20/11/1989,1000,0.17
20/11/1989,2000,
20/11/1989,1500,
20/11/1989,2700,0.68
20/11/1989,100,0.08
20/11/1989,500,0.09
18/12/1989,1000,0.2
18/12/1989,2700,0.31
18/12/1989,500,0.18
18/12/1989,1500,0.2
18/12/1989,2000,0.2
18/12/1989,100,0.21
17/01/1990,200,
17/01/1990,2000,
17/01/1990,1000,
22/01/1990,2000,0.41
22/01/1990,1500,0.44
22/01/1990,1000,0.45
22/01/1990,500,0.46
22/01/1990,2600,0.36
22/01/1990,100,0.46
14/02/1990,1000,0.65
14/02/1990,2700,0.82
14/02/1990,1500,0.65
14/02/1990,100,0.65
14/02/1990,500,0.66
14/02/1990,2000,0.63
13/03/1990,500,0.92
13/03/1990,2000,0.91
13/03/1990,1500,0.93
13/03/1990,100,0.92
13/03/1990,1000,0.91
13/03/1990,2500,0.9
17/04/1990,2500,0.66
17/04/1990,1500,0.14
17/04/1990,2000,0.29
17/04/1990,1000,0.13
17/04/1990,100,0.1
17/04/1990,500,0.12
19/06/1990,500,
19/06/1990,1000,
19/06/1990,100,
19/07/1990,1000,0.05
19/07/1990,1500,0.05
19/07/1990,2000,0.26
19/07/1990,500,0.09
19/07/1990,2500,0.47
19/07/1990,100,0.04
20/07/1990,1500,
20/07/1990,2000,
20/07/1990,2500,
21/08/1990,1500,0.01
21/08/1990,500,0.02
21/08/1990,100,0.01
21/08/1990,2600,0.2
21/08/1990,1000,0.02
21/08/1990,2000,0.07
18/09/1990,500,0.03
18/09/1990,100,0.04
18/09/1990,2600,0.08
18/09/1990,1500,0.04
18/09/1990,2000,0.2
18/09/1990,1000,0.03
16/10/1990,1000,0.11
16/10/1990,100,0.14
16/10/1990,1500,0.51
16/10/1990,2000,0.87
16/10/1990,2600,1.05
16/10/1990,500,0.12
14/11/1990,2500,0.54
14/11/1990,2600,0.54
14/11/1990,500,0.17
14/11/1990,100,0.17
14/11/1990,2000,0.47
14/11/1990,1000,0.22
14/11/1990,1500,0.28
13/12/1990,1000,0.4
13/12/1990,1500,0.4
13/12/1990,2000,0.4
13/12/1990,100,0.38
13/12/1990,500,0.39
13/12/1990,2400,0.41
15/01/1991,1000,0.63
15/01/1991,100,0.62
15/01/1991,500,0.63
15/01/1991,1500,0.62
15/01/1991,2000,0.5
15/01/1991,2500,0.44
15/01/1991,2700,0.42
13/02/1991,1500,1.14
13/02/1991,1000,1.14
13/02/1991,2600,1.12
13/02/1991,500,1.15
13/02/1991,100,1.14
13/02/1991,2000,1.13
20/03/1991,2000,0.9
20/03/1991,1000,0.49
20/03/1991,100,0.5
20/03/1991,2500,1.18
20/03/1991,500,0.47
20/03/1991,2700,1.19
20/03/1991,1500,0.51
15/04/1991,1500,0.33
15/04/1991,2500,0.37
15/04/1991,100,0.13
15/04/1991,2000,0.33
15/04/1991,1000,0.46
15/04/1991,2700,0.36
15/04/1991,500,0.46
21/05/1991,2000,
21/05/1991,500,0.09
21/05/1991,2500,
21/05/1991,1000,0.11
21/05/1991,100,0.09
21/05/1991,1500,0.45
17/06/1991,500,0.16
17/06/1991,1500,0.48
17/06/1991,2500,0.24
17/06/1991,2000,0.41
17/06/1991,2600,0.21
17/06/1991,1000,0.31
17/06/1991,100,0.09
22/07/1991,100,0.07
22/07/1991,2500,0.17
22/07/1991,1000,0.05
22/07/1991,500,0.04
22/07/1991,2700,0.15
22/07/1991,2000,0.14
22/07/1991,1500,0.15
14/08/1991,100,0.07
14/08/1991,1000,0.05
14/08/1991,1500,0.06
14/08/1991,500,0.04
14/08/1991,2700,0.17
14/08/1991,2000,0.26
10/09/1991,2600,0.17
10/09/1991,1000,0.03
10/09/1991,500,0.04
10/09/1991,100,0.04
10/09/1991,2000,0.21
10/09/1991,1500,0.05
10/09/1991,2500,0.19
17/10/1991,500,0.05
17/10/1991,2000,0.31
17/10/1991,1000,0.05
17/10/1991,1500,0.14
17/10/1991,2600,0.27
17/10/1991,100,0.01
12/11/1991,1000,0.09
12/11/1991,2500,0.21
12/11/1991,2000,0.18
12/11/1991,100,0.08
12/11/1991,1500,0.11
12/11/1991,500,0.08
12/12/1991,2000,0.22
12/12/1991,100,0.05
12/12/1991,1500,0.18
12/12/1991,1000,0.13
12/12/1991,500,0.07
12/12/1991,2600,0.45
12/12/1991,2500,0.34
30/01/1992,1500,0.25
30/01/1992,2700,0.6
30/01/1992,2000,0.26
30/01/1992,1000,0.25
30/01/1992,2500,0.63
30/01/1992,500,0.25
30/01/1992,100,0.25
11/02/1992,2000,0.4
11/02/1992,100,0.46
11/02/1992,500,0.4
11/02/1992,2500,0.77
11/02/1992,1500,0.41
11/02/1992,1000,0.44
20/02/1992,1000,0.38
20/02/1992,2700,0.49
20/02/1992,1500,0.41
20/02/1992,100,0.37
20/02/1992,2500,0.43
20/02/1992,2000,0.41
20/02/1992,500,0.38
27/02/1992,2000,0.5
27/02/1992,500,0.46
27/02/1992,1000,0.44
27/02/1992,2500,0.57
27/02/1992,100,0.46
27/02/1992,1500,0.45
04/03/1992,500,0.51
04/03/1992,2500,0.55
04/03/1992,1000,0.53
04/03/1992,100,0.51
04/03/1992,1500,0.52
04/03/1992,2000,0.55
19/03/1992,1500,0.61
19/03/1992,1000,0.47
19/03/1992,100,0.46
19/03/1992,500,0.44
19/03/1992,2000,0.6
19/03/1992,2500,0.67
26/03/1992,1000,0.19
26/03/1992,500,0.08
26/03/1992,1500,0.4
26/03/1992,2500,0.61
26/03/1992,2000,0.61
26/03/1992,100,0.05
30/03/1992,2700,0.66
30/03/1992,100,0.03
30/03/1992,1000,0.02
30/03/1992,500,0.02
30/03/1992,2500,0.66
30/03/1992,1500,0.02
30/03/1992,2000,0.4
21/04/1992,2700,0.4
21/04/1992,500,0.04
21/04/1992,1500,0.08
21/04/1992,100,0.02
21/04/1992,2000,0.2
21/04/1992,2500,0.39
21/04/1992,1000,0.02
13/05/1992,2000,0.25
13/05/1992,1500,0.13
13/05/1992,500,0.05
13/05/1992,2500,0.32
13/05/1992,2700,0.33
13/05/1992,100,0.05
13/05/1992,1000,0.09
16/06/1992,1000,0.02
16/06/1992,100,0.02
16/06/1992,2500,0.14
16/06/1992,2700,0.18
16/06/1992,2000,0.02
16/06/1992,500,0.02
16/06/1992,1500,0.03
09/07/1992,2500,0.42
09/07/1992,1500,0.05
09/07/1992,500,0.03
09/07/1992,2000,0.12
09/07/1992,2700,0.42
09/07/1992,1000,0.02
09/07/1992,100,0.02
06/08/1992,1500,0.02
06/08/1992,100,0.01
06/08/1992,1000,0.02
06/08/1992,500,0.01
06/08/1992,2000,0.03
06/08/1992,2500,0.02
17/08/1992,100,0.02
17/08/1992,1000,0.02
17/08/1992,1500,0.02
17/08/1992,2600,0.04
17/08/1992,2500,0.04
17/08/1992,2000,0.03
17/08/1992,500,0.02
27/08/1992,2500,0.06
27/08/1992,1000,0.01
27/08/1992,2000,0.05
27/08/1992,500,0.01
27/08/1992,1500,0.02
27/08/1992,100,0.01
03/09/1992,1000,0.09
03/09/1992,500,0.07
03/09/1992,2000,0.1
03/09/1992,100,0.09
03/09/1992,1500,0.09
03/09/1992,2500,0.2
09/09/1992,1500,0.09
09/09/1992,2000,0.26
09/09/1992,1000,0.03
09/09/1992,2500,0.26
09/09/1992,500,0.02
09/09/1992,100,0.01
09/09/1992,2700,0.27
17/09/1992,2000,0.58
17/09/1992,2500,0.62
17/09/1992,100,0.04
17/09/1992,500,0.04
17/09/1992,1500,0.02
17/09/1992,1000,0.04
24/09/1992,100,0.02
24/09/1992,500,0.01
24/09/1992,1000,0.02
24/09/1992,1500,0.02
24/09/1992,2000,0.98
24/09/1992,2500,1.17
01/10/1992,2500,0.08
01/10/1992,100,0.02
01/10/1992,1000,0.01
01/10/1992,500,0.02
01/10/1992,1500,0.04
01/10/1992,2000,0.01
12/10/1992,1000,0.02
12/10/1992,2700,0.27
12/10/1992,2500,0.28
12/10/1992,100,0.02
12/10/1992,2000,0.02
12/10/1992,500,0.02
12/10/1992,1500,0.02
16/11/1992,100,0.2
16/11/1992,1500,0.21
16/11/1992,2000,0.22
16/11/1992,2500,0.22
16/11/1992,500,0.21
16/11/1992,1000,0.21
15/12/1992,1500,0.27
15/12/1992,2500,0.25
15/12/1992,2000,0.25
15/12/1992,1000,0.26
15/12/1992,100,0.26
15/12/1992,2700,0.26
15/12/1992,500,0.27
19/01/1993,2700,0.55
19/01/1993,1500,0.66
19/01/1993,100,0.69
19/01/1993,2000,0.64
19/01/1993,500,0.68
19/01/1993,1000,0.67
19/01/1993,2500,0.55
02/02/1993,2500,0.42
02/02/1993,2000,0.43
02/02/1993,500,0.29
02/02/1993,1000,0.34
02/02/1993,1500,0.41
02/02/1993,100,0.3
10/02/1993,2000,0.48
10/02/1993,2500,0.55
10/02/1993,100,0.29
10/02/1993,1500,0.43
10/02/1993,1000,0.42
10/02/1993,500,0.3
14/02/1993,100,0.46
14/02/1993,1000,0.45
14/02/1993,500,0.47
14/02/1993,2000,0.17
14/02/1993,2500,0.15
14/02/1993,1500,0.3
14/02/1993,2700,0.15
24/02/1993,1000,0.76
24/02/1993,100,0.41
24/02/1993,2000,0.53
24/02/1993,500,0.55
24/02/1993,1500,0.37
24/02/1993,2500,0.42
04/03/1993,100,0.76
04/03/1993,500,0.76
04/03/1993,1000,0.74
04/03/1993,1500,0.76
04/03/1993,2500,0.6
04/03/1993,2000,0.69
09/03/1993,1000,0.67
09/03/1993,500,0.68
09/03/1993,2000,0.53
09/03/1993,100,0.69
09/03/1993,2500,0.42
09/03/1993,1500,0.61
16/03/1993,2700,0.46
16/03/1993,2000,0.63
16/03/1993,2500,0.47
16/03/1993,100,0.59
16/03/1993,500,0.59
16/03/1993,1500,0.62
16/03/1993,1000,0.68
24/03/1993,1500,0.39
24/03/1993,100,0.03
24/03/1993,2500,0.3
24/03/1993,500,0.13
24/03/1993,1000,0.43
24/03/1993,2000,0.41
31/03/1993,2500,0.66
31/03/1993,500,0
31/03/1993,1000,0.16
31/03/1993,2000,0.63
31/03/1993,100,0.01
31/03/1993,1500,0.5
05/04/1993,2000,0.61
05/04/1993,1500,0.48
05/04/1993,1000,0.22
05/04/1993,2500,0.74
05/04/1993,500,0.21
05/04/1993,100,0.21
15/04/1993,1500,0.13
15/04/1993,2700,1.15
15/04/1993,100,0.05
15/04/1993,2500,1.03
15/04/1993,1000,0.08
15/04/1993,2000,0.24
15/04/1993,500,0.06
21/04/1993,1000,0.08
21/04/1993,1500,0.07
21/04/1993,100,0.06
21/04/1993,500,0.08
21/04/1993,2500,0.7
21/04/1993,2000,0.16
17/05/1993,2600,1.51
17/05/1993,1500,0.02
17/05/1993,1000,0.02
17/05/1993,2000,0.16
17/05/1993,2500,1.08
17/05/1993,500,0.02
17/05/1993,100,0.02
14/06/1993,2700,0.36
14/06/1993,500,0.02
14/06/1993,2000,0.57
14/06/1993,100,0.01
14/06/1993,1000,0.27
14/06/1993,2500,0.41
14/06/1993,1500,0.59
13/07/1993,1500,0.31
13/07/1993,2500,0.14
13/07/1993,2700,0.12
13/07/1993,100,0.03
13/07/1993,500,0.02
13/07/1993,2000,0.37
13/07/1993,1000,0.03
23/08/1993,2700,0.07
23/08/1993,2500,0.07
23/08/1993,500,0.02
23/08/1993,1500,0.05
23/08/1993,100,0.02
23/08/1993,1000,0.02
23/08/1993,2000,0.1
16/09/1993,1000,0.03
16/09/1993,2500,0.11
16/09/1993,2000,0.03
16/09/1993,1500,0.03
16/09/1993,100,0.02
16/09/1993,500,0.03
16/09/1993,2700,0.06
12/10/1993,2700,0.69
12/10/1993,2000,0.05
12/10/1993,1000,0.03
12/10/1993,2500,1.1
12/10/1993,500,0.03
12/10/1993,1500,0.03
12/10/1993,100,0.02
15/11/1993,500,0.13
15/11/1993,2500,0.64
15/11/1993,1500,0.15
15/11/1993,2000,0.2
15/11/1993,100,0.11
15/11/1993,2600,0.63
15/11/1993,1000,0.14
16/12/1993,100,0.34
16/12/1993,500,0.32
16/12/1993,1000,0.18
16/12/1993,2700,0.2
16/12/1993,2500,0.19
16/12/1993,1500,0.18
16/12/1993,2000,0.19
25/01/1994,1500,0.37
25/01/1994,2700,0.21
25/01/1994,2500,0.2
25/01/1994,500,0.53
25/01/1994,300,
25/01/1994,100,0.53
25/01/1994,2000,0.26
25/01/1994,1000,0.4
25/01/1994,200,
23/02/1994,2000,0.6
23/02/1994,2600,0.6
23/02/1994,200,
23/02/1994,2500,0.61
23/02/1994,500,0.58
23/02/1994,300,
23/02/1994,1000,0.59
23/02/1994,100,0.58
23/02/1994,1500,0.59
15/03/1994,200,
15/03/1994,2000,0.63
15/03/1994,300,
15/03/1994,100,0.6
15/03/1994,2700,0.62
15/03/1994,1000,0.68
15/03/1994,1500,0.62
15/03/1994,2500,0.61
15/03/1994,500,0.62
18/04/1994,2000,0.12
18/04/1994,200,
18/04/1994,300,
18/04/1994,2500,0.14
18/04/1994,1000,0.05
18/04/1994,1500,0.06
18/04/1994,100,0.02
18/04/1994,2700,0.15
18/04/1994,500,0.05
25/05/1994,2000,0.16
25/05/1994,1500,0.03
25/05/1994,200,
25/05/1994,300,
25/05/1994,2500,0.53
25/05/1994,1000,0.01
25/05/1994,100,0
25/05/1994,500,0.01
25/05/1994,2700,0.53
21/06/1994,1000,0.03
21/06/1994,100,0.01
21/06/1994,1500,0.25
21/06/1994,300,
21/06/1994,2600,0.32
21/06/1994,200,
21/06/1994,2500,0.37
21/06/1994,500,0.01
21/06/1994,2000,0.36
27/07/1994,300,
27/07/1994,100,0
27/07/1994,2000,0.04
27/07/1994,1000,0
27/07/1994,200,
27/07/1994,1500,0.01
27/07/1994,2600,0.1
27/07/1994,500,0
27/07/1994,2500,0.1
17/08/1994,1500,0.05
17/08/1994,1000,0.02
17/08/1994,100,0.02
17/08/1994,2500,0.13
17/08/1994,500,0.02
17/08/1994,2600,0.14
17/08/1994,2000,0.18
18/09/1994,100,0.02
18/09/1994,500,0.04
18/09/1994,200,
18/09/1994,1000,0.09
18/09/1994,2500,0.1
18/09/1994,300,
18/09/1994,2400,0.11
18/09/1994,1500,0.17
18/09/1994,2000,0.14
20/10/1994,100,0.1
20/10/1994,1500,0.35
20/10/1994,1000,0.12
20/10/1994,2000,0.4
20/10/1994,300,
20/10/1994,2500,0.51
20/10/1994,200,
20/10/1994,2700,0.51
20/10/1994,500,0.1
14/11/1994,2600,1.1
14/11/1994,300,
14/11/1994,2000,0.3
14/11/1994,2500,1.25
14/11/1994,100,0.18
14/11/1994,200,
14/11/1994,500,0.2
14/11/1994,1500,0.15
14/11/1994,1000,0.19
12/12/1994,1500,0.16
12/12/1994,2600,0.17
12/12/1994,100,0.19
12/12/1994,2000,0.15
12/12/1994,500,0.17
12/12/1994,1000,0.15
12/12/1994,2500,0.15
12/12/1994,200,
12/12/1994,300,
18/01/1995,100,0.26
18/01/1995,2600,0.33
18/01/1995,1500,0.26
18/01/1995,1000,0.26
18/01/1995,300,
18/01/1995,200,
18/01/1995,2000,0.26
18/01/1995,2500,0.31
18/01/1995,500,0.26
06/02/1995,2600,0.53
06/02/1995,1000,0.5
06/02/1995,500,0.51
06/02/1995,200,
06/02/1995,1500,0.49
06/02/1995,2500,0.5
06/02/1995,2000,0.49
06/02/1995,100,0.51
06/02/1995,300,
21/03/1995,300,
21/03/1995,500,0.47
21/03/1995,2600,0.45
21/03/1995,2500,0.47
21/03/1995,200,
21/03/1995,1500,0.47
21/03/1995,2000,0.47
21/03/1995,1000,0.47
21/03/1995,100,0.46
18/04/1995,300,
18/04/1995,100,0.08
18/04/1995,1000,0.08
18/04/1995,1500,0.08
18/04/1995,200,
18/04/1995,500,0.08
18/04/1995,2600,0.45
18/04/1995,2000,0.34
18/04/1995,2500,0.44
08/05/1995,2500,0.64
08/05/1995,300,
08/05/1995,200,
08/05/1995,1000,0.09
08/05/1995,100,0.05
08/05/1995,2000,0.17
08/05/1995,2600,0.64
08/05/1995,1500,0.11
08/05/1995,500,0.07
08/06/1995,1000,0.05
08/06/1995,500,0.02
08/06/1995,1500,0.11
08/06/1995,2700,0.33
08/06/1995,100,0.02
08/06/1995,2000,0.17
08/06/1995,300,
08/06/1995,200,
08/06/1995,2500,0.32
13/07/1995,100,0.01
13/07/1995,2700,0.15
13/07/1995,1500,0.33
13/07/1995,2000,0.23
13/07/1995,500,0.01
13/07/1995,2500,0.11
13/07/1995,300,
13/07/1995,200,
13/07/1995,1000,0.05
23/08/1995,100,0.02
23/08/1995,2500,0.14
23/08/1995,2000,0.08
23/08/1995,1500,0.07
23/08/1995,200,
23/08/1995,2700,0.13
23/08/1995,300,
23/08/1995,500,0.02
23/08/1995,1000,0.04
13/09/1995,2500,0.12
13/09/1995,2000,0.09
13/09/1995,500,0.01
13/09/1995,300,
13/09/1995,2700,0.12
13/09/1995,1000,0.01
13/09/1995,200,
13/09/1995,1500,0.02
13/09/1995,100,0.01
30/10/1995,500,0.03
30/10/1995,1500,0.62
30/10/1995,200,
30/10/1995,100,0.03
30/10/1995,300,
30/10/1995,2000,0.41
30/10/1995,2600,0.36
30/10/1995,2500,0.36
30/10/1995,1000,0.14
22/11/1995,200,
22/11/1995,2500,0.88
22/11/1995,100,0.15
22/11/1995,1000,0.21
22/11/1995,1500,0.52
22/11/1995,2700,0.89
22/11/1995,2000,0.78
22/11/1995,300,
22/11/1995,500,0.17
13/12/1995,1500,0.58
13/12/1995,2000,0.6
13/12/1995,100,0.48
13/12/1995,1000,0.57
13/12/1995,2500,0.73
13/12/1995,2600,0.7
13/12/1995,500,0.52
13/12/1995,300,
13/12/1995,200,
17/01/1996,2000,0.81
17/01/1996,1500,0.79
17/01/1996,2700,0.84
17/01/1996,100,0.77
17/01/1996,500,0.76
17/01/1996,2500,0.84
17/01/1996,1000,0.78
29/02/1996,500,
29/02/1996,100,
29/02/1996,1000,
29/02/1996,2000,
29/02/1996,1500,
06/03/1996,1000,
06/03/1996,1500,
06/03/1996,2000,
06/03/1996,300,
06/03/1996,200,
06/03/1996,500,
06/03/1996,100,
22/03/1996,1000,0.02
22/03/1996,2000,0.42
22/03/1996,100,0.02
22/03/1996,500,0.02
22/03/1996,2100,0.36
22/03/1996,1500,0.02
23/03/1996,200,
27/03/1996,100,0.02
27/03/1996,2000,0.15
27/03/1996,500,0.01
27/03/1996,1500,0.04
27/03/1996,1000,0.02
27/03/1996,200,
28/03/1996,1500,0.12
28/03/1996,2000,0.45
28/03/1996,100,0.07
28/03/1996,2500,0.45
28/03/1996,1000,0.13
28/03/1996,500,0.07
28/03/1996,2700,0.46
02/04/1996,200,
02/04/1996,1500,0.16
02/04/1996,1000,0.09
02/04/1996,2700,0.47
02/04/1996,500,0.01
02/04/1996,2000,0.44
02/04/1996,100,0.01
02/04/1996,2500,0.49
11/04/1996,2700,0.6
11/04/1996,2000,0.14
11/04/1996,100,0.02
11/04/1996,500,0.02
11/04/1996,1500,0.01
11/04/1996,1000,0.01
11/04/1996,2500,0.52
13/05/1996,2000,0.26
13/05/1996,500,0.02
13/05/1996,100,0.02
13/05/1996,1500,0.03
13/05/1996,2600,0.25
13/05/1996,2500,0.23
13/05/1996,1000,0.02
05/06/1996,1500,0.14
05/06/1996,100,0.03
05/06/1996,2000,0.19
05/06/1996,500,0.03
05/06/1996,1000,0.03
05/06/1996,2600,0.22
05/06/1996,2500,0.23
27/06/1996,1500,0.2
27/06/1996,500,0.1
27/06/1996,200,
27/06/1996,1000,0.1
27/06/1996,2500,0.18
27/06/1996,100,0.29
27/06/1996,2000,0.25
04/07/1996,1000,0.07
04/07/1996,2000,0.13
04/07/1996,1500,0.15
04/07/1996,100,0.02
04/07/1996,2500,0.15
04/07/1996,500,0.04
04/07/1996,200,
11/07/1996,200,
11/07/1996,2000,0.12
11/07/1996,300,
11/07/1996,100,0.01
11/07/1996,1000,0.02
11/07/1996,500,0.01
11/07/1996,2500,0.15
11/07/1996,1500,0.06
18/07/1996,200,
18/07/1996,1000,0.01
18/07/1996,2500,0.16
18/07/1996,100,0.01
18/07/1996,500,0.01
18/07/1996,1500,0.01
18/07/1996,300,
18/07/1996,2000,0.12
25/07/1996,300,
25/07/1996,200,
25/07/1996,500,0
25/07/1996,2500,0.15
25/07/1996,1500,0
25/07/1996,100,0.01
25/07/1996,1000,0
25/07/1996,2000,0.14
02/08/1996,2000,0.07
02/08/1996,100,0.01
02/08/1996,200,
02/08/1996,500,0.01
02/08/1996,1000,0
02/08/1996,1500,0.01
02/08/1996,2500,0.23
02/08/1996,300,
08/08/1996,500,0.05
08/08/1996,1500,0.03
08/08/1996,2500,0.21
08/08/1996,300,
08/08/1996,2000,0.06
08/08/1996,100,0.08
08/08/1996,200,
08/08/1996,1000,0.03
15/08/1996,200,
15/08/1996,1000,0.07
15/08/1996,1500,0.08
15/08/1996,2000,0.04
15/08/1996,2500,0.2
15/08/1996,300,
15/08/1996,100,0.08
15/08/1996,500,0.08
21/08/1996,1500,0.04
21/08/1996,200,
21/08/1996,500,0.09
21/08/1996,300,
21/08/1996,1000,0.07
21/08/1996,100,0.08
21/08/1996,1500,0.21
21/08/1996,2000,0.05
29/08/1996,100,
29/08/1996,1500,0.05
29/08/1996,300,
29/08/1996,200,
29/08/1996,2500,0.29
29/08/1996,1000,0.08
29/08/1996,2000,0.03
29/08/1996,500,0.1
12/09/1996,1000,0.08
12/09/1996,2500,0.22
12/09/1996,1500,0.05
12/09/1996,300,
12/09/1996,2000,0.14
12/09/1996,200,
12/09/1996,100,0.08
12/09/1996,500,0.08
19/09/1996,200,
19/09/1996,1500,0.06
19/09/1996,500,0.09
19/09/1996,2500,0.26
19/09/1996,1000,0.09
19/09/1996,300,
19/09/1996,100,0.15
19/09/1996,2000,0.09
26/09/1996,1500,0.06
26/09/1996,2000,0.13
26/09/1996,200,
26/09/1996,300,
26/09/1996,500,0.08
26/09/1996,1000,0.06
26/09/1996,2500,0.21
26/09/1996,100,0.09
16/10/1996,1000,0.07
16/10/1996,2500,0.38
16/10/1996,300,
16/10/1996,2000,0.35
16/10/1996,1500,0.07
16/10/1996,100,0.09
16/10/1996,500,0.07
16/10/1996,200,
12/11/1996,200,
12/11/1996,500,0.62
12/11/1996,100,0.63
12/11/1996,300,
12/11/1996,2000,0.33
12/11/1996,2500,0.3
12/11/1996,1500,0.47
12/11/1996,1000,0.75
10/12/1996,2500,0.72
10/12/1996,2000,0.68
10/12/1996,1500,0.62
10/12/1996,300,
10/12/1996,500,0.34
10/12/1996,200,
10/12/1996,1000,0.42
10/12/1996,100,0.34
15/01/1997,2000,0.87
15/01/1997,500,0.87
15/01/1997,200,
15/01/1997,1000,0.87
15/01/1997,300,
15/01/1997,1500,0.87
15/01/1997,100,0.89
15/01/1997,2500,0.91
11/02/1997,1000,1.07
11/02/1997,1500,1.08
11/02/1997,2000,1.06
11/02/1997,100,1.09
11/02/1997,300,
11/02/1997,500,1.08
11/02/1997,2500,0.68
11/02/1997,200,
18/02/1997,2500,0.12
18/02/1997,500,0.9
18/02/1997,200,
18/02/1997,1500,0.11
18/02/1997,2000,0.12
18/02/1997,100,0.92
18/02/1997,1000,0.31
18/02/1997,300,
25/02/1997,2000,0.13
25/02/1997,100,0.29
25/02/1997,500,0.27
25/02/1997,1000,0.24
25/02/1997,200,
25/02/1997,300,
25/02/1997,2500,0.12
25/02/1997,1500,0.19
04/03/1997,1000,0.28
04/03/1997,100,0.31
04/03/1997,1500,0.25
04/03/1997,2500,0.17
04/03/1997,2000,0.2
04/03/1997,200,
04/03/1997,300,
04/03/1997,500,0.31
11/03/1997,100,0.01
11/03/1997,200,
11/03/1997,2000,0.17
11/03/1997,1000,0.03
11/03/1997,1500,0.21
11/03/1997,500,0
11/03/1997,2500,0.15
11/03/1997,300,
17/03/1997,100,0.01
17/03/1997,300,
17/03/1997,500,0.01
17/03/1997,2500,0.15
17/03/1997,2000,0.19
17/03/1997,1500,0.16
17/03/1997,1000,0
17/03/1997,200,
24/03/1997,500,0.05
24/03/1997,1500,0.1
24/03/1997,1000,0.05
24/03/1997,2500,0.22
24/03/1997,2000,0.17
24/03/1997,300,
24/03/1997,200,
24/03/1997,100,0.05
04/04/1997,2000,0.16
04/04/1997,1500,0.09
04/04/1997,300,
04/04/1997,500,0.04
04/04/1997,2500,0.21
04/04/1997,1000,0.05
04/04/1997,200,
04/04/1997,100,0.04
14/04/1997,100,0.06
14/04/1997,2500,0.25
14/04/1997,1000,0.06
14/04/1997,1500,0.09
14/04/1997,500,0.06
14/04/1997,2000,0.23
15/04/1997,1500,
15/04/1997,2500,
15/04/1997,100,
15/04/1997,1000,
15/04/1997,300,
15/04/1997,200,
15/04/1997,2000,
15/04/1997,500,
17/04/1997,2500,0.31
17/04/1997,1000,0.07
17/04/1997,2000,0.24
17/04/1997,1500,0.09
17/04/1997,300,
17/04/1997,200,
17/04/1997,500,0.06
17/04/1997,100,0.06
18/04/1997,300,
18/04/1997,100,
18/04/1997,1500,
18/04/1997,2000,
18/04/1997,500,
18/04/1997,2500,
18/04/1997,1000,
18/04/1997,200,
30/04/1997,100,
30/04/1997,1500,0.27
30/04/1997,200,
30/04/1997,2000,0.48
30/04/1997,500,0.07
30/04/1997,1000,0.07
30/04/1997,300,
30/04/1997,2500,0.58
06/05/1997,1000,0.29
06/05/1997,500,0.1
06/05/1997,2500,0.39
06/05/1997,1500,0.7
06/05/1997,200,
06/05/1997,2000,0.84
06/05/1997,100,0.11
06/05/1997,300,
30/05/1997,2500,0.98
30/05/1997,1500,0.02
30/05/1997,1000,0.01
30/05/1997,2000,0.05
30/05/1997,100,0.02
30/05/1997,500,0.02
05/06/1997,500,0.01
05/06/1997,2000,0.35
05/06/1997,2500,1
05/06/1997,300,
05/06/1997,200,
05/06/1997,100,0.01
05/06/1997,1000,0.01
05/06/1997,1500,0.01
18/06/1997,2500,0.39
18/06/1997,1000,0.01
18/06/1997,1500,0.02
18/06/1997,200,
18/06/1997,500,0.01
18/06/1997,300,
18/06/1997,100,0.01
18/06/1997,2000,0.82
02/07/1997,1000,0.09
02/07/1997,300,
02/07/1997,1500,0.14
02/07/1997,100,0.07
02/07/1997,2000,0.31
02/07/1997,500,0.08
02/07/1997,2500,0.17
02/07/1997,200,
09/07/1997,300,
09/07/1997,200,
09/07/1997,2500,0.2
09/07/1997,500,0.08
09/07/1997,2000,0.26
09/07/1997,1500,0.08
09/07/1997,100,0.08
09/07/1997,1000,0.08
15/07/1997,200,
15/07/1997,1000,0.09
15/07/1997,2500,0.15
15/07/1997,2000,0.09
15/07/1997,300,
15/07/1997,500,0.21
15/07/1997,1500,0.22
15/07/1997,100,0.08
23/07/1997,2000,0.14
23/07/1997,2500,0.14
23/07/1997,1500,0.07
23/07/1997,500,0.13
23/07/1997,300,
23/07/1997,200,
23/07/1997,1000,0.08
23/07/1997,100,0.17
30/07/1997,2000,0.19
30/07/1997,1500,0.08
30/07/1997,200,
30/07/1997,500,0.08
30/07/1997,1000,0.11
30/07/1997,100,0.09
30/07/1997,300,
30/07/1997,2000,0.25
05/08/1997,1000,0.06
05/08/1997,300,
05/08/1997,100,0.06
05/08/1997,2000,0.14
05/08/1997,500,0.06
05/08/1997,200,
05/08/1997,1500,0.07
05/08/1997,2500,0.17
12/08/1997,100,0.08
12/08/1997,1000,0.07
12/08/1997,2500,0.12
12/08/1997,500,0.1
12/08/1997,200,
12/08/1997,2000,0.13
12/08/1997,1500,0.09
12/08/1997,300,
18/08/1997,1000,
18/08/1997,2000,
18/08/1997,1500,
18/08/1997,2500,0.25
18/08/1997,300,
18/08/1997,200,
18/08/1997,100,0.07
18/08/1997,500,
25/08/1997,100,0.06
25/08/1997,500,0.06
25/08/1997,1000,0.06
25/08/1997,2500,0.19
25/08/1997,1500,0.13
25/08/1997,200,
25/08/1997,300,
25/08/1997,2000,0.15
01/09/1997,500,0.06
01/09/1997,300,
01/09/1997,1500,0.06
01/09/1997,2500,0.16
01/09/1997,100,0.07
01/09/1997,200,
01/09/1997,2000,0.12
01/09/1997,1000,0.04
08/09/1997,500,0.06
08/09/1997,2000,0.15
08/09/1997,200,
08/09/1997,1500,0.06
08/09/1997,1500,0.23
08/09/1997,100,0.07
08/09/1997,1000,0.04
08/09/1997,300,
18/09/1997,500,0.05
18/09/1997,200,
18/09/1997,100,0.06
18/09/1997,1000,0.15
18/09/1997,2500,
18/09/1997,1500,0.13
18/09/1997,300,
18/09/1997,2000,0.19
25/09/1997,2400,0.4
25/09/1997,1400,0.29
25/09/1997,900,0.09
25/09/1997,400,0.03
25/09/1997,300,
25/09/1997,100,0.04
25/09/1997,200,
25/09/1997,1900,0.34
22/10/1997,2500,0.88
22/10/1997,1500,0.2
22/10/1997,200,
22/10/1997,100,0.06
22/10/1997,300,
22/10/1997,1000,0.07
22/10/1997,2000,0.7
22/10/1997,500,0.07
13/11/1997,500,0.18
13/11/1997,200,
13/11/1997,2000,0.46
13/11/1997,1000,0.22
13/11/1997,300,
13/11/1997,1500,0.36
13/11/1997,2500,0.6
13/11/1997,100,0.18
10/12/1997,200,
10/12/1997,1000,0.41
10/12/1997,2000,0.52
10/12/1997,1500,0.44
10/12/1997,100,0.39
10/12/1997,300,
10/12/1997,2500,0.74
10/12/1997,500,0.4
14/01/1998,2000,0.32
14/01/1998,100,0.82
14/01/1998,1500,0.38
14/01/1998,1000,0.74
14/01/1998,2500,0.35
14/01/1998,500,0.81
14/01/1998,200,
14/01/1998,300,
12/02/1998,100,0.77
12/02/1998,2500,0.27
12/02/1998,2000,0.32
12/02/1998,1500,0.44
12/02/1998,300,
12/02/1998,200,
12/02/1998,500,0.77
12/02/1998,1000,0.53
25/02/1998,2500,0.33
25/02/1998,1000,0.32
25/02/1998,100,0.27
25/02/1998,2000,0.35
25/02/1998,500,0.26
25/02/1998,200,
25/02/1998,1500,0.31
25/02/1998,300,
11/03/1998,2500,0.05
11/03/1998,200,
11/03/1998,2000,0.05
11/03/1998,300,
11/03/1998,1000,0.01
11/03/1998,1500,0.01
11/03/1998,500,0.01
11/03/1998,100,0.01
26/03/1998,200,
26/03/1998,1000,0.01
26/03/1998,500,0.01
26/03/1998,100,0.01
26/03/1998,2500,0.07
26/03/1998,300,
26/03/1998,1500,0.02
26/03/1998,2000,0.04
01/04/1998,2000,0.01
01/04/1998,100,0.01
01/04/1998,2500,0.12
01/04/1998,500,0
01/04/1998,1000,0
01/04/1998,1500,0
01/04/1998,200,
01/04/1998,300,
22/04/1998,300,
22/04/1998,2000,0.06
22/04/1998,1000,0.05
22/04/1998,200,
22/04/1998,2500,0.13
22/04/1998,100,0.02
22/04/1998,1500,0.05
22/04/1998,500,0.02
11/05/1998,100,0.02
11/05/1998,200,
11/05/1998,1400,0.08
11/05/1998,400,0.03
11/05/1998,900,0.01
11/05/1998,300,
11/05/1998,2400,0.21
11/05/1998,1900,0.14
10/06/1998,300,
10/06/1998,2500,0.6
10/06/1998,1000,0.02
10/06/1998,1500,0.1
10/06/1998,100,0.02
10/06/1998,2000,0.27
10/06/1998,500,0.02
10/06/1998,200,
25/06/1998,2000,0.39
25/06/1998,100,0
25/06/1998,500,0
25/06/1998,1000,0.01
25/06/1998,300,
25/06/1998,2500,0.34
25/06/1998,1500,0.27
25/06/1998,200,
02/07/1998,200,
02/07/1998,500,0.01
02/07/1998,2500,0.26
02/07/1998,300,
02/07/1998,100,0
02/07/1998,1000,0
02/07/1998,1500,0.01
02/07/1998,2000,0.2
08/07/1998,2500,0.4
08/07/1998,100,0.02
08/07/1998,300,
08/07/1998,500,0.01
08/07/1998,2000,0.04
08/07/1998,1000,0.01
08/07/1998,1500,0.02
08/07/1998,200,
15/07/1998,100,0.01
15/07/1998,300,
15/07/1998,200,
15/07/1998,500,0.01
15/07/1998,1500,0.01
15/07/1998,2000,0.05
15/07/1998,1000,0.01
15/07/1998,2500,0.12
22/07/1998,200,
22/07/1998,300,
22/07/1998,2500,0.12
22/07/1998,500,0.01
22/07/1998,1500,0.01
22/07/1998,100,0.01
22/07/1998,1000,0.01
22/07/1998,2000,0.01
29/07/1998,1000,0.01
29/07/1998,300,
29/07/1998,2500,0.11
29/07/1998,200,
29/07/1998,2000,0.04
29/07/1998,100,0.01
29/07/1998,500,0.01
29/07/1998,1500,0.01
11/08/1998,1000,0.01
11/08/1998,100,0.01
11/08/1998,500,0.01
11/08/1998,200,
11/08/1998,2500,0.16
11/08/1998,300,
11/08/1998,1500,0.01
11/08/1998,2000,0.03
19/08/1998,1500,0.01
19/08/1998,200,
19/08/1998,2000,0.05
19/08/1998,300,
19/08/1998,2500,0.18
19/08/1998,500,0.01
19/08/1998,1000,0.01
19/08/1998,100,0.01
26/08/1998,1000,
26/08/1998,1500,
26/08/1998,2500,
26/08/1998,200,
26/08/1998,2000,
26/08/1998,500,
26/08/1998,300,
26/08/1998,100,0.27
01/09/1998,2000,0.37
01/09/1998,1500,0.23
01/09/1998,500,0.1
01/09/1998,1000,0.07
01/09/1998,100,0.13
08/09/1998,200,
08/09/1998,500,0.01
08/09/1998,1900,0.06
08/09/1998,300,
08/09/1998,100,0
08/09/1998,2400,0.06
08/09/1998,1400,0
08/09/1998,900,0.01
16/09/1998,200,
16/09/1998,2000,0
16/09/1998,1500,0
16/09/1998,500,0.01
16/09/1998,2500,0.09
16/09/1998,1000,0
16/09/1998,300,
16/09/1998,100,0
21/09/1998,2000,0.01
21/09/1998,100,0.01
21/09/1998,300,
21/09/1998,1500,0.01
21/09/1998,500,0.01
21/09/1998,200,
21/09/1998,1000,0.01
21/09/1998,2500,0.07
15/10/1998,2500,0.18
15/10/1998,100,0.13
15/10/1998,2000,0.14
15/10/1998,509,0.13
15/10/1998,300,
15/10/1998,1000,0.13
15/10/1998,1500,0.13
15/10/1998,200,
03/11/1998,1510,0.14
03/11/1998,200,
03/11/1998,110,0.1
03/11/1998,2500,0.29
03/11/1998,300,
03/11/1998,2000,0.23
03/11/1998,509,0.1
03/11/1998,1010,0.1
08/12/1998,300,
08/12/1998,1000,0.46
08/12/1998,2500,0.52
08/12/1998,2000,0.2
08/12/1998,200,
08/12/1998,500,0.49
08/12/1998,1500,0.35
08/12/1998,100,0.49
26/01/1999,2000,0.89
26/01/1999,1500,0.87
26/01/1999,2500,0.93
26/01/1999,500,0.82
26/01/1999,100,0.82
26/01/1999,1000,0.83
12/02/1999,1500,1.07
12/02/1999,2500,1.17
12/02/1999,1000,1.05
12/02/1999,2000,1.18
12/02/1999,500,1.04
12/02/1999,100,1.05
25/03/1999,100,0.29
25/03/1999,1000,0.28
25/03/1999,500,0.27
25/03/1999,2500,0.94
25/03/1999,2000,0.29
25/03/1999,1500,0.29
27/04/1999,500,0.16
27/04/1999,2500,0.15
27/04/1999,1000,0.22
27/04/1999,2000,0.24
27/04/1999,100,0.18
27/04/1999,1500,0.38
25/05/1999,2000,0.52
25/05/1999,500,0
25/05/1999,2500,0.54
25/05/1999,1500,0.17
25/05/1999,100,0
25/05/1999,1000,0.08
18/06/1999,2000,0.5
18/06/1999,2500,0.21
18/06/1999,100,0.07
18/06/1999,1000,0.09
18/06/1999,500,0.08
18/06/1999,1500,0.1
15/07/1999,1000,0.05
15/07/1999,100,0.05
15/07/1999,500,0.04
15/07/1999,2000,0.09
15/07/1999,1500,0.05
15/07/1999,2500,0.11
17/08/1999,500,0.08
17/08/1999,1000,0.07
17/08/1999,1500,0.07
17/08/1999,100,0.09
17/08/1999,2500,0.33
17/08/1999,2000,0.27
17/09/1999,1000,0.04
17/09/1999,100,0.05
17/09/1999,1500,0.03
17/09/1999,500,0.03
17/09/1999,2000,0.03
17/09/1999,2500,0.14
18/10/1999,500,0
18/10/1999,2500,0.38
18/10/1999,1000,0
18/10/1999,2000,0.33
18/10/1999,1500,0.64
18/10/1999,100,0.01
16/11/1999,100,0.09
16/11/1999,2000,0.07
16/11/1999,2500,0.31
16/11/1999,500,0.05
16/11/1999,1500,0.06
16/11/1999,1000,0.1
15/12/1999,1000,0.42
15/12/1999,2000,0.41
15/12/1999,2500,0.24
15/12/1999,500,0.41
15/12/1999,1500,0.41
15/12/1999,100,0.42
18/01/2000,2500,0.34
18/01/2000,1000,0.34
18/01/2000,100,0.34
18/01/2000,1500,0.34
18/01/2000,500,0.34
18/01/2000,2000,0.32
08/02/2000,2500,0.91
08/02/2000,500,0.9
08/02/2000,1000,0.9
08/02/2000,1500,0.9
08/02/2000,100,0.9
08/02/2000,2000,0.91
15/03/2000,1500,1.05
15/03/2000,1000,1.05
15/03/2000,500,1.04
15/03/2000,100,1.03
15/03/2000,2500,1.06
15/03/2000,2000,1.05
17/04/2000,100,0.1
17/04/2000,500,0.09
17/04/2000,2000,0.55
17/04/2000,1500,0.38
17/04/2000,1000,0.13
17/04/2000,2500,0.64
17/05/2000,1000,0.02
17/05/2000,1500,0.03
17/05/2000,100,0.02
17/05/2000,2500,2.25
17/05/2000,2000,1.75
17/05/2000,500,0.02
28/06/2000,2500,0.2
28/06/2000,100,0.06
28/06/2000,2000,0.24
28/06/2000,1500,0.09
28/06/2000,1000,0.06
28/06/2000,500,0.06
12/07/2000,1500,0.21
12/07/2000,2500,0.12
12/07/2000,100,0.06
12/07/2000,1000,0.12
12/07/2000,500,0.05
12/07/2000,2000,0.18
08/08/2000,1500,0.08
08/08/2000,2000,0.1
08/08/2000,500,0.07
08/08/2000,2500,0.16
08/08/2000,100,0.07
08/08/2000,1000,0.06
27/09/2000,1500,0.04
27/09/2000,1000,0.02
27/09/2000,2000,0.06
27/09/2000,2500,0.07
27/09/2000,100,0.07
27/09/2000,500,0.04
24/10/2000,2500,0.32
24/10/2000,1000,0.03
24/10/2000,2000,0.22
24/10/2000,1500,0.06
24/10/2000,500,0.03
24/10/2000,100,0.03
28/11/2000,1000,0.2
28/11/2000,100,0.17
28/11/2000,1500,0.2
28/11/2000,2500,0.85
28/11/2000,500,0.2
28/11/2000,2000,0.23
18/12/2000,2500,0.41
18/12/2000,1500,0.29
18/12/2000,1000,0.24
18/12/2000,100,0.2
18/12/2000,2000,0.33
18/12/2000,500,0.18
16/01/2001,500,0.33
16/01/2001,1500,0.24
16/01/2001,2000,0.3
16/01/2001,1000,0.28
16/01/2001,2500,0.48
16/01/2001,100,0.35
15/02/2001,500,0.76
15/02/2001,2000,0.68
15/02/2001,1000,0.79
15/02/2001,1500,0.68
15/02/2001,2500,0.73
15/02/2001,100,0.75
13/03/2001,2000,0.52
13/03/2001,500,0.27
13/03/2001,1500,0.51
13/03/2001,1000,0.27
13/03/2001,100,0.26
13/03/2001,2500,0.4
18/04/2001,1000,0.06
18/04/2001,2500,0.12
18/04/2001,500,0.04
18/04/2001,100,0.03
18/04/2001,2000,0.02
18/04/2001,1500,0.08
31/05/2001,2000,0.74
31/05/2001,1000,0.07
31/05/2001,1500,0.22
31/05/2001,100,0.04
31/05/2001,2500,0.49
31/05/2001,500,0.03
28/06/2001,500,0.05
28/06/2001,2500,0.21
28/06/2001,1500,0.46
28/06/2001,1000,0.07
28/06/2001,100,0.05
28/06/2001,2000,0.53
11/07/2001,100,0.07
11/07/2001,500,0.08
11/07/2001,2000,0.09
11/07/2001,2500,0.35
11/07/2001,1500,0.07
11/07/2001,1000,0.08
09/08/2001,500,0.34
09/08/2001,1500,0.05
09/08/2001,100,0.55
09/08/2001,1000,0.09
09/08/2001,2000,0.05
09/08/2001,2500,0.07
10/09/2001,100,0.05
10/09/2001,1500,0.02
10/09/2001,500,0.04
10/09/2001,1000,0.05
10/09/2001,2000,0.04
10/09/2001,2500,0.15
16/10/2001,1000,0.04
16/10/2001,2500,0.32
16/10/2001,100,0.03
16/10/2001,2000,0.08
16/10/2001,1500,0.03
16/10/2001,500,0.04
06/11/2001,2500,0.13
06/11/2001,2000,0.13
06/11/2001,1000,0.18
06/11/2001,100,0.45
06/11/2001,1500,0.13
06/11/2001,500,0.36
13/12/2001,500,0.41
13/12/2001,1000,0.26
13/12/2001,1500,0.29
13/12/2001,2000,0.32
13/12/2001,2500,0.32
13/12/2001,100,0.73
08/01/2002,100,0.63
08/01/2002,500,0.57
08/01/2002,1500,0.64
08/01/2002,1000,0.56
08/01/2002,2000,0.7
08/01/2002,2500,0.78
21/02/2002,2500,0.74
21/02/2002,2000,0.8
21/02/2002,500,0.83
21/02/2002,100,0.85
21/02/2002,1500,0.8
21/02/2002,1000,0.81
11/03/2002,2500,0.79
11/03/2002,500,0.77
11/03/2002,100,0.76
11/03/2002,2000,0.78
11/03/2002,1500,0.76
11/03/2002,1000,0.78
10/04/2002,1500,0.03
10/04/2002,2500,0.45
10/04/2002,2000,0.16
10/04/2002,500,0.03
10/04/2002,100,0.03
10/04/2002,1000,0.03
21/05/2002,2000,0.93
21/05/2002,100,0.08
21/05/2002,2500,0.93
21/05/2002,1500,0.13
21/05/2002,1000,0.06
21/05/2002,500,0.08
18/06/2002,100,0.03
18/06/2002,500,0.03
18/06/2002,1000,0.03
18/06/2002,2000,0.21
18/06/2002,2500,0.25
18/06/2002,1500,0.24
09/07/2002,1500,0.02
09/07/2002,2000,0.17
09/07/2002,500,0.02
09/07/2002,2500,0.28
09/07/2002,100,0.02
09/07/2002,1000,0.02
20/08/2002,2500,0.1
20/08/2002,100,0.07
20/08/2002,500,0.01
20/08/2002,1500,0.01
20/08/2002,1000,0.01
20/08/2002,2000,0.03
17/09/2002,500,0.03
17/09/2002,2500,0.04
17/09/2002,100,0.03
17/09/2002,1000,0.02
17/09/2002,2000,0.04
17/09/2002,1500,0.02
15/10/2002,1000,0.06
15/10/2002,1500,0.1
15/10/2002,2500,0.18
15/10/2002,100,0.06
15/10/2002,500,0.05
15/10/2002,2000,0.19
19/11/2002,1000,0.09
19/11/2002,500,0.09
19/11/2002,1500,0.09
19/11/2002,2500,0.42
19/11/2002,2000,0.41
19/11/2002,100,0.1
17/12/2002,1000,0.26
17/12/2002,2500,0.3
17/12/2002,2000,0.25
17/12/2002,100,0.28
17/12/2002,1500,0.25
17/12/2002,500,0.26
23/01/2003,1500,0.24
23/01/2003,100,0.45
23/01/2003,1000,0.25
23/01/2003,2000,0.21
23/01/2003,500,0.34
23/01/2003,2500,0.25
18/02/2003,100,0.01
18/02/2003,500,0.01
18/02/2003,1000,0.01
18/02/2003,2500,0.24
18/02/2003,1500,0.23
18/02/2003,2000,0.29
11/03/2003,2500,0.12
11/03/2003,100,0.02
11/03/2003,500,0.02
11/03/2003,2000,0.05
11/03/2003,1500,0.02
11/03/2003,1000,0.02
24/04/2003,100,0.01
24/04/2003,2500,0.18
24/04/2003,500,0
24/04/2003,1500,0
24/04/2003,2000,0.06
24/04/2003,1000,0.01
13/05/2003,1500,0.03
13/05/2003,2000,0.13
13/05/2003,500,0.02
13/05/2003,1000,0.01
13/05/2003,2500,0.24
13/05/2003,100,0.02
17/06/2003,2500,0.26
17/06/2003,500,0.02
17/06/2003,100,0.02
17/06/2003,2000,0.29
17/06/2003,1500,0.14
17/06/2003,1000,0.03
15/07/2003,2000,0.25
15/07/2003,1500,0.03
15/07/2003,1000,0.02
15/07/2003,2500,0.26
15/07/2003,100,0.04
15/07/2003,500,0.02
13/08/2003,500,0.03
13/08/2003,100,0.04
13/08/2003,1500,0.04
13/08/2003,2500,0.29
13/08/2003,2000,0.05
13/08/2003,1000,0.04
08/09/2003,1000,0.02
08/09/2003,2500,0.55
08/09/2003,500,0.02
08/09/2003,1500,0.18
08/09/2003,2000,0.35
08/09/2003,100,0.02
14/10/2003,2500,0.1
14/10/2003,2000,0.28
14/10/2003,500,0.03
14/10/2003,1000,0.03
14/10/2003,100,0.06
14/10/2003,1500,0.04
12/11/2003,1500,0.33
12/11/2003,500,0.24
12/11/2003,2500,0.39
12/11/2003,2000,0.41
12/11/2003,100,0.28
12/11/2003,1000,0.23
04/12/2003,1000,0.55
04/12/2003,2500,0.47
04/12/2003,500,0.43
04/12/2003,2000,0.7
04/12/2003,1500,0.6
04/12/2003,100,0.43
20/01/2004,2500,0.49
20/01/2004,1500,0.58
20/01/2004,500,0.83
20/01/2004,1000,0.55
20/01/2004,100,0.57
20/01/2004,2000,0.55
18/02/2004,1000,0.36
18/02/2004,500,0.37
18/02/2004,2500,0.62
18/02/2004,100,0.38
18/02/2004,1500,0.36
18/02/2004,2000,0.64
16/03/2004,100,0.05
16/03/2004,2000,0.1
16/03/2004,2500,0.11
16/03/2004,1500,0
16/03/2004,1000,0.06
16/03/2004,500,0.05
15/04/2004,2500,0.11
15/04/2004,1000,0.02
15/04/2004,100,0.02
15/04/2004,1500,0.03
15/04/2004,500,0.02
15/04/2004,2000,0.03
11/05/2004,500,0.03
11/05/2004,2000,0.14
11/05/2004,100,0.03
11/05/2004,1500,0.05
11/05/2004,2500,0.26
11/05/2004,1000,0.04
21/06/2004,1500,0.39
21/06/2004,2500,0.2
21/06/2004,500,0.07
21/06/2004,2000,0.27
21/06/2004,1000,0.36
21/06/2004,100,0.06
13/07/2004,1000,0.16
13/07/2004,2500,0.54
13/07/2004,500,0.03
13/07/2004,1500,0.36
13/07/2004,2000,0.98
13/07/2004,100,0.04
10/08/2004,2000,0.15
10/08/2004,500,0.05
10/08/2004,1500,0.02
10/08/2004,1000,0.04
10/08/2004,2500,0.12
10/08/2004,100,0.04
13/09/2004,1000,0.03
13/09/2004,1500,0.04
13/09/2004,100,0.04
13/09/2004,2000,0.11
13/09/2004,2500,0.12
13/09/2004,500,0.03
13/10/2004,1000,0.28
13/10/2004,500,0.02
13/10/2004,2000,0.38
13/10/2004,2500,0.33
13/10/2004,1500,0.37
13/10/2004,100,0.02
09/11/2004,2500,0.45
09/11/2004,2000,0.17
09/11/2004,100,0.04
09/11/2004,1500,0.11
09/11/2004,1000,0.11
09/11/2004,500,0.06
15/12/2004,500,0.05
15/12/2004,2500,0.27
15/12/2004,100,0.07
15/12/2004,2000,0.06
15/12/2004,1000,0.05
15/12/2004,1500,0.05
18/01/2005,100,0.21
18/01/2005,2000,0.11
18/01/2005,2500,0.12
18/01/2005,500,0.22
18/01/2005,1000,0.22
18/01/2005,1500,0.2
22/02/2005,1500,0.36
22/02/2005,2500,0.42
22/02/2005,1000,0.38
22/02/2005,500,0.37
22/02/2005,2000,0.42
22/02/2005,100,0.36
29/03/2005,1500,0.02
29/03/2005,2000,0.03
29/03/2005,500,0.03
29/03/2005,1000,0.02
29/03/2005,2500,0.78
29/03/2005,100,0.03
26/04/2005,1000,0.05
26/04/2005,100,0.05
26/04/2005,500,0.04
26/04/2005,2500,0.37
26/04/2005,2000,0.23
26/04/2005,1500,0.04
20/05/2005,500,0.04
20/05/2005,2500,0.32
20/05/2005,2000,0.39
20/05/2005,1000,0.45
20/05/2005,100,0.05
20/05/2005,1500,0.35
21/06/2005,2500,0.25
21/06/2005,100,0
21/06/2005,2000,0.1
21/06/2005,1000,0.07
21/06/2005,1500,0.31
21/06/2005,500,0
28/07/2005,100,0.01
28/07/2005,1000,0.02
28/07/2005,500,0.01
28/07/2005,2500,0.14
28/07/2005,2000,0.21
28/07/2005,1500,0.3
11/08/2005,2000,0.27
11/08/2005,1000,0.04
11/08/2005,1500,0.01
11/08/2005,100,0
11/08/2005,2500,0.21
11/08/2005,500,0
14/09/2005,1500,0.03
14/09/2005,2500,0.17
14/09/2005,100,0.03
14/09/2005,1000,0.02
14/09/2005,2000,0.06
14/09/2005,500,0.02
26/10/2005,500,0.03
26/10/2005,2000,0.06
26/10/2005,2500,0.52
26/10/2005,100,0.03
26/10/2005,1000,0.02
26/10/2005,1500,0.02
15/11/2005,500,0.25
15/11/2005,1500,0.25
15/11/2005,1000,0.24
15/11/2005,2000,0.26
15/11/2005,100,0.25
15/11/2005,2500,0.3
13/12/2005,2000,0.23
13/12/2005,100,0.14
13/12/2005,1500,0.13
13/12/2005,2500,0.57
13/12/2005,500,0.1
13/12/2005,1000,0.11
17/01/2006,1500,0.18
17/01/2006,100,0.49
17/01/2006,1000,0.2
17/01/2006,2500,0.17
17/01/2006,2000,0.17
17/01/2006,500,0.27
14/02/2006,100,0.09
14/02/2006,2000,0.35
14/02/2006,1500,0.32
14/02/2006,1000,0.17
14/02/2006,2500,0.49
14/02/2006,500,0.08
14/03/2006,1000,0.02
14/03/2006,500,0.02
14/03/2006,2500,0.14
14/03/2006,2000,0.04
14/03/2006,1500,0.03
14/03/2006,100,0.03
21/04/2006,2500,0.12
21/04/2006,500,0.03
21/04/2006,1000,0.1
21/04/2006,2000,0.05
21/04/2006,1500,0.05
21/04/2006,100,0.02
17/05/2006,2000,0.19
17/05/2006,1500,0.03
17/05/2006,1000,0.05
17/05/2006,2500,0.16
17/05/2006,100,0.06
17/05/2006,500,0.06
21/06/2006,1000,0.07
21/06/2006,100,0.07
21/06/2006,2000,0.12
21/06/2006,1500,0.04
21/06/2006,2500,0.22
21/06/2006,500,0.07
27/07/2006,1000,0.44
27/07/2006,100,0.04
27/07/2006,2000,0.55
27/07/2006,1500,0.27
27/07/2006,2500,0.24
27/07/2006,500,0.11
17/08/2006,2500,0.62
17/08/2006,2000,0.16
17/08/2006,1000,0.1
17/08/2006,100,0.11
17/08/2006,1500,0.16
17/08/2006,500,0.07
20/09/2006,2000,0.11
20/09/2006,2500,0.27
20/09/2006,1500,0.04
20/09/2006,100,0.05
20/09/2006,500,0.05
20/09/2006,1000,0.04
11/10/2006,2500,
11/10/2006,100,
11/10/2006,1000,
11/10/2006,500,
11/10/2006,1500,
11/10/2006,2000,
14/11/2006,500,0.75
14/11/2006,1500,0.76
14/11/2006,1000,0.75
14/11/2006,2000,0.67
14/11/2006,100,0.76
14/11/2006,2500,0.56
12/12/2006,2500,0.82
12/12/2006,1000,0.57
12/12/2006,500,0.41
12/12/2006,100,0.44
12/12/2006,1500,0.61
12/12/2006,2000,0.75
22/02/2007,2500,0.9
22/02/2007,2000,0.88
22/02/2007,1000,0.81
22/02/2007,1500,0.85
22/02/2007,500,0.79
22/02/2007,100,0.75
15/03/2007,2500,1.05
15/03/2007,100,0.09
15/03/2007,1000,0.34
15/03/2007,1500,0.63
15/03/2007,500,0.07
15/03/2007,2000,0.94
05/04/2007,1000,0.04
05/04/2007,500,0.04
05/04/2007,100,0.05
05/04/2007,2500,0.17
05/04/2007,2000,0.27
05/04/2007,1500,0.04
04/05/2007,500,0.05
04/05/2007,1000,0.08
04/05/2007,2500,0.22
04/05/2007,1500,0.14
04/05/2007,100,0
04/05/2007,2000,0.22
14/05/2007,1500,0.12
14/05/2007,100,0.02
14/05/2007,2000,0.16
14/05/2007,2500,0.16
14/05/2007,1000,0.04
14/05/2007,500,0.02
14/06/2007,1500,0.03
14/06/2007,100,0.13
14/06/2007,2000,0.29
14/06/2007,1000,0.01
14/06/2007,500,0.17
14/06/2007,2500,0.26
12/07/2007,100,0.12
12/07/2007,1000,0.13
12/07/2007,1500,0.25
12/07/2007,500,0.12
12/07/2007,2000,0.57
12/07/2007,2500,0.21
16/08/2007,500,0.07
16/08/2007,1500,0.26
16/08/2007,2500,0.21
16/08/2007,100,0.07
16/08/2007,1000,0.16
16/08/2007,2000,0.28
12/09/2007,2500,0.13
12/09/2007,100,0.09
12/09/2007,1500,0.07
12/09/2007,500,0.08
12/09/2007,1000,0.09
12/09/2007,2000,0.08
16/10/2007,2000,0.5
16/10/2007,100,0.01
16/10/2007,500,0.01
16/10/2007,1500,0.06
16/10/2007,2500,0.4
16/10/2007,1000,0.01
13/11/2007,500,0.07
13/11/2007,2500,0.27
13/11/2007,2000,0.18
13/11/2007,1500,0.21
13/11/2007,100,0.08
13/11/2007,1000,0.1
11/12/2007,100,0.81
11/12/2007,2500,0.66
11/12/2007,1000,0.94
11/12/2007,1500,0.62
11/12/2007,500,0.92
11/12/2007,2000,0.76
17/01/2008,1500,0.64
17/01/2008,2500,0.69
17/01/2008,100,0.57
17/01/2008,1000,0.62
17/01/2008,500,0.59
17/01/2008,2000,0.66
19/02/2008,1500,0.26
19/02/2008,500,0.23
19/02/2008,2000,0.49
19/02/2008,100,0.23
19/02/2008,1000,0.25
19/02/2008,2500,0.42
16/04/2008,100,0.03
16/04/2008,1500,0.04
16/04/2008,1000,0.05
16/04/2008,500,0.03
16/04/2008,2000,0.04
16/04/2008,2500,0.17
20/05/2008,500,0.01
20/05/2008,1500,0.02
20/05/2008,2500,0.62
20/05/2008,100,0.01
20/05/2008,2000,0.25
20/05/2008,1000,0.01
24/06/2008,1000,0.07
24/06/2008,1500,0.09
24/06/2008,2500,0.19
24/06/2008,2000,0.2
24/06/2008,500,0.08
24/06/2008,100,0.07
09/07/2008,500,0.07
09/07/2008,1000,0.04
09/07/2008,100,0.06
09/07/2008,1500,0.03
09/07/2008,2500,0.37
09/07/2008,2000,0.03
19/08/2008,500,0.06
19/08/2008,1000,0.07
19/08/2008,2500,0.13
19/08/2008,1500,0.09
19/08/2008,2000,0.11
19/08/2008,100,0.05
15/09/2008,2500,0.17
15/09/2008,1500,0.05
15/09/2008,100,0.08
15/09/2008,500,0.07
15/09/2008,1000,0.05
15/09/2008,2000,0.11
16/09/2008,2500,0.21
16/09/2008,500,0.22
16/09/2008,1000,0.02
16/09/2008,100,0.17
16/09/2008,2000,0.18
16/09/2008,1500,0.03
17/09/2008,100,0.06
17/09/2008,1500,0.04
17/09/2008,2000,0.09
17/09/2008,1000,0.05
17/09/2008,500,0.03
17/09/2008,2500,0.15
18/09/2008,2500,0.15
18/09/2008,1500,0.05
18/09/2008,1000,0.02
18/09/2008,500,0.01
18/09/2008,2000,0.1
18/09/2008,100,0.01
27/10/2008,1500,0.57
27/10/2008,2000,0.22
27/10/2008,2500,0.15
27/10/2008,100,0.51
27/10/2008,1000,0.64
27/10/2008,500,0.45
17/11/2008,100,0.67
17/11/2008,500,0.68
17/11/2008,1500,1.22
17/11/2008,2500,1.55
17/11/2008,2000,1.53
17/11/2008,1000,0.71
08/12/2008,500,
08/12/2008,1000,
08/12/2008,100,
08/12/2008,2500,
08/12/2008,1500,
08/12/2008,2000,
19/01/2009,1500,0.47
19/01/2009,2500,0.42
19/01/2009,500,0.5
19/01/2009,100,0.49
19/01/2009,2000,0.43
19/01/2009,1000,0.5
19/01/2009,100,0.49
19/01/2009,500,0.5
19/01/2009,1000,0.5
19/01/2009,1500,0.47
19/01/2009,2000,0.43
19/01/2009,2500,0.42
10/02/2009,100,0.26
10/02/2009,500,0.24
10/02/2009,1000,0.22
10/02/2009,1500,0.24
10/02/2009,2000,0.32
10/02/2009,2500,0.37
02/03/2009,100,0.02
02/03/2009,500,0.01
02/03/2009,1000,0.01
02/03/2009,1500,0.17
02/03/2009,2000,0.35
02/03/2009,2500,0.44
24/04/2009,100,0.03
24/04/2009,500,0.05
24/04/2009,1000,0.07
24/04/2009,1500,0.1
24/04/2009,2000,0.22
24/04/2009,2500,0.15
20/05/2009,100,0.05
20/05/2009,500,0.05
20/05/2009,1000,0.06
20/05/2009,1500,0.48
20/05/2009,2000,0.46
20/05/2009,2500,0.32
23/06/2009,100,0.05
23/06/2009,500,0.05
23/06/2009,1000,0.05
23/06/2009,1500,0.15
23/06/2009,2000,0.12
23/06/2009,2500,0.18
14/07/2009,100,0.03
14/07/2009,500,0.02
14/07/2009,1000,0.01
14/07/2009,1500,0.09
14/07/2009,2000,0.22
14/07/2009,2500,0.52
20/08/2009,100,0.03
20/08/2009,500,0.01
20/08/2009,1000,0.01
20/08/2009,1500,0.01
20/08/2009,2000,0.01
20/08/2009,2500,0.12
15/09/2009,100,0.02
15/09/2009,500,0.01
15/09/2009,1000,0
15/09/2009,1500,0
15/09/2009,2000,0.34
15/09/2009,2500,0.77
19/10/2009,100,0.05
19/10/2009,500,0.01
19/10/2009,1000,0.02
19/10/2009,1500,0.02
19/10/2009,2000,0.04
19/10/2009,2500,0.09
04/11/2009,0,
15/12/2009,100,0.01
15/12/2009,500,0.02
15/12/2009,1000,0.04
15/12/2009,1500,0.16
15/12/2009,2000,0.23
15/12/2009,2500,0.27
19/01/2010,100,0.29
19/01/2010,500,0.29
19/01/2010,1000,0.29
19/01/2010,1500,0.29
19/01/2010,2000,0.32
19/01/2010,2500,0.42
11/02/2010,0,
19/03/2010,100,0.07
19/03/2010,500,0.06
19/03/2010,1000,0.08
19/03/2010,1500,0.11
19/03/2010,2000,0.11
19/03/2010,2500,0.09
26/04/2010,100,0.03
26/04/2010,500,0
26/04/2010,1000,0
26/04/2010,1500,0.05
26/04/2010,2000,0.11
26/04/2010,2500,0.17
19/05/2010,100,0.03
19/05/2010,500,0.02
19/05/2010,1000,0.02
19/05/2010,1500,0.03
19/05/2010,2000,0.4
19/05/2010,2500,0.66
02/06/2010,100,0.07
02/06/2010,500,0.06
02/06/2010,1000,0.06
02/06/2010,1500,0.05
02/06/2010,2000,0.34
02/06/2010,2500,0.5
01/07/2010,100,0.01
01/07/2010,500,0.01
01/07/2010,1000,0.04
01/07/2010,1500,0.05
01/07/2010,2000,0.22
01/07/2010,2500,0.17
10/08/2010,100,0.05
10/08/2010,500,0.04
10/08/2010,1000,0
10/08/2010,1500,0.02
10/08/2010,2000,0.22
10/08/2010,2500,0.65
21/09/2010,100,0.01
21/09/2010,500,0.01
21/09/2010,1000,0.01
21/09/2010,1500,0.09
21/09/2010,2000,0.34
21/09/2010,2500,0.2
13/10/2010,100,0.01
13/10/2010,500,0.01
13/10/2010,1000,0.01
13/10/2010,1500,0.02
13/10/2010,2000,0.05
13/10/2010,2500,0.3
16/11/2010,100,0.37
16/11/2010,500,0.38
16/11/2010,1000,0.46
16/11/2010,1500,0.37
16/11/2010,2000,0.14
16/11/2010,2500,0.15
03/12/2010,0,
19/01/2011,0,
18/02/2011,100,0.24
18/02/2011,500,0.23
18/02/2011,1000,0.23
18/02/2011,1500,0.24
18/02/2011,2000,0.1
18/02/2011,2500,0.09
08/03/2011,100,0.24
08/03/2011,500,0.22
08/03/2011,1000,0.15
08/03/2011,1500,0.19
08/03/2011,2000,0.21
08/03/2011,2500,0.27
19/04/2011,100,0.02
19/04/2011,500,0.03
19/04/2011,1000,0.05
19/04/2011,1500,0.04
19/04/2011,2000,0.06
19/04/2011,2500,0.06
13/05/2011,100,0.06
13/05/2011,500,0.06
13/05/2011,1000,0.05
13/05/2011,1500,0.05
13/05/2011,2000,0.16
13/05/2011,2500,0.26
21/06/2011,100,0.05
21/06/2011,500,0.06
21/06/2011,1000,0.05
21/06/2011,1500,0.1
21/06/2011,2000,0.32
21/06/2011,2500,0.29
25/07/2011,100,0.07
25/07/2011,500,0.07
25/07/2011,1000,0.1
25/07/2011,1500,0.15
25/07/2011,2000,0.16
25/07/2011,2500,0.16
01/08/2011,100,0.01
01/08/2011,500,0.01
01/08/2011,1000,0.01
01/08/2011,1500,0.03
01/08/2011,2000,0.12
01/08/2011,2500,0.14
01/08/2011,900,
01/08/2011,2800,
21/09/2011,100,0.02
21/09/2011,500,0.03
21/09/2011,1000,0.08
21/09/2011,1500,0.14
21/09/2011,2000,0.23
21/09/2011,2500,0.19
21/09/2011,2750,
13/10/2011,0,
18/10/2011,0,
21/10/2011,0,
08/11/2011,100,0.05
08/11/2011,500,0.05
08/11/2011,1000,0.05
08/11/2011,1500,0.03
08/11/2011,2000,0.01
08/11/2011,2500,0.52
08/11/2011,2700,
09/12/2011,0,
11/01/2012,100,0.15
11/01/2012,500,0.15
11/01/2012,1000,0.16
11/01/2012,1500,0.18
11/01/2012,2000,0.22
11/01/2012,2500,0.27
11/01/2012,2700,
13/02/2012,0,
13/03/2012,100,0.07
13/03/2012,500,0.06
13/03/2012,1000,0.05
13/03/2012,1500,0.11
13/03/2012,2000,0.44
13/03/2012,2500,0.55
10/04/2012,100,
10/04/2012,500,
10/04/2012,1000,
10/04/2012,1500,
10/04/2012,2000,
10/04/2012,2500,
14/05/2012,100,0.02
14/05/2012,500,
14/05/2012,1000,0.02
14/05/2012,1500,0.1
14/05/2012,2000,0.33
14/05/2012,2500,0.36
26/06/2012,100,0.05
26/06/2012,500,0.04
26/06/2012,1000,0.05
26/06/2012,1500,0.05
26/06/2012,2000,
26/06/2012,2500,0.08
16/07/2012,100,0.01
16/07/2012,500,0.02
16/07/2012,1000,0.02
16/07/2012,1500,0.08
16/07/2012,2000,0.36
16/07/2012,2500,0.55
07/08/2012,100,0.05
07/08/2012,500,
07/08/2012,1000,0.07
07/08/2012,1500,0.09
07/08/2012,2000,
07/08/2012,2500,0.04
27/09/2012,100,0.04
27/09/2012,500,0.04
27/09/2012,1000,0.14
27/09/2012,1500,0.15
27/09/2012,2000,0.18
27/09/2012,2500,0.24
02/10/2012,100,0.02
02/10/2012,500,0.02
02/10/2012,1000,0.03
02/10/2012,1500,0.09
02/10/2012,2000,0.28
02/10/2012,2500,0.27
06/11/2012,100,0.03
06/11/2012,500,0.02
06/11/2012,1000,0.03
06/11/2012,1500,0.05
06/11/2012,2000,0.48
06/11/2012,2500,0.59
04/12/2012,100,0.13
04/12/2012,500,0.13
04/12/2012,1000,0.24
04/12/2012,1500,0.5
04/12/2012,2000,0.66
04/12/2012,2500,0.72
01/01/2013,0,
06/02/2013,100,0.86
06/02/2013,500,0.84
06/02/2013,1000,0.84
06/02/2013,1500,0.86
06/02/2013,2000,1.01
06/02/2013,2500,1.03
05/03/2013,100,0.59
05/03/2013,500,0.71
05/03/2013,1000,0.81
05/03/2013,1500,0.87
05/03/2013,2000,0.87
05/03/2013,2500,0.82
03/04/2013,100,0.17
03/04/2013,500,0.3
03/04/2013,1000,0.46
03/04/2013,1500,0.52
03/04/2013,2000,0.52
03/04/2013,2500,0.47
24/05/2013,100,0.08
24/05/2013,500,0.09
24/05/2013,1000,0.1
24/05/2013,1500,0.11
24/05/2013,2000,0.17
24/05/2013,2500,0.25
04/06/2013,100,0.05
04/06/2013,500,0.05
04/06/2013,1000,0.05
04/06/2013,1500,0.06
04/06/2013,2000,0.13
04/06/2013,2500,0.27
04/07/2013,100,0.05
04/07/2013,500,0.05
04/07/2013,1000,0.07
04/07/2013,1500,0.31
04/07/2013,2000,0.34
04/07/2013,2500,0.29
28/08/2013,100,0.03
28/08/2013,500,0.03
28/08/2013,1000,0.03
28/08/2013,1500,0.04
28/08/2013,2000,0.08
28/08/2013,2500,0.53
24/09/2013,100,0.04
24/09/2013,500,0.03
24/09/2013,1000,0.03
24/09/2013,1500,0.02
24/09/2013,2000,0.03
24/09/2013,2500,0.2
01/10/2013,100,0.04
01/10/2013,500,0.04
01/10/2013,1000,0.04
01/10/2013,1500,0.06
01/10/2013,2000,0.22
01/10/2013,2500,0.32
05/11/2013,100,0.13
05/11/2013,500,0.14
05/11/2013,1000,0.15
05/11/2013,1500,0.22
05/11/2013,2000,0.3
05/11/2013,2500,0.32
03/12/2013,100,0.01
03/12/2013,500,0.01
03/12/2013,1000,0.05
03/12/2013,1500,0.21
03/12/2013,2000,0.33
03/12/2013,2500,0.35
25/02/2014,100,0.39
25/02/2014,500,0.48
25/02/2014,1000,0.67
25/02/2014,1500,0.85
25/02/2014,2000,0.89
25/02/2014,2500,0.27
05/03/2014,100,0.1
05/03/2014,500,0.53
05/03/2014,1000,0.5
05/03/2014,1500,0.24
05/03/2014,2000,0.19
05/03/2014,2500,0.15
15/04/2014,100,0.01
15/04/2014,500,0.06
15/04/2014,1000,0.12
15/04/2014,1500,0.16
15/04/2014,2000,0.22
15/04/2014,2500,0.34
07/05/2014,100,0.33
07/05/2014,500,0.38
07/05/2014,1000,0.4
07/05/2014,1500,0.45
07/05/2014,2000,0.58
07/05/2014,2500,0.69
21/06/2014,100,0.07
21/06/2014,500,0.06
21/06/2014,1000,0.06
21/06/2014,1500,0.07
21/06/2014,2000,0.11
21/06/2014,2500,0.1
08/07/2014,100,0.11
08/07/2014,500,0.13
08/07/2014,1000,0
08/07/2014,1500,0.01
08/07/2014,2000,0.05
08/07/2014,2500,0.08
28/08/2014,100,0.03
28/08/2014,500,0.04
28/08/2014,1000,0.02
28/08/2014,1500,0.02
28/08/2014,2000,0.03
28/08/2014,2500,0.03
23/09/2014,100,0.06
23/09/2014,500,0.08
23/09/2014,1000,0.06
23/09/2014,1500,0
23/09/2014,2000,0.01
23/09/2014,2500,0.23
21/10/2014,100,0.16
21/10/2014,500,0.18
21/10/2014,1000,0.21
21/10/2014,1500,0.24
21/10/2014,2000,0.24
21/10/2014,2500,0
18/11/2014,100,0.5
18/11/2014,500,0.52
18/11/2014,1000,0.56
18/11/2014,1500,0.59
18/11/2014,2000,0.6
18/11/2014,2500,0.46
16/12/2014,100,1.24
16/12/2014,500,1.34
16/12/2014,1000,1.37
16/12/2014,1500,1.11
16/12/2014,2000,0.9
16/12/2014,2500,0.42
06/01/2015,100,0.69
06/01/2015,500,0.75
06/01/2015,1000,0.86
06/01/2015,1500,0.5
06/01/2015,2000,0.43
06/01/2015,2500,0.43
23/02/2015,100,0.31
23/02/2015,500,0.42
23/02/2015,1000,0.58
23/02/2015,1500,0.73
23/02/2015,2000,0.9
23/02/2015,2500,1.05
17/03/2015,100,0.02
17/03/2015,500,0.01
17/03/2015,1000,0.02
17/03/2015,1500,0.06
17/03/2015,2000,0.16
17/03/2015,2500,0.3
21/04/2015,100,0.15
21/04/2015,500,0
21/04/2015,1000,0
21/04/2015,1500,0.03
21/04/2015,2000,0.14
21/04/2015,2500,0.32
12/05/2015,100,0.04
12/05/2015,500,0.04
12/05/2015,1000,0.04
12/05/2015,1500,0.05
12/05/2015,2000,0.21
12/05/2015,2500,0.29
04/06/2015,100,0.04
04/06/2015,500,0.06
04/06/2015,1000,0.23
04/06/2015,1500,0.27
04/06/2015,2000,0.33
04/06/2015,2500,0.37
21/06/2015,100,0.05
21/06/2015,500,0.04
21/06/2015,1000,0.04
21/06/2015,1500,0.05
21/06/2015,2000,0.14
21/06/2015,2500,0.17
14/07/2015,100,0.08
14/07/2015,500,0.08
14/07/2015,1000,0.09
14/07/2015,1500,0.09
14/07/2015,2000,0.15
14/07/2015,2500,0.25
04/08/2015,100,0.05
04/08/2015,500,0.02
04/08/2015,1000,0.03
04/08/2015,1500,0.07
04/08/2015,2000,0.2
04/08/2015,2500,0.26
10/09/2015,100,0.07
10/09/2015,500,0.03
10/09/2015,1000,0.03
10/09/2015,1500,0.07
10/09/2015,2000,0.75
10/09/2015,2500,0.73
15/10/2015,0,
05/11/2015,100,0.03
05/11/2015,500,0.03
05/11/2015,1000,0.03
05/11/2015,1500,0.13
05/11/2015,2000,0.22
05/11/2015,2500,0.22
08/12/2015,100,0.43
08/12/2015,500,0.43
08/12/2015,1000,0.44
08/12/2015,1500,0.43
08/12/2015,2000,0.35
08/12/2015,2500,0.3
05/01/2016,0,
09/02/2016,0,
08/03/2016,100,
08/03/2016,2640,
08/03/2016,500,0.3
08/03/2016,1000,0.31
08/03/2016,1500,0.66
08/03/2016,2000,0.63
08/03/2016,2500,0.57
12/04/2016,100,0.03
12/04/2016,500,0.03
12/04/2016,1000,0.02
12/04/2016,1500,0.07
12/04/2016,2000,0.71
12/04/2016,2500,0.88
03/05/2016,100,0
03/05/2016,500,0
03/05/2016,1000,0.01
03/05/2016,1500,0.51
03/05/2016,2000,0.72
03/05/2016,2500,0.87
01/06/2016,100,0
01/06/2016,500,0
01/06/2016,1000,0
01/06/2016,1500,0
01/06/2016,2000,0.02
01/06/2016,2500,0.09
21/06/2016,0,
05/07/2016,100,0
05/07/2016,500,0
05/07/2016,1000,0
05/07/2016,1500,0.07
05/07/2016,2000,0.07
05/07/2016,2500,0.09
03/08/2016,100,0
03/08/2016,500,0
03/08/2016,1000,0
03/08/2016,1500,0
03/08/2016,2000,0.01
03/08/2016,2500,0.19
21/09/2016,100,0
21/09/2016,500,0
21/09/2016,1000,0
21/09/2016,1500,0
21/09/2016,2000,0
21/09/2016,2500,0
19/10/2016,100,0
19/10/2016,500,0
19/10/2016,1000,0.01
19/10/2016,1500,0.08
19/10/2016,2000,0.58
19/10/2016,2500,0.08
08/11/2016,100,0.06
08/11/2016,500,0.04
08/11/2016,1000,0.04
08/11/2016,1500,0.04
08/11/2016,2000,0.04
08/11/2016,2500,0.42
06/12/2016,100,0.02
06/12/2016,500,0.02
06/12/2016,1000,0.03
06/12/2016,1500,0.07
06/12/2016,2000,0.32
06/12/2016,2500,0.65
10/01/2017,100,0.02
10/01/2017,500,0.02
10/01/2017,1000,0.03
10/01/2017,1500,0.09
10/01/2017,2000,0.54
10/01/2017,2500,0.28
21/02/2017,0,
13/03/2017,100,0.07
13/03/2017,500,0.1
13/03/2017,1000,0.35
13/03/2017,1500,0.38
13/03/2017,2000,0.33
13/03/2017,2500,0.35
10/04/2017,100,0.05
10/04/2017,500,0.07
10/04/2017,1000,0.08
10/04/2017,1500,0.12
10/04/2017,2000,0.3
10/04/2017,2500,0.23
03/05/2017,0,
21/06/2017,100,0.06
21/06/2017,500,0.07
21/06/2017,1000,0.06
21/06/2017,1500,0.18
21/06/2017,2000,1
21/06/2017,2500,0.31
17/07/2017,100,0.04
17/07/2017,500,0
17/07/2017,1000,0.03
17/07/2017,1500,0.15
17/07/2017,2000,0.55
17/07/2017,2500,0.54
01/08/2017,100,0.02
01/08/2017,500,0.01
01/08/2017,1000,0.01
01/08/2017,1500,0.01
01/08/2017,2000,0.06
01/08/2017,2500,0.61
12/09/2017,100,0.02
12/09/2017,500,0.01
12/09/2017,1000,0.06
12/09/2017,1500,0.23
12/09/2017,2000,0.24
12/09/2017,2500,0.35
24/10/2017,100,
24/10/2017,2500,
24/10/2017,500,0.17
24/10/2017,1000,0.22
24/10/2017,1500,0.34
24/10/2017,2000,0.22
09/11/2017,100,
09/11/2017,2500,
09/11/2017,500,0
09/11/2017,1000,0
09/11/2017,1500,0.04
09/11/2017,2000,0.41
19/12/2017,100,0.28
19/12/2017,500,0.28
19/12/2017,1000,0.32
19/12/2017,1500,0.35
19/12/2017,2000,0.45
19/12/2017,2500,0.55
10/01/2018,100,0.32
10/01/2018,500,0.31
10/01/2018,1000,0.32
10/01/2018,1500,0.32
10/01/2018,2000,0.33
10/01/2018,2500,0.33
20/02/2018,100,0.55
20/02/2018,500,0.54
20/02/2018,1000,0.56
20/02/2018,1500,0.61
20/02/2018,2000,0.65
20/02/2018,2500,0.66
26/03/2018,100,0.11
26/03/2018,500,0.1
26/03/2018,1000,0.1
26/03/2018,1500,0.11
26/03/2018,2000,0.13
26/03/2018,2500,0.15
18/04/2018,100,0.06
18/04/2018,500,0.05
18/04/2018,1000,0.05
18/04/2018,1500,0.04
18/04/2018,2000,0.04
18/04/2018,2500,0.04
08/05/2018,100,0.03
08/05/2018,500,0.03
08/05/2018,1000,0.03
08/05/2018,1500,0.04
08/05/2018,2000,0.06
08/05/2018,2500,0.07
21/06/2018,100,0.04
21/06/2018,500,0.04
21/06/2018,1000,0.07
21/06/2018,1500,0.14
21/06/2018,2000,0.17
21/06/2018,2500,0.2
12/07/2018,0,
01/08/2018,100,0.08
01/08/2018,2500,0.22
01/08/2018,500,0.09
01/08/2018,1000,0.11
01/08/2018,1500,0.15
01/08/2018,2000,0.15
20/09/2018,100,0.08
20/09/2018,500,0.06
20/09/2018,1000,0.09
20/09/2018,1500,0.13
20/09/2018,2000,0.29
20/09/2018,2500,0.36
20/09/2018,1450,
18/10/2018,100,0.04
18/10/2018,500,0.04
18/10/2018,1000,0.05
18/10/2018,1500,0.06
18/10/2018,2000,0.09
18/10/2018,2500,0.12
13/11/2018,100,0.03
13/11/2018,500,0.03
13/11/2018,1000,0.06
13/11/2018,1500,0.15
13/11/2018,2000,0.3
13/11/2018,2500,0.38
12/12/2018,100,0.19
12/12/2018,500,0.19
12/12/2018,1000,0.19
12/12/2018,1500,0.18
12/12/2018,2000,0.28
12/12/2018,2500,0.51
08/01/2019,0,
26/02/2019,100,0.04
26/02/2019,500,0.06
26/02/2019,1000,0.19
26/02/2019,1500,0.27
26/02/2019,2000,0.44
26/02/2019,2500,0.58
20/03/2019,100,0.03
20/03/2019,500,0.02
20/03/2019,1000,0.02
20/03/2019,1500,0.08
20/03/2019,2000,0.23
20/03/2019,2500,0.22
24/04/2019,100,0.04
24/04/2019,500,0.03
24/04/2019,1000,0.01
24/04/2019,1500,0.01
24/04/2019,2000,0.03
24/04/2019,2500,0.17
28/05/2019,100,0.06
28/05/2019,500,0.04
28/05/2019,1000,0.03
28/05/2019,1500,0.04
28/05/2019,2000,0.16
28/05/2019,2500,0.26
26/06/2019,100,0.04
26/06/2019,500,0.05
26/06/2019,1000,0.03
26/06/2019,1500,0.05
26/06/2019,2000,0.21
26/06/2019,2500,0.2
31/07/2019,100,
31/07/2019,500,
31/07/2019,1000,
31/07/2019,1500,
31/07/2019,2000,
31/07/2019,2500,
27/08/2019,100,
27/08/2019,500,
27/08/2019,1000,
27/08/2019,1500,
27/08/2019,2000,
27/08/2019,2500,
26/01/1999,100,0.82
26/01/1999,500,0.82
26/01/1999,1000,0.83
26/01/1999,1500,0.87
26/01/1999,2000,0.89
26/01/1999,2500,0.93
12/02/1999,100,1.05
12/02/1999,500,1.04
12/02/1999,1000,1.05
12/02/1999,1500,1.07
12/02/1999,2000,1.18
12/02/1999,2500,1.17
25/03/1999,100,0.29
25/03/1999,500,0.27
25/03/1999,1000,0.28
25/03/1999,1500,0.29
25/03/1999,2000,0.29
25/03/1999,2500,0.94
27/04/1999,100,0.18
27/04/1999,500,0.16
27/04/1999,1000,0.22
27/04/1999,1500,0.38
27/04/1999,2000,0.24
27/04/1999,2500,0.15
25/05/1999,100,0
25/05/1999,500,0
25/05/1999,1000,0.08
25/05/1999,1500,0.17
25/05/1999,2000,0.52
25/05/1999,2500,0.54
17/06/1999,100,0.07
17/06/1999,500,0.08
17/06/1999,1000,0.09
17/06/1999,1500,0.1
17/06/1999,2000,0.5
17/06/1999,2500,0.21
15/07/1999,100,0.05
15/07/1999,500,0.04
15/07/1999,1000,0.05
15/07/1999,1500,0.05
15/07/1999,2000,0.09
15/07/1999,2500,0.11
17/08/1999,100,0.09
17/08/1999,500,0.08
17/08/1999,1000,0.07
17/08/1999,1500,0.07
17/08/1999,2000,0.27
17/08/1999,2500,0.33
17/09/1999,100,0.05
17/09/1999,500,0.03
17/09/1999,1000,0.04
17/09/1999,1500,0.03
17/09/1999,2000,0.03
17/09/1999,2500,0.14
18/10/1999,100,0.01
18/10/1999,500,0
18/10/1999,1000,0
18/10/1999,1500,0.64
18/10/1999,2000,0.33
18/10/1999,2500,0.38
16/11/1999,100,0.09
16/11/1999,500,0.05
16/11/1999,1000,0.1
16/11/1999,1500,0.06
16/11/1999,2000,0.07
16/11/1999,2500,0.31
15/12/1999,100,0.42
15/12/1999,500,0.41
15/12/1999,1000,0.42
15/12/1999,1500,0.41
15/12/1999,2000,0.41
15/12/1999,2500,0.24
18/01/2000,100,0.34
18/01/2000,500,0.34
18/01/2000,1000,0.34
18/01/2000,1500,0.34
18/01/2000,2000,0.32
18/01/2000,2500,0.34
08/02/2000,100,0.9
08/02/2000,500,0.9
08/02/2000,1000,0.9
08/02/2000,1500,0.9
08/02/2000,2000,0.91
08/02/2000,2500,0.91
15/03/2000,100,1.03
15/03/2000,500,1.04
15/03/2000,1000,1.05
15/03/2000,1500,1.05
15/03/2000,2000,1.05
15/03/2000,2500,1.06
17/04/2000,100,0.1
17/04/2000,500,0.09
17/04/2000,1000,0.13
17/04/2000,1500,0.38
17/04/2000,2000,0.55
17/04/2000,2500,0.64
17/05/2000,100,0.02
17/05/2000,500,0.02
17/05/2000,1000,0.02
17/05/2000,1500,0.03
17/05/2000,2000,1.75
17/05/2000,2500,2.25
28/06/2000,100,0.06
28/06/2000,500,0.06
28/06/2000,1000,0.06
28/06/2000,1500,0.09
28/06/2000,2000,0.24
28/06/2000,2500,0.2
12/07/2000,100,0.06
12/07/2000,500,0.05
12/07/2000,1000,0.12
12/07/2000,1500,0.21
12/07/2000,2000,0.18
12/07/2000,2500,0.12
08/08/2000,100,0.07
08/08/2000,500,0.07
08/08/2000,1000,0.06
08/08/2000,1500,0.08
08/08/2000,2000,0.1
08/08/2000,2500,0.16
27/09/2000,100,0.07
27/09/2000,500,0.04
27/09/2000,1000,0.02
27/09/2000,1500,0.04
27/09/2000,2000,0.06
27/09/2000,2500,0.07
24/10/2000,100,0.03
24/10/2000,500,0.03
24/10/2000,1000,0.03
24/10/2000,1500,0.06
24/10/2000,2000,0.22
24/10/2000,2500,0.32
28/11/2000,100,0.17
28/11/2000,500,0.2
28/11/2000,1000,0.2
28/11/2000,1500,0.2
28/11/2000,2000,0.23
28/11/2000,2500,0.85
18/12/2000,100,0.2
18/12/2000,500,0.18
18/12/2000,1000,0.24
18/12/2000,1500,0.29
18/12/2000,2000,0.33
18/12/2000,2500,0.41
16/01/2001,100,0.35
16/01/2001,500,0.33
16/01/2001,1000,0.28
16/01/2001,1500,0.24
16/01/2001,2000,0.3
16/01/2001,2500,0.48
15/02/2001,100,0.75
15/02/2001,500,0.76
15/02/2001,1000,0.79
15/02/2001,1500,0.68
15/02/2001,2000,0.68
15/02/2001,2500,0.73
13/03/2001,100,0.26
13/03/2001,500,0.27
13/03/2001,1000,0.27
13/03/2001,1500,0.51
13/03/2001,2000,0.52
13/03/2001,2500,0.4
18/04/2001,100,0.03
18/04/2001,500,0.04
18/04/2001,1000,0.06
18/04/2001,1500,0.08
18/04/2001,2000,0.02
18/04/2001,2500,0.12
31/05/2001,100,0.04
31/05/2001,500,0.03
31/05/2001,1000,0.07
31/05/2001,1500,0.22
31/05/2001,2000,0.74
31/05/2001,2500,0.49
28/06/2001,100,0.05
28/06/2001,500,0.05
28/06/2001,1000,0.07
28/06/2001,1500,0.46
28/06/2001,2000,0.53
28/06/2001,2500,0.21
11/07/2001,100,0.07
11/07/2001,500,0.08
11/07/2001,1000,0.08
11/07/2001,1500,0.07
11/07/2001,2000,0.09
11/07/2001,2500,0.35
09/08/2001,100,0.55
09/08/2001,500,0.34
09/08/2001,1000,0.09
09/08/2001,1500,0.05
09/08/2001,2000,0.05
09/08/2001,2500,0.07
10/09/2001,100,0.05
10/09/2001,500,0.04
10/09/2001,1000,0.05
10/09/2001,1500,0.02
10/09/2001,2000,0.04
10/09/2001,2500,0.15
16/10/2001,100,0.03
16/10/2001,500,0.04
16/10/2001,1000,0.04
16/10/2001,1500,0.03
16/10/2001,2000,0.08
16/10/2001,2500,0.32
06/11/2001,100,0.45
06/11/2001,500,0.36
06/11/2001,1000,0.18
06/11/2001,1500,0.13
06/11/2001,2000,0.13
06/11/2001,2500,0.13
13/12/2001,100,0.73
13/12/2001,500,0.41
13/12/2001,1000,0.26
13/12/2001,1500,0.29
13/12/2001,2000,0.32
13/12/2001,2500,0.32
08/01/2002,100,0.63
08/01/2002,500,0.57
08/01/2002,1000,0.56
08/01/2002,1500,0.64
08/01/2002,2000,0.7
08/01/2002,2500,0.78
21/02/2002,100,0.85
21/02/2002,500,0.83
21/02/2002,1000,0.81
21/02/2002,1500,0.8
21/02/2002,2000,0.8
21/02/2002,2500,0.74
11/03/2002,100,0.76
11/03/2002,500,0.77
11/03/2002,1000,0.78
11/03/2002,1500,0.76
11/03/2002,2000,0.78
11/03/2002,2500,0.79
10/04/2002,100,0.03
10/04/2002,500,0.03
10/04/2002,1000,0.03
10/04/2002,1500,0.03
10/04/2002,2000,0.16
10/04/2002,2500,0.45
21/05/2002,100,0.08
21/05/2002,500,0.08
21/05/2002,1000,0.06
21/05/2002,1500,0.13
21/05/2002,2000,0.93
21/05/2002,2500,0.93
18/06/2002,100,0.03
18/06/2002,500,0.03
18/06/2002,1000,0.03
18/06/2002,1500,0.24
18/06/2002,2000,0.21
18/06/2002,2500,0.25
09/07/2002,100,0.02
09/07/2002,500,0.02
09/07/2002,1000,0.02
09/07/2002,1500,0.02
09/07/2002,2000,0.17
09/07/2002,2500,0.28
20/08/2002,100,0.07
20/08/2002,500,0.01
20/08/2002,1000,0.01
20/08/2002,1500,0.01
20/08/2002,2000,0.03
20/08/2002,2500,0.1
17/09/2002,100,0.03
17/09/2002,500,0.03
17/09/2002,1000,0.02
17/09/2002,1500,0.02
17/09/2002,2000,0.04
17/09/2002,2500,0.04
15/10/2002,100,0.06
15/10/2002,500,0.05
15/10/2002,1000,0.06
15/10/2002,1500,0.1
15/10/2002,2000,0.19
15/10/2002,2500,0.18
19/11/2002,100,0.1
19/11/2002,500,0.09
19/11/2002,1000,0.09
19/11/2002,1500,0.09
19/11/2002,2000,0.41
19/11/2002,2500,0.42
17/12/2002,100,0.28
17/12/2002,500,0.26
17/12/2002,1000,0.26
17/12/2002,1500,0.25
17/12/2002,2000,0.25
17/12/2002,2500,0.3
23/01/2003,100,0.45
23/01/2003,500,0.34
23/01/2003,1000,0.25
23/01/2003,1500,0.24
23/01/2003,2000,0.21
23/01/2003,2500,0.25
18/02/2003,100,0.01
18/02/2003,500,0.01
18/02/2003,1000,0.01
18/02/2003,1500,0.23
18/02/2003,2000,0.29
18/02/2003,2500,0.24
11/03/2003,100,0.02
11/03/2003,500,0.02
11/03/2003,1000,0.02
11/03/2003,1500,0.02
11/03/2003,2000,0.05
11/03/2003,2500,0.12
24/04/2003,100,0.01
24/04/2003,500,0
24/04/2003,1000,0.01
24/04/2003,1500,0
24/04/2003,2000,0.06
24/04/2003,2500,0.18
13/05/2003,100,0.02
13/05/2003,500,0.02
13/05/2003,1000,0.01
13/05/2003,1500,0.03
13/05/2003,2000,0.13
13/05/2003,2500,0.24
17/06/2003,100,0.02
17/06/2003,500,0.02
17/06/2003,1000,0.03
17/06/2003,1500,0.14
17/06/2003,2000,0.29
17/06/2003,2500,0.26
15/07/2003,100,0.04
15/07/2003,500,0.02
15/07/2003,1000,0.02
15/07/2003,1500,0.03
15/07/2003,2000,0.25
15/07/2003,2500,0.26
13/08/2003,100,0.04
13/08/2003,500,0.03
13/08/2003,1000,0.04
13/08/2003,1500,0.04
13/08/2003,2000,0.05
13/08/2003,2500,0.29
08/09/2003,100,0.02
08/09/2003,500,0.02
08/09/2003,1000,0.02
08/09/2003,1500,0.18
08/09/2003,2000,0.35
08/09/2003,2500,0.55
14/10/2003,100,0.06
14/10/2003,500,0.03
14/10/2003,1000,0.03
14/10/2003,1500,0.04
14/10/2003,2000,0.28
14/10/2003,2500,0.1
12/11/2003,100,0.28
12/11/2003,500,0.24
12/11/2003,1000,0.23
12/11/2003,1500,0.33
12/11/2003,2000,0.41
12/11/2003,2500,0.39
04/12/2003,100,0.43
04/12/2003,500,0.43
04/12/2003,1000,0.55
04/12/2003,1500,0.6
04/12/2003,2000,0.7
04/12/2003,2500,0.47
20/01/2004,100,0.57
20/01/2004,500,0.83
20/01/2004,1000,0.55
20/01/2004,1500,0.58
20/01/2004,2000,0.55
20/01/2004,2500,0.49
18/02/2004,100,0.38
18/02/2004,500,0.37
18/02/2004,1000,0.36
18/02/2004,1500,0.36
18/02/2004,2000,0.64
18/02/2004,2500,0.62
16/03/2004,100,0.05
16/03/2004,500,0.05
16/03/2004,1000,0.06
16/03/2004,1500,0
16/03/2004,2000,0.1
16/03/2004,2500,0.11
15/04/2004,100,0.02
15/04/2004,500,0.02
15/04/2004,1000,0.02
15/04/2004,1500,0.03
15/04/2004,2000,0.03
15/04/2004,2500,0.11
11/05/2004,100,0.03
11/05/2004,500,0.03
11/05/2004,1000,0.04
11/05/2004,1500,0.05
11/05/2004,2000,0.14
11/05/2004,2500,0.26
21/06/2004,100,0.06
21/06/2004,500,0.07
21/06/2004,1000,0.36
21/06/2004,1500,0.39
21/06/2004,2000,0.27
21/06/2004,2500,0.2
13/07/2004,100,0.04
13/07/2004,500,0.03
13/07/2004,1000,0.16
13/07/2004,1500,0.36
13/07/2004,2000,0.98
13/07/2004,2500,0.54
10/08/2004,100,0.04
10/08/2004,500,0.05
10/08/2004,1000,0.04
10/08/2004,1500,0.02
10/08/2004,2000,0.15
10/08/2004,2500,0.12
13/09/2004,100,0.04
13/09/2004,500,0.03
13/09/2004,1000,0.03
13/09/2004,1500,0.04
13/09/2004,2000,0.11
13/09/2004,2500,0.12
13/10/2004,100,0.02
13/10/2004,500,0.02
13/10/2004,1000,0.28
13/10/2004,1500,0.37
13/10/2004,2000,0.38
13/10/2004,2500,0.33
09/11/2004,100,0.04
09/11/2004,500,0.06
09/11/2004,1000,0.11
09/11/2004,1500,0.11
09/11/2004,2000,0.17
09/11/2004,2500,0.45
15/12/2004,100,0.07
15/12/2004,500,0.05
15/12/2004,1000,0.05
15/12/2004,1500,0.05
15/12/2004,2000,0.06
15/12/2004,2500,0.27
18/01/2005,100,0.21
18/01/2005,500,0.22
18/01/2005,1000,0.22
18/01/2005,1500,0.2
18/01/2005,2000,0.11
18/01/2005,2500,0.12
22/02/2005,100,0.36
22/02/2005,500,0.37
22/02/2005,1000,0.38
22/02/2005,1500,0.36
22/02/2005,2000,0.42
22/02/2005,2500,0.42
29/03/2005,100,0.03
29/03/2005,500,0.03
29/03/2005,1000,0.02
29/03/2005,1500,0.02
29/03/2005,2000,0.03
29/03/2005,2500,0.78
26/04/2005,100,0.05
26/04/2005,500,0.04
26/04/2005,1000,0.05
26/04/2005,1500,0.04
26/04/2005,2000,0.23
26/04/2005,2500,0.37
20/05/2005,100,0.05
20/05/2005,500,0.04
20/05/2005,1000,0.45
20/05/2005,1500,0.35
20/05/2005,2000,0.39
20/05/2005,2500,0.32
21/06/2005,100,0
21/06/2005,500,0
21/06/2005,1000,0.07
21/06/2005,1500,0.31
21/06/2005,2000,0.1
21/06/2005,2500,0.25
28/07/2005,100,0.01
28/07/2005,500,0.01
28/07/2005,1000,0.02
28/07/2005,1500,0.3
28/07/2005,2000,0.21
28/07/2005,2500,0.14
11/08/2005,100,0
11/08/2005,500,0
11/08/2005,1000,0.04
11/08/2005,1500,0.01
11/08/2005,2000,0.27
11/08/2005,2500,0.21
14/09/2005,100,0.03
14/09/2005,500,0.02
14/09/2005,1000,0.02
14/09/2005,1500,0.03
14/09/2005,2000,0.06
14/09/2005,2500,0.17
26/10/2005,100,0.03
26/10/2005,500,0.03
26/10/2005,1000,0.02
26/10/2005,1500,0.02
26/10/2005,2000,0.06
26/10/2005,2500,0.52
15/11/2005,100,0.25
15/11/2005,500,0.25
15/11/2005,1000,0.24
15/11/2005,1500,0.25
15/11/2005,2000,0.26
15/11/2005,2500,0.3
13/12/2005,100,0.14
13/12/2005,500,0.1
13/12/2005,1000,0.11
13/12/2005,1500,0.13
13/12/2005,2000,0.23
13/12/2005,2500,0.57
17/01/2006,100,0.49
17/01/2006,500,0.27
17/01/2006,1000,0.2
17/01/2006,1500,0.18
17/01/2006,2000,0.17
17/01/2006,2500,0.17
14/02/2006,100,0.09
14/02/2006,500,0.08
14/02/2006,1000,0.17
14/02/2006,1500,0.32
14/02/2006,2000,0.35
14/02/2006,2500,0.49
14/03/2006,100,0.03
14/03/2006,500,0.02
14/03/2006,1000,0.02
14/03/2006,1500,0.03
14/03/2006,2000,0.04
14/03/2006,2500,0.14
21/04/2006,100,0.02
21/04/2006,500,0.03
21/04/2006,1000,0.1
21/04/2006,1500,0.05
21/04/2006,2000,0.05
21/04/2006,2500,0.12
17/05/2006,100,0.06
17/05/2006,500,0.06
17/05/2006,1000,0.05
17/05/2006,1500,0.03
17/05/2006,2000,0.19
17/05/2006,2500,0.16
21/06/2006,100,0.07
21/06/2006,500,0.07
21/06/2006,1000,0.07
21/06/2006,1500,0.04
21/06/2006,2000,0.12
21/06/2006,2500,0.22
27/07/2006,100,0.04
27/07/2006,500,0.11
27/07/2006,1000,0.44
27/07/2006,1500,0.27
27/07/2006,2000,0.55
27/07/2006,2500,0.24
17/08/2006,100,0.11
17/08/2006,500,0.07
17/08/2006,1000,0.1
17/08/2006,1500,0.16
17/08/2006,2000,0.16
17/08/2006,2500,0.62
20/09/2006,100,0.05
20/09/2006,500,0.05
20/09/2006,1000,0.04
20/09/2006,1500,0.04
20/09/2006,2000,0.11
20/09/2006,2500,0.27
11/10/2006,100,
11/10/2006,500,
11/10/2006,1000,
11/10/2006,1500,
11/10/2006,2000,
11/10/2006,2500,
14/11/2006,100,0.76
14/11/2006,500,0.75
14/11/2006,1000,0.75
14/11/2006,1500,0.76
14/11/2006,2000,0.67
14/11/2006,2500,0.56
12/12/2006,100,0.44
12/12/2006,500,0.41
12/12/2006,1000,0.57
12/12/2006,1500,0.61
12/12/2006,2000,0.75
12/12/2006,2500,0.82
22/02/2007,100,0.75
22/02/2007,500,0.79
22/02/2007,1000,0.81
22/02/2007,1500,0.85
22/02/2007,2000,0.88
22/02/2007,2500,0.9
15/03/2007,100,0.09
15/03/2007,500,0.07
15/03/2007,1000,0.34
15/03/2007,1500,0.63
15/03/2007,2000,0.94
15/03/2007,2500,1.05
05/04/2007,100,0.05
05/04/2007,500,0.04
05/04/2007,1000,0.04
05/04/2007,1500,0.04
05/04/2007,2000,0.27
05/04/2007,2500,0.17
04/05/2007,100,0
04/05/2007,500,0.05
04/05/2007,1000,0.08
04/05/2007,1500,0.14
04/05/2007,2000,0.22
04/05/2007,2500,0.22
14/05/2007,100,0.02
14/05/2007,500,0.02
14/05/2007,1000,0.04
14/05/2007,1500,0.12
14/05/2007,2000,0.16
14/05/2007,2500,0.16
14/06/2007,100,0.13
14/06/2007,500,0.17
14/06/2007,1000,0.01
14/06/2007,1500,0.03
14/06/2007,2000,0.29
14/06/2007,2500,0.26
12/07/2007,100,0.12
12/07/2007,500,0.12
12/07/2007,1000,0.13
12/07/2007,1500,0.25
12/07/2007,2000,0.57
12/07/2007,2500,0.21
16/08/2007,100,0.07
16/08/2007,500,0.07
16/08/2007,1000,0.16
16/08/2007,1500,0.26
16/08/2007,2000,0.28
16/08/2007,2500,0.21
12/09/2007,100,0.09
12/09/2007,500,0.08
12/09/2007,1000,0.09
12/09/2007,1500,0.07
12/09/2007,2000,0.08
12/09/2007,2500,0.13
16/10/2007,100,0.01
16/10/2007,500,0.01
16/10/2007,1000,0.01
16/10/2007,1500,0.06
16/10/2007,2000,0.5
16/10/2007,2500,0.4
13/11/2007,100,0.08
13/11/2007,500,0.07
13/11/2007,1000,0.1
13/11/2007,1500,0.21
13/11/2007,2000,0.18
13/11/2007,2500,0.27
11/12/2007,100,0.81
11/12/2007,500,0.92
11/12/2007,1000,0.94
11/12/2007,1500,0.62
11/12/2007,2000,0.76
11/12/2007,2500,0.66
17/01/2008,100,0.57
17/01/2008,500,0.59
17/01/2008,1000,0.62
17/01/2008,1500,0.64
17/01/2008,2000,0.66
17/01/2008,2500,0.69
19/02/2008,100,0.23
19/02/2008,500,0.23
19/02/2008,1000,0.25
19/02/2008,1500,0.26
19/02/2008,2000,0.49
19/02/2008,2500,0.42
01/03/2008,0,
16/04/2008,100,0.03
16/04/2008,500,0.03
16/04/2008,1000,0.05
16/04/2008,1500,0.04
16/04/2008,2000,0.04
16/04/2008,2500,0.17
20/05/2008,100,0.01
20/05/2008,500,0.01
20/05/2008,1000,0.01
20/05/2008,1500,0.02
20/05/2008,2000,0.25
20/05/2008,2500,0.62
24/06/2008,100,0.07
24/06/2008,500,0.08
24/06/2008,1000,0.07
24/06/2008,1500,0.09
24/06/2008,2000,0.2
24/06/2008,2500,0.19
09/07/2008,100,0.06
09/07/2008,500,0.07
09/07/2008,1000,0.04
09/07/2008,1500,0.03
09/07/2008,2000,0.03
09/07/2008,2500,0.37
19/08/2008,100,0.05
19/08/2008,500,0.06
19/08/2008,1000,0.07
19/08/2008,1500,0.09
19/08/2008,2000,0.11
19/08/2008,2500,0.13
15/09/2008,100,0.08
15/09/2008,500,0.07
15/09/2008,1000,0.05
15/09/2008,1500,0.05
15/09/2008,2000,0.11
15/09/2008,2500,0.17
16/09/2008,100,0.17
16/09/2008,500,0.22
16/09/2008,1000,0.02
16/09/2008,1500,0.03
16/09/2008,2000,0.18
16/09/2008,2500,0.21
17/09/2008,100,0.06
17/09/2008,500,0.03
17/09/2008,1000,0.05
17/09/2008,1500,0.04
17/09/2008,2000,0.09
17/09/2008,2500,0.15
18/09/2008,100,0.01
18/09/2008,500,0.01
18/09/2008,1000,0.02
18/09/2008,1500,0.05
18/09/2008,2000,0.1
18/09/2008,2500,0.15
27/10/2008,100,0.51
27/10/2008,500,0.45
27/10/2008,1000,0.64
27/10/2008,1500,0.57
27/10/2008,2000,0.22
27/10/2008,2500,0.15
17/11/2008,100,0.67
17/11/2008,500,0.68
17/11/2008,1000,0.71
17/11/2008,1500,1.22
17/11/2008,2000,1.53
17/11/2008,2500,1.55
08/12/2008,100,
08/12/2008,500,
08/12/2008,1000,
08/12/2008,1500,
08/12/2008,2000,
08/12/2008,2500,
29/10/2019,100,0.01
29/10/2019,500,0.01
29/10/2019,1000,0.01
29/10/2019,1500,0.17
29/10/2019,2000,0.49
29/10/2019,2500,0.53
19/11/2019,100,0.24
19/11/2019,500,0.36
19/11/2019,1000,0.42
19/11/2019,1500,0.4
19/11/2019,2000,0.22
19/11/2019,2500,0.3
10/12/2019,100,0.3
10/12/2019,500,0.44
10/12/2019,1000,0.56
10/12/2019,1500,0.54
10/12/2019,2000,0.45
10/12/2019,2500,0.27
07/01/2020,100,0.26
07/01/2020,500,0.27
07/01/2020,1000,0.27
07/01/2020,1500,0.33
07/01/2020,2000,0.26
07/01/2020,2500,0.23
03/03/2020,100,0.07
03/03/2020,500,0.09
03/03/2020,1000,0.1
03/03/2020,1500,0.09
03/03/2020,2000,0.1
03/03/2020,2500,0.13
28/04/2020,100,
28/04/2020,500,
28/04/2020,1000,
28/04/2020,1500,
28/04/2020,2000,
28/04/2020,2500,
19/05/2020,100,
19/05/2020,500,
19/05/2020,1000,
19/05/2020,1500,
19/05/2020,2000,
19/05/2020,2500,
09/06/2020,100,
09/06/2020,500,
09/06/2020,1000,
09/06/2020,1500,
09/06/2020,2000,
09/06/2020,2500,
01/07/2020,100,
01/07/2020,500,
01/07/2020,1000,
01/07/2020,1500,
01/07/2020,2000,
01/07/2020,2500,
30/07/2020,100,
30/07/2020,500,
30/07/2020,1000,
30/07/2020,1500,
30/07/2020,2000,
30/07/2020,2500,
24/08/2020,100,
24/08/2020,500,
24/08/2020,1000,
24/08/2020,1500,
24/08/2020,2000,
24/08/2020,2500,
15/09/2020,100,
15/09/2020,500,
15/09/2020,1000,
15/09/2020,1500,
15/09/2020,2000,
15/09/2020,2500,
17/02/2021,100,
17/02/2021,500,
17/02/2021,1000,
17/02/2021,1500,
17/02/2021,2000,
17/02/2021,2500,
16/03/2021,100,
16/03/2021,500,
16/03/2021,1000,
16/03/2021,1500,
16/03/2021,2000,
16/03/2021,2500,
07/04/2021,100,
07/04/2021,500,
07/04/2021,1000,
07/04/2021,1500,
07/04/2021,2000,
07/04/2021,2500,
26/05/2021,100,
26/05/2021,500,
26/05/2021,1000,
26/05/2021,1500,
26/05/2021,2000,
26/05/2021,2500,
09/06/2021,100,
09/06/2021,500,
09/06/2021,1000,
09/06/2021,1500,
09/06/2021,2000,
09/06/2021,2500,
21/07/2021,2500,
21/07/2021,2000,
21/07/2021,1500,
21/07/2021,1000,
21/07/2021,500,
21/07/2021,100,
21/08/2021,100,
21/08/2021,500,
21/08/2021,1000,
21/08/2021,1500,
21/08/2021,2000,
21/08/2021,2500,
01/09/2021,100,
01/09/2021,500,
01/09/2021,1000,
01/09/2021,1500,
01/09/2021,2000,
01/09/2021,2500,
06/10/2021,100,
06/10/2021,500,
06/10/2021,1000,
06/10/2021,1500,
06/10/2021,2000,
06/10/2021,2500,
03/11/2021,100,
03/11/2021,500,
03/11/2021,1000,
03/11/2021,1500,
03/11/2021,2000,
03/11/2021,2500,
02/02/2022,100,
02/02/2022,500,
02/02/2022,1000,
02/02/2022,1500,
02/02/2022,2000,
02/02/2022,2500,
02/03/2022,100,
02/03/2022,500,
02/03/2022,1000,
02/03/2022,1500,
02/03/2022,2000,
02/03/2022,2500,
12/04/2022,100,
12/04/2022,500,
12/04/2022,1000,
12/04/2022,1500,
12/04/2022,2000,
12/04/2022,2500,
03/05/2022,100,
03/05/2022,500,
03/05/2022,1000,
03/05/2022,1500,
03/05/2022,2000,
03/05/2022,2500,
18/06/1999,100,
18/06/1999,500,
18/06/1999,1000,
18/06/1999,1500,
18/06/1999,2000,
18/06/1999,2500,
14/05/2012,0,
,0,
10/12/2019,0,
16/10/2020,100,
16/10/2020,500,
16/10/2020,1000,
16/10/2020,1500,
16/10/2020,2000,
16/10/2020,2500,
20/07/2021,100,
20/07/2021,500,
20/07/2021,1000,
20/07/2021,1500,
20/07/2021,2000,
20/07/2021,2500,
