DATE,DEPTH,SECCHI
1986-02-11,2000,4.9
1986-02-11,100,4.9
1986-02-11,500,4.9
1986-02-11,1000,4.9
1986-02-11,2600,4.9
1986-02-11,1500,4.9
1986-03-11,2000,5.4
1986-03-11,100,5.4
1986-03-11,500,5.4
1986-03-11,1500,5.4
1986-03-11,2600,5.4
1986-03-11,1000,5.4
1986-04-07,2000,3.6
1986-04-07,100,3.6
1986-04-07,1000,3.6
1986-04-07,2500,
1986-04-07,500,3.6
1986-04-07,1500,3.6
1986-05-22,1000,4.1
1986-05-22,1500,4.1
1986-05-22,500,4.1
1986-05-22,100,4.1
1986-05-22,2000,4.1
1986-05-22,2500,
1986-06-09,1000,7.5
1986-06-09,100,7.5
1986-06-09,500,7.5
1986-06-09,2500,
1986-06-09,2000,7.5
1986-06-09,1500,7.5
1986-07-21,2500,5.5
1986-07-21,100,5.5
1986-07-21,2000,5.5
1986-07-21,500,5.5
1986-07-21,1500,5.5
1986-07-21,1000,5.5
1986-08-07,100,5.0
1986-08-07,500,5.0
1986-08-07,2000,5.0
1986-08-07,2400,5.0
1986-08-07,1500,5.0
1986-08-07,1000,5.0
1986-09-15,500,5.7
1986-09-15,2500,
1986-09-15,1500,5.7
1986-09-15,2000,5.7
1986-09-15,1000,5.7
1986-09-15,100,5.7
1986-10-20,100,7.8
1986-10-20,500,7.8
1986-10-20,1000,7.8
1986-10-20,2400,7.8
1986-10-20,1500,7.8
1986-10-20,2000,7.8
1986-12-02,100,11.0
1986-12-02,1500,11.0
1986-12-02,500,11.0
1986-12-02,1000,11.0
1986-12-02,2500,11.0
1986-12-02,2000,11.0
1986-12-18,1500,9.2
1986-12-18,2000,9.2
1986-12-18,500,9.2
1986-12-18,2500,9.2
1986-12-18,100,9.2
1986-12-18,1000,9.2
1987-02-19,2500,7.6
1987-02-19,500,7.6
1987-02-19,1500,7.6
1987-02-19,100,7.6
1987-02-19,1000,7.6
1987-02-19,2000,7.6
1987-04-14,1000,5.6
1987-04-14,2000,5.6
1987-04-14,500,5.6
1987-04-14,2600,5.6
1987-04-14,1500,5.6
1987-04-14,100,5.6
1987-06-18,1000,6.7
1987-06-18,2000,6.7
1987-06-18,500,6.7
1987-06-18,100,6.7
1987-06-18,1500,6.7
1987-09-16,100,4.5
1987-09-16,2000,4.5
1987-09-16,2500,4.5
1987-09-16,1500,4.5
1987-09-16,500,4.5
1987-09-16,1000,4.5
1987-11-23,500,5.8
1987-11-23,2600,5.8
1987-11-23,2000,5.8
1987-11-23,1000,5.8
1987-11-23,1500,5.8
1987-11-23,100,5.8
1988-01-18,2000,9.7
1988-01-18,100,9.7
1988-01-18,1500,9.7
1988-01-18,2500,9.7
1988-01-18,500,9.7
1988-01-18,1000,9.7
1988-04-19,1000,8.0
1988-04-19,2000,8.0
1988-04-19,500,8.0
1988-04-19,2700,8.0
1988-04-19,1500,8.0
1988-04-19,100,8.0
1988-05-30,100,6.3
1988-05-30,500,6.3
1988-05-30,1500,6.3
1988-05-30,1000,6.3
1988-05-30,2000,6.3
1988-05-30,2700,6.3
1988-06-20,2300,7.0
1988-06-20,2000,7.0
1988-06-20,1500,7.0
1988-06-20,100,7.0
1988-06-20,500,7.0
1988-06-20,1000,7.0
1988-07-21,100,5.1
1988-07-21,2400,5.1
1988-07-21,500,5.1
1988-07-21,1500,5.1
1988-07-21,2000,5.1
1988-07-21,1000,5.1
1988-08-22,1500,4.7
1988-08-22,1000,4.7
1988-08-22,2600,4.7
1988-08-22,2000,4.7
1988-08-22,100,4.7
1988-08-22,500,4.7
1988-09-14,500,5.0
1988-09-14,100,5.0
1988-09-14,2000,5.0
1988-09-14,1500,5.0
1988-09-14,2400,5.0
1988-09-14,1000,5.0
1988-10-10,100,7.4
1988-10-10,2000,7.4
1988-10-10,2500,7.4
1988-10-10,1000,7.4
1988-10-10,1500,7.4
1988-10-10,500,7.4
1988-11-06,100,7.0
1988-11-06,1500,7.0
1988-11-06,2000,7.0
1988-11-06,3500,7.0
1988-11-06,1000,7.0
1988-11-06,500,7.0
1988-12-08,2500,5.9
1988-12-08,1000,5.9
1988-12-08,1500,5.9
1988-12-08,2000,5.9
1988-12-08,500,5.9
1988-12-08,100,5.9
1989-01-17,1500,10.9
1989-01-17,1000,10.9
1989-01-17,2000,10.9
1989-01-17,500,10.9
1989-01-17,2500,10.9
1989-01-17,100,10.9
1989-02-14,2500,
1989-02-14,100,
1989-02-14,1500,
1989-02-14,1000,
1989-02-14,2000,
1989-02-14,500,
1989-03-08,2000,8.6
1989-03-08,2500,8.6
1989-03-08,1000,8.6
1989-03-08,500,8.6
1989-03-08,1500,8.6
1989-03-08,100,8.6
1989-04-11,2600,7.6
1989-04-11,500,7.6
1989-04-11,1000,7.6
1989-04-11,1500,7.6
1989-04-11,100,7.6
1989-04-11,2000,7.6
1989-05-08,1500,7.8
1989-05-08,2500,7.8
1989-05-08,2000,7.8
1989-05-08,500,7.8
1989-05-08,1000,7.8
1989-05-08,100,7.8
1989-06-13,1500,6.9
1989-06-13,500,6.9
1989-06-13,2000,6.9
1989-06-13,1000,6.9
1989-06-13,2500,6.9
1989-06-13,100,6.9
1989-07-13,1500,5.5
1989-07-13,1000,5.5
1989-07-13,2500,5.5
1989-07-13,2000,5.5
1989-07-13,500,5.5
1989-07-13,100,5.5
1989-08-27,2000,
1989-08-27,100,
1989-08-27,500,
1989-08-27,2500,
1989-08-27,1500,
1989-08-27,1000,
1989-09-12,100,6.0
1989-09-12,1000,6.0
1989-09-12,500,6.0
1989-09-12,2000,6.0
1989-09-12,1500,6.0
1989-09-12,2700,6.0
1989-10-17,1500,6.6
1989-10-17,100,6.6
1989-10-17,1000,6.6
1989-10-17,500,6.6
1989-10-17,2700,6.6
1989-10-17,2000,6.6
1989-11-20,1000,9.7
1989-11-20,2000,9.7
1989-11-20,1500,9.7
1989-11-20,2700,9.7
1989-11-20,100,9.7
1989-11-20,500,9.7
1989-12-18,1000,8.0
1989-12-18,2700,8.0
1989-12-18,500,8.0
1989-12-18,1500,8.0
1989-12-18,2000,8.0
1989-12-18,100,8.0
1990-01-17,200,
1990-01-17,2000,
1990-01-17,1000,
1990-01-22,2000,
1990-01-22,1500,
1990-01-22,1000,
1990-01-22,500,
1990-01-22,2600,
1990-01-22,100,
1990-02-14,1000,6.8
1990-02-14,2700,6.8
1990-02-14,1500,6.8
1990-02-14,100,6.8
1990-02-14,500,6.8
1990-02-14,2000,6.8
1990-03-13,500,8.4
1990-03-13,2000,8.4
1990-03-13,1500,8.4
1990-03-13,100,8.4
1990-03-13,1000,8.4
1990-03-13,2500,8.4
1990-04-17,2500,8.0
1990-04-17,1500,8.0
1990-04-17,2000,8.0
1990-04-17,1000,8.0
1990-04-17,100,8.0
1990-04-17,500,8.0
1990-06-19,500,6.0
1990-06-19,1000,6.0
1990-06-19,100,6.0
1990-07-19,1000,8.0
1990-07-19,1500,8.0
1990-07-19,2000,8.0
1990-07-19,500,8.0
1990-07-19,2500,8.0
1990-07-19,100,8.0
1990-07-20,1500,6.0
1990-07-20,2000,6.0
1990-07-20,2500,6.0
1990-08-21,1500,7.0
1990-08-21,500,7.0
1990-08-21,100,7.0
1990-08-21,2600,7.0
1990-08-21,1000,7.0
1990-08-21,2000,7.0
1990-09-18,500,8.0
1990-09-18,100,8.0
1990-09-18,2600,8.0
1990-09-18,1500,8.0
1990-09-18,2000,8.0
1990-09-18,1000,8.0
1990-10-16,1000,6.0
1990-10-16,100,6.0
1990-10-16,1500,6.0
1990-10-16,2000,6.0
1990-10-16,2600,6.0
1990-10-16,500,6.0
1990-11-14,2500,12.0
1990-11-14,2600,12.0
1990-11-14,500,12.0
1990-11-14,100,12.0
1990-11-14,2000,12.0
1990-11-14,1000,12.0
1990-11-14,1500,12.0
1990-12-13,1000,5.0
1990-12-13,1500,5.0
1990-12-13,2000,5.0
1990-12-13,100,5.0
1990-12-13,500,5.0
1990-12-13,2400,5.0
1991-01-15,1000,8.0
1991-01-15,100,8.0
1991-01-15,500,8.0
1991-01-15,1500,8.0
1991-01-15,2000,8.0
1991-01-15,2500,8.0
1991-01-15,2700,8.0
1991-02-13,1500,5.2
1991-02-13,1000,5.2
1991-02-13,2600,5.2
1991-02-13,500,5.2
1991-02-13,100,5.2
1991-02-13,2000,5.2
1991-03-20,2000,6.0
1991-03-20,1000,6.0
1991-03-20,100,6.0
1991-03-20,2500,6.0
1991-03-20,500,6.0
1991-03-20,2700,6.0
1991-03-20,1500,6.0
1991-04-15,1500,7.0
1991-04-15,2500,7.0
1991-04-15,100,7.0
1991-04-15,2000,7.0
1991-04-15,1000,7.0
1991-04-15,2700,7.0
1991-04-15,500,7.0
1991-05-21,2000,6.0
1991-05-21,500,6.0
1991-05-21,2500,6.0
1991-05-21,1000,6.0
1991-05-21,100,6.0
1991-05-21,1500,6.0
1991-06-17,500,5.0
1991-06-17,1500,5.0
1991-06-17,2500,5.0
1991-06-17,2000,5.0
1991-06-17,2600,5.0
1991-06-17,1000,5.0
1991-06-17,100,5.0
1991-07-22,100,6.0
1991-07-22,2500,6.0
1991-07-22,1000,6.0
1991-07-22,500,6.0
1991-07-22,2700,6.0
1991-07-22,2000,6.0
1991-07-22,1500,6.0
1991-08-14,100,8.0
1991-08-14,1000,8.0
1991-08-14,1500,8.0
1991-08-14,500,8.0
1991-08-14,2700,8.0
1991-08-14,2000,8.0
1991-09-10,2600,9.0
1991-09-10,1000,9.0
1991-09-10,500,9.0
1991-09-10,100,9.0
1991-09-10,2000,9.0
1991-09-10,1500,9.0
1991-09-10,2500,9.0
1991-10-17,500,6.0
1991-10-17,2000,6.0
1991-10-17,1000,6.0
1991-10-17,1500,6.0
1991-10-17,2600,6.0
1991-10-17,100,6.0
1991-11-12,1000,8.0
1991-11-12,2500,8.0
1991-11-12,2000,8.0
1991-11-12,100,8.0
1991-11-12,1500,8.0
1991-11-12,500,8.0
1991-12-12,2000,8.0
1991-12-12,100,8.0
1991-12-12,1500,8.0
1991-12-12,1000,8.0
1991-12-12,500,8.0
1991-12-12,2600,8.0
1991-12-12,2500,8.0
1992-01-30,1500,7.0
1992-01-30,2700,7.0
1992-01-30,2000,7.0
1992-01-30,1000,7.0
1992-01-30,2500,7.0
1992-01-30,500,7.0
1992-01-30,100,7.0
1992-02-11,2000,12.5
1992-02-11,100,12.5
1992-02-11,500,12.5
1992-02-11,2500,12.5
1992-02-11,1500,12.5
1992-02-11,1000,12.5
1992-02-20,1000,8.0
1992-02-20,2700,8.0
1992-02-20,1500,8.0
1992-02-20,100,8.0
1992-02-20,2500,8.0
1992-02-20,2000,8.0
1992-02-20,500,8.0
1992-02-27,2000,8.5
1992-02-27,500,8.5
1992-02-27,1000,8.5
1992-02-27,2500,8.5
1992-02-27,100,8.5
1992-02-27,1500,8.5
1992-03-04,500,10.5
1992-03-04,2500,10.5
1992-03-04,1000,10.5
1992-03-04,100,10.5
1992-03-04,1500,10.5
1992-03-04,2000,10.5
1992-03-19,1500,8.0
1992-03-19,1000,8.0
1992-03-19,100,8.0
1992-03-19,500,8.0
1992-03-19,2000,8.0
1992-03-19,2500,8.0
1992-03-26,1000,5.0
1992-03-26,500,5.0
1992-03-26,1500,5.0
1992-03-26,2500,5.0
1992-03-26,2000,5.0
1992-03-26,100,5.0
1992-03-30,2700,4.0
1992-03-30,100,4.0
1992-03-30,1000,4.0
1992-03-30,500,4.0
1992-03-30,2500,4.0
1992-03-30,1500,4.0
1992-03-30,2000,4.0
1992-04-21,2700,
1992-04-21,500,6.0
1992-04-21,1500,6.0
1992-04-21,100,6.0
1992-04-21,2000,6.0
1992-04-21,2500,
1992-04-21,1000,6.0
1992-05-13,2000,5.0
1992-05-13,1500,5.0
1992-05-13,500,5.0
1992-05-13,2500,5.0
1992-05-13,2700,5.0
1992-05-13,100,5.0
1992-05-13,1000,5.0
1992-06-16,1000,6.0
1992-06-16,100,6.0
1992-06-16,2500,6.0
1992-06-16,2700,6.0
1992-06-16,2000,6.0
1992-06-16,500,6.0
1992-06-16,1500,6.0
1992-07-09,2500,4.0
1992-07-09,1500,4.0
1992-07-09,500,4.0
1992-07-09,2000,4.0
1992-07-09,2700,4.0
1992-07-09,1000,4.0
1992-07-09,100,4.0
1992-08-06,1500,7.5
1992-08-06,100,7.5
1992-08-06,1000,7.5
1992-08-06,500,7.5
1992-08-06,2000,7.5
1992-08-06,2500,7.5
1992-08-17,100,6.5
1992-08-17,1000,6.5
1992-08-17,1500,6.5
1992-08-17,2600,6.5
1992-08-17,2500,6.5
1992-08-17,2000,6.5
1992-08-17,500,6.5
1992-08-27,2500,4.5
1992-08-27,1000,4.5
1992-08-27,2000,4.5
1992-08-27,500,4.5
1992-08-27,1500,4.5
1992-08-27,100,4.5
1992-09-03,1000,5.5
1992-09-03,500,5.5
1992-09-03,2000,5.5
1992-09-03,100,5.5
1992-09-03,1500,5.5
1992-09-03,2500,5.5
1992-09-09,1500,6.0
1992-09-09,2000,6.0
1992-09-09,1000,6.0
1992-09-09,2500,6.0
1992-09-09,500,6.0
1992-09-09,100,6.0
1992-09-09,2700,6.0
1992-09-17,2000,6.5
1992-09-17,2500,6.5
1992-09-17,100,6.5
1992-09-17,500,6.5
1992-09-17,1500,6.5
1992-09-17,1000,6.5
1992-09-24,100,7.5
1992-09-24,500,7.5
1992-09-24,1000,7.5
1992-09-24,1500,7.5
1992-09-24,2000,7.5
1992-09-24,2500,7.5
1992-10-01,2500,9.0
1992-10-01,100,9.0
1992-10-01,1000,9.0
1992-10-01,500,9.0
1992-10-01,1500,9.0
1992-10-01,2000,9.0
1992-10-12,1000,7.0
1992-10-12,2700,7.0
1992-10-12,2500,7.0
1992-10-12,100,7.0
1992-10-12,2000,7.0
1992-10-12,500,7.0
1992-10-12,1500,7.0
1992-11-16,100,7.0
1992-11-16,1500,7.0
1992-11-16,2000,7.0
1992-11-16,2500,7.0
1992-11-16,500,7.0
1992-11-16,1000,7.0
1992-12-15,1500,10.0
1992-12-15,2500,10.0
1992-12-15,2000,10.0
1992-12-15,1000,10.0
1992-12-15,100,10.0
1992-12-15,2700,10.0
1992-12-15,500,10.0
1993-01-19,2700,4.0
1993-01-19,1500,4.0
1993-01-19,100,4.0
1993-01-19,2000,4.0
1993-01-19,500,4.0
1993-01-19,1000,4.0
1993-01-19,2500,4.0
1993-02-02,2500,5.5
1993-02-02,2000,5.5
1993-02-02,500,5.5
1993-02-02,1000,5.5
1993-02-02,1500,5.5
1993-02-02,100,5.5
1993-02-10,2000,9.5
1993-02-10,2500,9.5
1993-02-10,100,9.5
1993-02-10,1500,9.5
1993-02-10,1000,9.5
1993-02-10,500,9.5
1993-02-14,100,9.0
1993-02-14,1000,9.0
1993-02-14,500,9.0
1993-02-14,2000,9.0
1993-02-14,2500,9.0
1993-02-14,1500,9.0
1993-02-14,2700,9.0
1993-02-24,1000,6.5
1993-02-24,100,6.5
1993-02-24,2000,6.5
1993-02-24,500,6.5
1993-02-24,1500,6.5
1993-02-24,2500,6.5
1993-03-04,100,5.5
1993-03-04,500,5.5
1993-03-04,1000,5.5
1993-03-04,1500,5.5
1993-03-04,2500,5.5
1993-03-04,2000,5.5
1993-03-09,1000,7.5
1993-03-09,500,7.5
1993-03-09,2000,7.5
1993-03-09,100,7.5
1993-03-09,2500,7.5
1993-03-09,1500,7.5
1993-03-16,2700,4.0
1993-03-16,2000,4.0
1993-03-16,2500,4.0
1993-03-16,100,4.0
1993-03-16,500,4.0
1993-03-16,1500,4.0
1993-03-16,1000,4.0
1993-03-24,1500,6.0
1993-03-24,100,6.0
1993-03-24,2500,6.0
1993-03-24,500,6.0
1993-03-24,1000,6.0
1993-03-24,2000,6.0
1993-03-31,2500,7.0
1993-03-31,500,7.0
1993-03-31,1000,7.0
1993-03-31,2000,7.0
1993-03-31,100,7.0
1993-03-31,1500,7.0
1993-04-05,2000,7.5
1993-04-05,1500,7.5
1993-04-05,1000,7.5
1993-04-05,2500,7.5
1993-04-05,500,7.5
1993-04-05,100,7.5
1993-04-15,1500,5.0
1993-04-15,2700,5.0
1993-04-15,100,5.0
1993-04-15,2500,5.0
1993-04-15,1000,5.0
1993-04-15,2000,5.0
1993-04-15,500,5.0
1993-04-21,1000,9.0
1993-04-21,1500,9.0
1993-04-21,100,9.0
1993-04-21,500,9.0
1993-04-21,2500,9.0
1993-04-21,2000,9.0
1993-05-17,2600,6.0
1993-05-17,1500,6.0
1993-05-17,1000,6.0
1993-05-17,2000,6.0
1993-05-17,2500,6.0
1993-05-17,500,6.0
1993-05-17,100,6.0
1993-06-14,2700,7.0
1993-06-14,500,7.0
1993-06-14,2000,7.0
1993-06-14,100,7.0
1993-06-14,1000,7.0
1993-06-14,2500,7.0
1993-06-14,1500,7.0
1993-07-13,1500,6.0
1993-07-13,2500,6.0
1993-07-13,2700,6.0
1993-07-13,100,6.0
1993-07-13,500,6.0
1993-07-13,2000,6.0
1993-07-13,1000,6.0
1993-08-23,2700,5.0
1993-08-23,2500,5.0
1993-08-23,500,5.0
1993-08-23,1500,5.0
1993-08-23,100,5.0
1993-08-23,1000,5.0
1993-08-23,2000,5.0
1993-09-16,1000,4.0
1993-09-16,2500,4.0
1993-09-16,2000,4.0
1993-09-16,1500,4.0
1993-09-16,100,4.0
1993-09-16,500,4.0
1993-09-16,2700,4.0
1993-10-12,2700,5.0
1993-10-12,2000,5.0
1993-10-12,1000,5.0
1993-10-12,2500,5.0
1993-10-12,500,5.0
1993-10-12,1500,5.0
1993-10-12,100,5.0
1993-11-15,500,6.0
1993-11-15,2500,6.0
1993-11-15,1500,6.0
1993-11-15,2000,6.0
1993-11-15,100,6.0
1993-11-15,2600,6.0
1993-11-15,1000,6.0
1993-12-16,100,5.0
1993-12-16,500,5.0
1993-12-16,1000,5.0
1993-12-16,2700,5.0
1993-12-16,2500,5.0
1993-12-16,1500,5.0
1993-12-16,2000,5.0
1994-01-25,1500,8.0
1994-01-25,2700,8.0
1994-01-25,2500,8.0
1994-01-25,500,8.0
1994-01-25,300,8.0
1994-01-25,100,8.0
1994-01-25,2000,8.0
1994-01-25,1000,8.0
1994-01-25,200,8.0
1994-02-23,2000,5.0
1994-02-23,2600,5.0
1994-02-23,200,5.0
1994-02-23,2500,5.0
1994-02-23,500,5.0
1994-02-23,300,5.0
1994-02-23,1000,5.0
1994-02-23,100,5.0
1994-02-23,1500,5.0
1994-03-15,200,7.0
1994-03-15,2000,7.0
1994-03-15,300,7.0
1994-03-15,100,7.0
1994-03-15,2700,7.0
1994-03-15,1000,7.0
1994-03-15,1500,7.0
1994-03-15,2500,7.0
1994-03-15,500,7.0
1994-04-18,2000,7.0
1994-04-18,200,7.0
1994-04-18,300,7.0
1994-04-18,2500,7.0
1994-04-18,1000,7.0
1994-04-18,1500,7.0
1994-04-18,100,7.0
1994-04-18,2700,7.0
1994-04-18,500,7.0
1994-05-25,2000,6.0
1994-05-25,1500,6.0
1994-05-25,200,6.0
1994-05-25,300,6.0
1994-05-25,2500,6.0
1994-05-25,1000,6.0
1994-05-25,100,6.0
1994-05-25,500,6.0
1994-05-25,2700,6.0
1994-06-21,1000,5.0
1994-06-21,100,5.0
1994-06-21,1500,5.0
1994-06-21,300,5.0
1994-06-21,2600,5.0
1994-06-21,200,5.0
1994-06-21,2500,5.0
1994-06-21,500,5.0
1994-06-21,2000,5.0
1994-07-27,300,5.0
1994-07-27,100,5.0
1994-07-27,2000,5.0
1994-07-27,1000,5.0
1994-07-27,200,5.0
1994-07-27,1500,5.0
1994-07-27,2600,5.0
1994-07-27,500,5.0
1994-07-27,2500,5.0
1994-08-17,1500,5.0
1994-08-17,1000,5.0
1994-08-17,100,5.0
1994-08-17,2500,5.0
1994-08-17,500,5.0
1994-08-17,2600,5.0
1994-08-17,2000,5.0
1994-09-18,100,3.0
1994-09-18,500,3.0
1994-09-18,200,3.0
1994-09-18,1000,3.0
1994-09-18,2500,3.0
1994-09-18,300,3.0
1994-09-18,2400,3.0
1994-09-18,1500,3.0
1994-09-18,2000,3.0
1994-10-20,100,4.0
1994-10-20,1500,4.0
1994-10-20,1000,4.0
1994-10-20,2000,4.0
1994-10-20,300,4.0
1994-10-20,2500,4.0
1994-10-20,200,4.0
1994-10-20,2700,4.0
1994-10-20,500,4.0
1994-11-14,2600,6.0
1994-11-14,300,6.0
1994-11-14,2000,6.0
1994-11-14,2500,6.0
1994-11-14,100,6.0
1994-11-14,200,6.0
1994-11-14,500,6.0
1994-11-14,1500,6.0
1994-11-14,1000,6.0
1994-12-12,1500,7.0
1994-12-12,2600,7.0
1994-12-12,100,7.0
1994-12-12,2000,7.0
1994-12-12,500,7.0
1994-12-12,1000,7.0
1994-12-12,2500,7.0
1994-12-12,200,7.0
1994-12-12,300,7.0
1995-01-18,100,9.0
1995-01-18,2600,9.0
1995-01-18,1500,9.0
1995-01-18,1000,9.0
1995-01-18,300,9.0
1995-01-18,200,9.0
1995-01-18,2000,9.0
1995-01-18,2500,9.0
1995-01-18,500,9.0
1995-02-06,2600,6.5
1995-02-06,1000,6.5
1995-02-06,500,6.5
1995-02-06,200,6.5
1995-02-06,1500,6.5
1995-02-06,2500,6.5
1995-02-06,2000,6.5
1995-02-06,100,6.5
1995-02-06,300,6.5
1995-03-21,300,5.0
1995-03-21,500,5.0
1995-03-21,2600,5.0
1995-03-21,2500,5.0
1995-03-21,200,5.0
1995-03-21,1500,5.0
1995-03-21,2000,5.0
1995-03-21,1000,5.0
1995-03-21,100,5.0
1995-04-18,300,6.0
1995-04-18,100,6.0
1995-04-18,1000,6.0
1995-04-18,1500,6.0
1995-04-18,200,6.0
1995-04-18,500,6.0
1995-04-18,2600,6.0
1995-04-18,2000,6.0
1995-04-18,2500,6.0
1995-05-08,2500,9.5
1995-05-08,300,9.5
1995-05-08,200,9.5
1995-05-08,1000,9.5
1995-05-08,100,9.5
1995-05-08,2000,9.5
1995-05-08,2600,9.5
1995-05-08,1500,9.5
1995-05-08,500,9.5
1995-06-08,1000,5.0
1995-06-08,500,5.0
1995-06-08,1500,5.0
1995-06-08,2700,5.0
1995-06-08,100,5.0
1995-06-08,2000,5.0
1995-06-08,300,5.0
1995-06-08,200,5.0
1995-06-08,2500,5.0
1995-07-13,100,6.0
1995-07-13,2700,6.0
1995-07-13,1500,6.0
1995-07-13,2000,6.0
1995-07-13,500,6.0
1995-07-13,2500,6.0
1995-07-13,300,6.0
1995-07-13,200,6.0
1995-07-13,1000,6.0
1995-08-23,100,5.0
1995-08-23,2500,5.0
1995-08-23,2000,5.0
1995-08-23,1500,5.0
1995-08-23,200,5.0
1995-08-23,2700,5.0
1995-08-23,300,5.0
1995-08-23,500,5.0
1995-08-23,1000,5.0
1995-09-13,2500,6.0
1995-09-13,2000,6.0
1995-09-13,500,6.0
1995-09-13,300,6.0
1995-09-13,2700,6.0
1995-09-13,1000,6.0
1995-09-13,200,6.0
1995-09-13,1500,6.0
1995-09-13,100,6.0
1995-10-30,500,7.0
1995-10-30,1500,7.0
1995-10-30,200,7.0
1995-10-30,100,7.0
1995-10-30,300,7.0
1995-10-30,2000,7.0
1995-10-30,2600,7.0
1995-10-30,2500,7.0
1995-10-30,1000,7.0
1995-11-22,200,8.0
1995-11-22,2500,8.0
1995-11-22,100,8.0
1995-11-22,1000,8.0
1995-11-22,1500,8.0
1995-11-22,2700,8.0
1995-11-22,2000,8.0
1995-11-22,300,8.0
1995-11-22,500,8.0
1995-12-13,1500,7.0
1995-12-13,2000,7.0
1995-12-13,100,7.0
1995-12-13,1000,7.0
1995-12-13,2500,7.0
1995-12-13,2600,7.0
1995-12-13,500,7.0
1995-12-13,300,7.0
1995-12-13,200,7.0
1996-01-17,2000,11.0
1996-01-17,1500,11.0
1996-01-17,2700,11.0
1996-01-17,100,11.0
1996-01-17,500,11.0
1996-01-17,2500,11.0
1996-01-17,1000,11.0
1996-02-29,500,
1996-02-29,100,
1996-02-29,1000,
1996-02-29,2000,
1996-02-29,1500,
1996-03-06,1000,5.0
1996-03-06,1500,5.0
1996-03-06,2000,5.0
1996-03-06,300,5.0
1996-03-06,200,5.0
1996-03-06,500,5.0
1996-03-06,100,5.0
1996-03-22,1000,
1996-03-22,2000,
1996-03-22,100,
1996-03-22,500,
1996-03-22,2100,
1996-03-22,1500,
1996-03-23,200,
1996-03-27,100,10.0
1996-03-27,2000,10.0
1996-03-27,500,10.0
1996-03-27,1500,10.0
1996-03-27,1000,10.0
1996-03-27,200,10.0
1996-03-28,1500,7.5
1996-03-28,2000,7.5
1996-03-28,100,7.5
1996-03-28,2500,7.5
1996-03-28,1000,7.5
1996-03-28,500,7.5
1996-03-28,2700,7.5
1996-04-02,200,9.5
1996-04-02,1500,9.5
1996-04-02,1000,9.5
1996-04-02,2700,9.5
1996-04-02,500,9.5
1996-04-02,2000,9.5
1996-04-02,100,9.5
1996-04-02,2500,9.5
1996-04-11,2700,5.5
1996-04-11,2000,5.5
1996-04-11,100,5.5
1996-04-11,500,5.5
1996-04-11,1500,5.5
1996-04-11,1000,5.5
1996-04-11,2500,5.5
1996-05-13,2000,7.0
1996-05-13,500,7.0
1996-05-13,100,7.0
1996-05-13,1500,7.0
1996-05-13,2600,7.0
1996-05-13,2500,7.0
1996-05-13,1000,7.0
1996-06-05,1500,7.0
1996-06-05,100,7.0
1996-06-05,2000,7.0
1996-06-05,500,7.0
1996-06-05,1000,7.0
1996-06-05,2600,7.0
1996-06-05,2500,7.0
1996-06-27,1500,
1996-06-27,500,
1996-06-27,200,
1996-06-27,1000,
1996-06-27,2500,
1996-06-27,100,
1996-06-27,2000,
1996-07-04,1000,
1996-07-04,2000,
1996-07-04,1500,
1996-07-04,100,
1996-07-04,2500,
1996-07-04,500,
1996-07-04,200,
1996-07-11,200,
1996-07-11,2000,
1996-07-11,300,
1996-07-11,100,
1996-07-11,1000,
1996-07-11,500,
1996-07-11,2500,
1996-07-11,1500,
1996-07-18,200,9.8
1996-07-18,1000,9.8
1996-07-18,2500,9.8
1996-07-18,100,9.8
1996-07-18,500,9.8
1996-07-18,1500,9.8
1996-07-18,300,9.8
1996-07-18,2000,9.8
1996-07-25,300,8.2
1996-07-25,200,8.2
1996-07-25,500,8.2
1996-07-25,2500,8.2
1996-07-25,1500,8.2
1996-07-25,100,8.2
1996-07-25,1000,8.2
1996-07-25,2000,8.2
1996-08-02,2000,7.6
1996-08-02,100,7.6
1996-08-02,200,7.6
1996-08-02,500,7.6
1996-08-02,1000,7.6
1996-08-02,1500,7.6
1996-08-02,2500,7.6
1996-08-02,300,7.6
1996-08-08,500,6.2
1996-08-08,1500,6.2
1996-08-08,2500,6.2
1996-08-08,300,6.2
1996-08-08,2000,6.2
1996-08-08,100,6.2
1996-08-08,200,6.2
1996-08-08,1000,6.2
1996-08-15,200,6.1
1996-08-15,1000,6.1
1996-08-15,1500,6.1
1996-08-15,2000,6.1
1996-08-15,2500,6.1
1996-08-15,300,6.1
1996-08-15,100,6.1
1996-08-15,500,6.1
1996-08-21,1500,6.8
1996-08-21,200,6.8
1996-08-21,500,6.8
1996-08-21,300,6.8
1996-08-21,1000,6.8
1996-08-21,100,6.8
1996-08-21,1500,6.8
1996-08-21,2000,6.8
1996-08-29,100,4.8
1996-08-29,1500,4.8
1996-08-29,300,4.8
1996-08-29,200,4.8
1996-08-29,2500,4.8
1996-08-29,1000,4.8
1996-08-29,2000,4.8
1996-08-29,500,4.8
1996-09-12,1000,6.8
1996-09-12,2500,6.8
1996-09-12,1500,6.8
1996-09-12,300,6.8
1996-09-12,2000,6.8
1996-09-12,200,6.8
1996-09-12,100,6.8
1996-09-12,500,6.8
1996-09-19,200,5.7
1996-09-19,1500,5.7
1996-09-19,500,5.7
1996-09-19,2500,5.7
1996-09-19,1000,5.7
1996-09-19,300,5.7
1996-09-19,100,5.7
1996-09-19,2000,5.7
1996-09-26,1500,5.7
1996-09-26,2000,5.7
1996-09-26,200,5.7
1996-09-26,300,5.7
1996-09-26,500,5.7
1996-09-26,1000,5.7
1996-09-26,2500,5.7
1996-09-26,100,5.7
1996-10-16,1000,5.5
1996-10-16,2500,5.5
1996-10-16,300,5.5
1996-10-16,2000,5.5
1996-10-16,1500,5.5
1996-10-16,100,5.5
1996-10-16,500,5.5
1996-10-16,200,5.5
1996-11-12,200,9.0
1996-11-12,500,9.0
1996-11-12,100,9.0
1996-11-12,300,9.0
1996-11-12,2000,9.0
1996-11-12,2500,9.0
1996-11-12,1500,9.0
1996-11-12,1000,9.0
1996-12-10,2500,12.4
1996-12-10,2000,12.4
1996-12-10,1500,12.4
1996-12-10,300,12.4
1996-12-10,500,12.4
1996-12-10,200,12.4
1996-12-10,1000,12.4
1996-12-10,100,12.4
1997-01-15,2000,10.2
1997-01-15,500,10.2
1997-01-15,200,10.2
1997-01-15,1000,10.2
1997-01-15,300,10.2
1997-01-15,1500,10.2
1997-01-15,100,10.2
1997-01-15,2500,10.2
1997-02-11,1000,7.0
1997-02-11,1500,7.0
1997-02-11,2000,7.0
1997-02-11,100,7.0
1997-02-11,300,7.0
1997-02-11,500,7.0
1997-02-11,2500,7.0
1997-02-11,200,7.0
1997-02-18,2500,6.5
1997-02-18,500,6.5
1997-02-18,200,6.5
1997-02-18,1500,6.5
1997-02-18,2000,6.5
1997-02-18,100,6.5
1997-02-18,1000,6.5
1997-02-18,300,6.5
1997-02-25,2000,6.8
1997-02-25,100,6.8
1997-02-25,500,6.8
1997-02-25,1000,6.8
1997-02-25,200,6.8
1997-02-25,300,6.8
1997-02-25,2500,6.8
1997-02-25,1500,6.8
1997-03-04,1000,4.8
1997-03-04,100,4.8
1997-03-04,1500,4.8
1997-03-04,2500,4.8
1997-03-04,2000,4.8
1997-03-04,200,4.8
1997-03-04,300,4.8
1997-03-04,500,4.8
1997-03-11,100,7.2
1997-03-11,200,7.2
1997-03-11,2000,7.2
1997-03-11,1000,7.2
1997-03-11,1500,7.2
1997-03-11,500,7.2
1997-03-11,2500,7.2
1997-03-11,300,7.2
1997-03-17,100,9.1
1997-03-17,300,9.1
1997-03-17,500,9.1
1997-03-17,2500,9.1
1997-03-17,2000,9.1
1997-03-17,1500,9.1
1997-03-17,1000,9.1
1997-03-17,200,9.1
1997-03-24,500,6.2
1997-03-24,1500,6.2
1997-03-24,1000,6.2
1997-03-24,2500,6.2
1997-03-24,2000,6.2
1997-03-24,300,6.2
1997-03-24,200,6.2
1997-03-24,100,6.2
1997-04-04,2000,7.1
1997-04-04,1500,7.1
1997-04-04,300,7.1
1997-04-04,500,7.1
1997-04-04,2500,7.1
1997-04-04,1000,7.1
1997-04-04,200,7.1
1997-04-04,100,7.1
1997-04-14,100,
1997-04-14,2500,
1997-04-14,1000,
1997-04-14,1500,
1997-04-14,500,
1997-04-14,2000,
1997-04-15,1500,6.4
1997-04-15,2500,6.4
1997-04-15,100,6.4
1997-04-15,1000,6.4
1997-04-15,300,6.4
1997-04-15,200,6.4
1997-04-15,2000,6.4
1997-04-15,500,6.4
1997-04-17,2500,6.5
1997-04-17,1000,6.5
1997-04-17,2000,6.5
1997-04-17,1500,6.5
1997-04-17,300,6.5
1997-04-17,200,6.5
1997-04-17,500,6.5
1997-04-17,100,6.5
1997-04-18,300,6.1
1997-04-18,100,6.1
1997-04-18,1500,6.1
1997-04-18,2000,6.1
1997-04-18,500,6.1
1997-04-18,2500,6.1
1997-04-18,1000,6.1
1997-04-18,200,6.1
1997-04-30,100,6.3
1997-04-30,1500,6.3
1997-04-30,200,6.3
1997-04-30,2000,6.3
1997-04-30,500,6.3
1997-04-30,1000,6.3
1997-04-30,300,6.3
1997-04-30,2500,6.3
1997-05-06,1000,8.1
1997-05-06,500,8.1
1997-05-06,2500,
1997-05-06,1500,8.1
1997-05-06,200,8.1
1997-05-06,2000,8.1
1997-05-06,100,8.1
1997-05-06,300,8.1
1997-05-30,2500,
1997-05-30,1500,
1997-05-30,1000,
1997-05-30,2000,
1997-05-30,100,
1997-05-30,500,
1997-06-05,500,8.7
1997-06-05,2000,8.7
1997-06-05,2500,8.7
1997-06-05,300,8.7
1997-06-05,200,8.7
1997-06-05,100,8.7
1997-06-05,1000,8.7
1997-06-05,1500,8.7
1997-06-18,2500,9.5
1997-06-18,1000,9.5
1997-06-18,1500,9.5
1997-06-18,200,9.5
1997-06-18,500,9.5
1997-06-18,300,9.5
1997-06-18,100,9.5
1997-06-18,2000,9.5
1997-07-02,1000,7.0
1997-07-02,300,7.0
1997-07-02,1500,7.0
1997-07-02,100,7.0
1997-07-02,2000,7.0
1997-07-02,500,7.0
1997-07-02,2500,7.0
1997-07-02,200,7.0
1997-07-09,300,8.5
1997-07-09,200,8.5
1997-07-09,2500,8.5
1997-07-09,500,8.5
1997-07-09,2000,8.5
1997-07-09,1500,8.5
1997-07-09,100,8.5
1997-07-09,1000,8.5
1997-07-15,200,8.0
1997-07-15,1000,8.0
1997-07-15,2500,8.0
1997-07-15,2000,8.0
1997-07-15,300,8.0
1997-07-15,500,8.0
1997-07-15,1500,8.0
1997-07-15,100,8.0
1997-07-23,2000,6.8
1997-07-23,2500,6.8
1997-07-23,1500,6.8
1997-07-23,500,6.8
1997-07-23,300,6.8
1997-07-23,200,6.8
1997-07-23,1000,6.8
1997-07-23,100,6.8
1997-07-30,2000,5.9
1997-07-30,1500,5.9
1997-07-30,200,5.9
1997-07-30,500,5.9
1997-07-30,1000,5.9
1997-07-30,100,5.9
1997-07-30,300,5.9
1997-07-30,2000,5.9
1997-08-05,1000,5.3
1997-08-05,300,5.3
1997-08-05,100,5.3
1997-08-05,2000,5.3
1997-08-05,500,5.3
1997-08-05,200,5.3
1997-08-05,1500,5.3
1997-08-05,2500,5.3
1997-08-12,100,5.4
1997-08-12,1000,5.4
1997-08-12,2500,5.4
1997-08-12,500,5.4
1997-08-12,200,5.4
1997-08-12,2000,5.4
1997-08-12,1500,5.4
1997-08-12,300,5.4
1997-08-18,1000,7.6
1997-08-18,2000,7.6
1997-08-18,1500,7.6
1997-08-18,2500,7.6
1997-08-18,300,7.6
1997-08-18,200,7.6
1997-08-18,100,7.6
1997-08-18,500,7.6
1997-08-25,100,5.7
1997-08-25,500,5.7
1997-08-25,1000,5.7
1997-08-25,2500,5.7
1997-08-25,1500,5.7
1997-08-25,200,5.7
1997-08-25,300,5.7
1997-08-25,2000,5.7
1997-09-01,500,
1997-09-01,300,
1997-09-01,1500,
1997-09-01,2500,
1997-09-01,100,
1997-09-01,200,
1997-09-01,2000,
1997-09-01,1000,
1997-09-08,500,5.1
1997-09-08,2000,5.1
1997-09-08,200,5.1
1997-09-08,1500,5.1
1997-09-08,1500,5.1
1997-09-08,100,5.1
1997-09-08,1000,5.1
1997-09-08,300,5.1
1997-09-18,500,11.5
1997-09-18,200,11.5
1997-09-18,100,11.5
1997-09-18,1000,11.5
1997-09-18,2500,11.5
1997-09-18,1500,11.5
1997-09-18,300,11.5
1997-09-18,2000,11.5
1997-09-25,2400,9.9
1997-09-25,1400,9.9
1997-09-25,900,9.9
1997-09-25,400,9.9
1997-09-25,300,9.9
1997-09-25,100,9.9
1997-09-25,200,9.9
1997-09-25,1900,9.9
1997-10-22,2500,9.3
1997-10-22,1500,9.3
1997-10-22,200,9.3
1997-10-22,100,9.3
1997-10-22,300,9.3
1997-10-22,1000,9.3
1997-10-22,2000,9.3
1997-10-22,500,9.3
1997-11-13,500,13.4
1997-11-13,200,13.4
1997-11-13,2000,13.4
1997-11-13,1000,13.4
1997-11-13,300,13.4
1997-11-13,1500,13.4
1997-11-13,2500,13.4
1997-11-13,100,13.4
1997-12-10,200,11.0
1997-12-10,1000,11.0
1997-12-10,2000,11.0
1997-12-10,1500,11.0
1997-12-10,100,11.0
1997-12-10,300,11.0
1997-12-10,2500,11.0
1997-12-10,500,11.0
1998-01-14,2000,10.8
1998-01-14,100,10.8
1998-01-14,1500,10.8
1998-01-14,1000,10.8
1998-01-14,2500,10.8
1998-01-14,500,10.8
1998-01-14,200,10.8
1998-01-14,300,10.8
1998-02-12,100,7.4
1998-02-12,2500,7.4
1998-02-12,2000,7.4
1998-02-12,1500,7.4
1998-02-12,300,7.4
1998-02-12,200,7.4
1998-02-12,500,7.4
1998-02-12,1000,7.4
1998-02-25,2500,5.2
1998-02-25,1000,5.2
1998-02-25,100,5.2
1998-02-25,2000,5.2
1998-02-25,500,5.2
1998-02-25,200,5.2
1998-02-25,1500,5.2
1998-02-25,300,5.2
1998-03-11,2500,3.9
1998-03-11,200,3.9
1998-03-11,2000,3.9
1998-03-11,300,3.9
1998-03-11,1000,3.9
1998-03-11,1500,3.9
1998-03-11,500,3.9
1998-03-11,100,3.9
1998-03-26,200,6.0
1998-03-26,1000,6.0
1998-03-26,500,6.0
1998-03-26,100,6.0
1998-03-26,2500,6.0
1998-03-26,300,6.0
1998-03-26,1500,6.0
1998-03-26,2000,6.0
1998-04-01,2000,6.8
1998-04-01,100,6.8
1998-04-01,2500,6.8
1998-04-01,500,6.8
1998-04-01,1000,6.8
1998-04-01,1500,6.8
1998-04-01,200,6.8
1998-04-01,300,6.8
1998-04-22,300,7.5
1998-04-22,2000,7.5
1998-04-22,1000,7.5
1998-04-22,200,7.5
1998-04-22,2500,7.5
1998-04-22,100,7.5
1998-04-22,1500,7.5
1998-04-22,500,7.5
1998-05-11,100,6.6
1998-05-11,200,6.6
1998-05-11,1400,6.6
1998-05-11,400,6.6
1998-05-11,900,6.6
1998-05-11,300,6.6
1998-05-11,2400,6.6
1998-05-11,1900,6.6
1998-06-10,300,7.5
1998-06-10,2500,7.5
1998-06-10,1000,7.5
1998-06-10,1500,7.5
1998-06-10,100,7.5
1998-06-10,2000,7.5
1998-06-10,500,7.5
1998-06-10,200,7.5
1998-06-25,2000,7.0
1998-06-25,100,7.0
1998-06-25,500,7.0
1998-06-25,1000,7.0
1998-06-25,300,7.0
1998-06-25,2500,7.0
1998-06-25,1500,7.0
1998-06-25,200,7.0
1998-07-02,200,7.5
1998-07-02,500,7.5
1998-07-02,2500,7.5
1998-07-02,300,7.5
1998-07-02,100,7.5
1998-07-02,1000,7.5
1998-07-02,1500,7.5
1998-07-02,2000,7.5
1998-07-08,2500,7.5
1998-07-08,100,7.5
1998-07-08,300,7.5
1998-07-08,500,7.5
1998-07-08,2000,7.5
1998-07-08,1000,7.5
1998-07-08,1500,7.5
1998-07-08,200,7.5
1998-07-15,100,9.0
1998-07-15,300,9.0
1998-07-15,200,9.0
1998-07-15,500,9.0
1998-07-15,1500,9.0
1998-07-15,2000,9.0
1998-07-15,1000,9.0
1998-07-15,2500,9.0
1998-07-22,200,8.0
1998-07-22,300,8.0
1998-07-22,2500,8.0
1998-07-22,500,8.0
1998-07-22,1500,8.0
1998-07-22,100,8.0
1998-07-22,1000,8.0
1998-07-22,2000,8.0
1998-07-29,1000,6.5
1998-07-29,300,6.5
1998-07-29,2500,6.5
1998-07-29,200,6.5
1998-07-29,2000,6.5
1998-07-29,100,6.5
1998-07-29,500,6.5
1998-07-29,1500,6.5
1998-08-11,1000,7.5
1998-08-11,100,7.5
1998-08-11,500,7.5
1998-08-11,200,7.5
1998-08-11,2500,7.5
1998-08-11,300,7.5
1998-08-11,1500,7.5
1998-08-11,2000,7.5
1998-08-19,1500,7.5
1998-08-19,200,7.5
1998-08-19,2000,7.5
1998-08-19,300,7.5
1998-08-19,2500,7.5
1998-08-19,500,7.5
1998-08-19,1000,7.5
1998-08-19,100,7.5
1998-08-26,1000,6.5
1998-08-26,1500,6.5
1998-08-26,2500,6.5
1998-08-26,200,6.5
1998-08-26,2000,6.5
1998-08-26,500,6.5
1998-08-26,300,6.5
1998-08-26,100,6.5
1998-09-01,2000,
1998-09-01,1500,
1998-09-01,500,
1998-09-01,1000,
1998-09-01,100,
1998-09-08,200,7.6
1998-09-08,500,7.6
1998-09-08,1900,7.6
1998-09-08,300,7.6
1998-09-08,100,7.6
1998-09-08,2400,7.6
1998-09-08,1400,7.6
1998-09-08,900,7.6
1998-09-16,200,11.0
1998-09-16,2000,11.0
1998-09-16,1500,11.0
1998-09-16,500,11.0
1998-09-16,2500,11.0
1998-09-16,1000,11.0
1998-09-16,300,11.0
1998-09-16,100,11.0
1998-09-21,2000,9.9
1998-09-21,100,9.9
1998-09-21,300,9.9
1998-09-21,1500,9.9
1998-09-21,500,9.9
1998-09-21,200,9.9
1998-09-21,1000,9.9
1998-09-21,2500,9.9
1998-10-15,2500,10.5
1998-10-15,100,10.5
1998-10-15,2000,10.5
1998-10-15,509,10.5
1998-10-15,300,10.5
1998-10-15,1000,10.5
1998-10-15,1500,10.5
1998-10-15,200,10.5
1998-11-03,1510,5.5
1998-11-03,200,5.5
1998-11-03,110,5.5
1998-11-03,2500,5.5
1998-11-03,300,5.5
1998-11-03,2000,5.5
1998-11-03,509,5.5
1998-11-03,1010,5.5
1998-12-08,300,6.5
1998-12-08,1000,6.5
1998-12-08,2500,6.5
1998-12-08,2000,6.5
1998-12-08,200,6.5
1998-12-08,500,6.5
1998-12-08,1500,6.5
1998-12-08,100,6.5
1999-01-26,2000,8.6
1999-01-26,1500,8.6
1999-01-26,2500,8.6
1999-01-26,500,8.6
1999-01-26,100,8.6
1999-01-26,1000,8.6
1999-02-12,1500,7.8
1999-02-12,2500,7.8
1999-02-12,1000,7.8
1999-02-12,2000,7.8
1999-02-12,500,7.8
1999-02-12,100,7.8
1999-03-25,100,4.9
1999-03-25,1000,4.9
1999-03-25,500,4.9
1999-03-25,2500,4.9
1999-03-25,2000,4.9
1999-03-25,1500,4.9
1999-04-27,500,6.3
1999-04-27,2500,6.3
1999-04-27,1000,6.3
1999-04-27,2000,6.3
1999-04-27,100,6.3
1999-04-27,1500,6.3
1999-05-25,2000,6.6
1999-05-25,500,6.6
1999-05-25,2500,6.6
1999-05-25,1500,6.6
1999-05-25,100,6.6
1999-05-25,1000,6.6
1999-06-18,2000,6.9
1999-06-18,2500,6.9
1999-06-18,100,6.9
1999-06-18,1000,6.9
1999-06-18,500,6.9
1999-06-18,1500,6.9
1999-07-15,1000,6.9
1999-07-15,100,6.9
1999-07-15,500,6.9
1999-07-15,2000,6.9
1999-07-15,1500,6.9
1999-07-15,2500,6.9
1999-08-17,500,5.1
1999-08-17,1000,5.1
1999-08-17,1500,5.1
1999-08-17,100,5.1
1999-08-17,2500,5.1
1999-08-17,2000,5.1
1999-09-17,1000,6.6
1999-09-17,100,6.6
1999-09-17,1500,6.6
1999-09-17,500,6.6
1999-09-17,2000,6.6
1999-09-17,2500,6.6
1999-10-18,500,5.0
1999-10-18,2500,5.0
1999-10-18,1000,5.0
1999-10-18,2000,5.0
1999-10-18,1500,5.0
1999-10-18,100,5.0
1999-11-16,100,6.2
1999-11-16,2000,6.2
1999-11-16,2500,6.2
1999-11-16,500,6.2
1999-11-16,1500,6.2
1999-11-16,1000,6.2
1999-12-15,1000,5.7
1999-12-15,2000,5.7
1999-12-15,2500,5.7
1999-12-15,500,5.7
1999-12-15,1500,5.7
1999-12-15,100,5.7
2000-01-18,2500,6.6
2000-01-18,1000,6.6
2000-01-18,100,6.6
2000-01-18,1500,6.6
2000-01-18,500,6.6
2000-01-18,2000,6.6
2000-02-08,2500,4.9
2000-02-08,500,4.9
2000-02-08,1000,4.9
2000-02-08,1500,4.9
2000-02-08,100,4.9
2000-02-08,2000,4.9
2000-03-15,1500,6.2
2000-03-15,1000,6.2
2000-03-15,500,6.2
2000-03-15,100,6.2
2000-03-15,2500,6.2
2000-03-15,2000,6.2
2000-04-17,100,8.5
2000-04-17,500,8.5
2000-04-17,2000,8.5
2000-04-17,1500,8.5
2000-04-17,1000,8.5
2000-04-17,2500,8.5
2000-05-17,1000,8.1
2000-05-17,1500,8.1
2000-05-17,100,8.1
2000-05-17,2500,8.1
2000-05-17,2000,8.1
2000-05-17,500,8.1
2000-06-28,2500,7.0
2000-06-28,100,7.0
2000-06-28,2000,7.0
2000-06-28,1500,7.0
2000-06-28,1000,7.0
2000-06-28,500,7.0
2000-07-12,1500,5.6
2000-07-12,2500,5.6
2000-07-12,100,5.6
2000-07-12,1000,5.6
2000-07-12,500,5.6
2000-07-12,2000,5.6
2000-08-08,1500,5.7
2000-08-08,2000,5.7
2000-08-08,500,5.7
2000-08-08,2500,5.7
2000-08-08,100,5.7
2000-08-08,1000,5.7
2000-09-27,1500,6.2
2000-09-27,1000,6.2
2000-09-27,2000,6.2
2000-09-27,2500,6.2
2000-09-27,100,6.2
2000-09-27,500,6.2
2000-10-24,2500,9.4
2000-10-24,1000,9.4
2000-10-24,2000,9.4
2000-10-24,1500,9.4
2000-10-24,500,9.4
2000-10-24,100,9.4
2000-11-28,1000,7.7
2000-11-28,100,7.7
2000-11-28,1500,7.7
2000-11-28,2500,7.7
2000-11-28,500,7.7
2000-11-28,2000,7.7
2000-12-18,2500,7.1
2000-12-18,1500,7.1
2000-12-18,1000,7.1
2000-12-18,100,7.1
2000-12-18,2000,7.1
2000-12-18,500,7.1
2001-01-16,500,9.7
2001-01-16,1500,9.7
2001-01-16,2000,9.7
2001-01-16,1000,9.7
2001-01-16,2500,9.7
2001-01-16,100,9.7
2001-02-15,500,7.2
2001-02-15,2000,7.2
2001-02-15,1000,7.2
2001-02-15,1500,7.2
2001-02-15,2500,7.2
2001-02-15,100,7.2
2001-03-13,2000,4.2
2001-03-13,500,4.2
2001-03-13,1500,4.2
2001-03-13,1000,4.2
2001-03-13,100,4.2
2001-03-13,2500,4.2
2001-04-18,1000,5.9
2001-04-18,2500,5.9
2001-04-18,500,5.9
2001-04-18,100,5.9
2001-04-18,2000,5.9
2001-04-18,1500,5.9
2001-05-31,2000,7.0
2001-05-31,1000,7.0
2001-05-31,1500,7.0
2001-05-31,100,7.0
2001-05-31,2500,7.0
2001-05-31,500,7.0
2001-06-28,500,5.6
2001-06-28,2500,5.6
2001-06-28,1500,5.6
2001-06-28,1000,5.6
2001-06-28,100,5.6
2001-06-28,2000,5.6
2001-07-11,100,5.7
2001-07-11,500,5.7
2001-07-11,2000,5.7
2001-07-11,2500,5.7
2001-07-11,1500,5.7
2001-07-11,1000,5.7
2001-08-09,500,7.5
2001-08-09,1500,7.5
2001-08-09,100,7.5
2001-08-09,1000,7.5
2001-08-09,2000,7.5
2001-08-09,2500,7.5
2001-09-10,100,7.5
2001-09-10,1500,7.5
2001-09-10,500,7.5
2001-09-10,1000,7.5
2001-09-10,2000,7.5
2001-09-10,2500,7.5
2001-10-16,1000,6.8
2001-10-16,2500,6.8
2001-10-16,100,6.8
2001-10-16,2000,6.8
2001-10-16,1500,6.8
2001-10-16,500,6.8
2001-11-06,2500,7.6
2001-11-06,2000,7.6
2001-11-06,1000,7.6
2001-11-06,100,7.6
2001-11-06,1500,7.6
2001-11-06,500,7.6
2001-12-13,500,9.6
2001-12-13,1000,9.6
2001-12-13,1500,9.6
2001-12-13,2000,9.6
2001-12-13,2500,9.6
2001-12-13,100,9.6
2002-01-08,100,8.4
2002-01-08,500,8.4
2002-01-08,1500,8.4
2002-01-08,1000,8.4
2002-01-08,2000,8.4
2002-01-08,2500,8.4
2002-02-21,2500,3.0
2002-02-21,2000,3.0
2002-02-21,500,3.0
2002-02-21,100,3.0
2002-02-21,1500,3.0
2002-02-21,1000,3.0
2002-03-11,2500,6.9
2002-03-11,500,6.9
2002-03-11,100,6.9
2002-03-11,2000,6.9
2002-03-11,1500,6.9
2002-03-11,1000,6.9
2002-04-10,1500,7.2
2002-04-10,2500,7.2
2002-04-10,2000,7.2
2002-04-10,500,7.2
2002-04-10,100,7.2
2002-04-10,1000,7.2
2002-05-21,2000,5.7
2002-05-21,100,5.7
2002-05-21,2500,5.7
2002-05-21,1500,5.7
2002-05-21,1000,5.7
2002-05-21,500,5.7
2002-06-18,100,6.6
2002-06-18,500,6.6
2002-06-18,1000,6.6
2002-06-18,2000,6.6
2002-06-18,2500,6.6
2002-06-18,1500,6.6
2002-07-09,1500,7.6
2002-07-09,2000,7.6
2002-07-09,500,7.6
2002-07-09,2500,7.6
2002-07-09,100,7.6
2002-07-09,1000,7.6
2002-08-20,2500,7.2
2002-08-20,100,7.2
2002-08-20,500,7.2
2002-08-20,1500,7.2
2002-08-20,1000,7.2
2002-08-20,2000,7.2
2002-09-17,500,8.7
2002-09-17,2500,8.7
2002-09-17,100,8.7
2002-09-17,1000,8.7
2002-09-17,2000,8.7
2002-09-17,1500,8.7
2002-10-15,1000,7.1
2002-10-15,1500,7.1
2002-10-15,2500,7.1
2002-10-15,100,7.1
2002-10-15,500,7.1
2002-10-15,2000,7.1
2002-11-19,1000,6.6
2002-11-19,500,6.6
2002-11-19,1500,6.6
2002-11-19,2500,6.6
2002-11-19,2000,6.6
2002-11-19,100,6.6
2002-12-17,1000,5.5
2002-12-17,2500,5.5
2002-12-17,2000,5.5
2002-12-17,100,5.5
2002-12-17,1500,5.5
2002-12-17,500,5.5
2003-01-23,1500,9.6
2003-01-23,100,9.6
2003-01-23,1000,9.6
2003-01-23,2000,9.6
2003-01-23,500,9.6
2003-01-23,2500,9.6
2003-02-18,100,3.1
2003-02-18,500,3.1
2003-02-18,1000,3.1
2003-02-18,2500,3.1
2003-02-18,1500,3.1
2003-02-18,2000,3.1
2003-03-11,2500,7.2
2003-03-11,100,7.2
2003-03-11,500,7.2
2003-03-11,2000,7.2
2003-03-11,1500,7.2
2003-03-11,1000,7.2
2003-04-24,100,10.0
2003-04-24,2500,10.0
2003-04-24,500,10.0
2003-04-24,1500,10.0
2003-04-24,2000,10.0
2003-04-24,1000,10.0
2003-05-13,1500,8.8
2003-05-13,2000,8.8
2003-05-13,500,8.8
2003-05-13,1000,8.8
2003-05-13,2500,8.8
2003-05-13,100,8.8
2003-06-17,2500,8.3
2003-06-17,500,8.3
2003-06-17,100,8.3
2003-06-17,2000,8.3
2003-06-17,1500,8.3
2003-06-17,1000,8.3
2003-07-15,2000,7.0
2003-07-15,1500,7.0
2003-07-15,1000,7.0
2003-07-15,2500,7.0
2003-07-15,100,7.0
2003-07-15,500,7.0
2003-08-13,500,8.5
2003-08-13,100,8.5
2003-08-13,1500,8.5
2003-08-13,2500,8.5
2003-08-13,2000,8.5
2003-08-13,1000,8.5
2003-09-08,1000,8.8
2003-09-08,2500,8.8
2003-09-08,500,8.8
2003-09-08,1500,8.8
2003-09-08,2000,8.8
2003-09-08,100,8.8
2003-10-14,2500,7.3
2003-10-14,2000,7.3
2003-10-14,500,7.3
2003-10-14,1000,7.3
2003-10-14,100,7.3
2003-10-14,1500,7.3
2003-11-12,1500,5.9
2003-11-12,500,5.9
2003-11-12,2500,5.9
2003-11-12,2000,5.9
2003-11-12,100,5.9
2003-11-12,1000,5.9
2003-12-04,1000,8.4
2003-12-04,2500,8.4
2003-12-04,500,8.4
2003-12-04,2000,8.4
2003-12-04,1500,8.4
2003-12-04,100,8.4
2004-01-20,2500,7.2
2004-01-20,1500,7.2
2004-01-20,500,7.2
2004-01-20,1000,7.2
2004-01-20,100,7.2
2004-01-20,2000,7.2
2004-02-18,1000,5.5
2004-02-18,500,5.5
2004-02-18,2500,5.5
2004-02-18,100,5.5
2004-02-18,1500,5.5
2004-02-18,2000,5.5
2004-03-16,100,4.7
2004-03-16,2000,4.7
2004-03-16,2500,4.7
2004-03-16,1500,4.7
2004-03-16,1000,4.7
2004-03-16,500,4.7
2004-04-15,2500,8.8
2004-04-15,1000,8.8
2004-04-15,100,8.8
2004-04-15,1500,8.8
2004-04-15,500,8.8
2004-04-15,2000,8.8
2004-05-11,500,4.6
2004-05-11,2000,4.6
2004-05-11,100,4.6
2004-05-11,1500,4.6
2004-05-11,2500,4.6
2004-05-11,1000,4.6
2004-06-21,1500,3.7
2004-06-21,2500,3.7
2004-06-21,500,3.7
2004-06-21,2000,3.7
2004-06-21,1000,3.7
2004-06-21,100,3.7
2004-07-13,1000,7.8
2004-07-13,2500,7.8
2004-07-13,500,7.8
2004-07-13,1500,7.8
2004-07-13,2000,7.8
2004-07-13,100,7.8
2004-08-10,2000,5.8
2004-08-10,500,5.8
2004-08-10,1500,5.8
2004-08-10,1000,5.8
2004-08-10,2500,5.8
2004-08-10,100,5.8
2004-09-13,1000,5.3
2004-09-13,1500,5.3
2004-09-13,100,5.3
2004-09-13,2000,5.3
2004-09-13,2500,5.3
2004-09-13,500,5.3
2004-10-13,1000,8.9
2004-10-13,500,8.9
2004-10-13,2000,8.9
2004-10-13,2500,8.9
2004-10-13,1500,8.9
2004-10-13,100,8.9
2004-11-09,2500,6.0
2004-11-09,2000,6.0
2004-11-09,100,6.0
2004-11-09,1500,6.0
2004-11-09,1000,6.0
2004-11-09,500,6.0
2004-12-15,500,8.0
2004-12-15,2500,8.0
2004-12-15,100,8.0
2004-12-15,2000,8.0
2004-12-15,1000,8.0
2004-12-15,1500,8.0
2005-01-18,100,7.4
2005-01-18,2000,7.4
2005-01-18,2500,7.4
2005-01-18,500,7.4
2005-01-18,1000,7.4
2005-01-18,1500,7.4
2005-02-22,1500,6.3
2005-02-22,2500,6.3
2005-02-22,1000,6.3
2005-02-22,500,6.3
2005-02-22,2000,6.3
2005-02-22,100,6.3
2005-03-29,1500,4.8
2005-03-29,2000,4.8
2005-03-29,500,4.8
2005-03-29,1000,4.8
2005-03-29,2500,4.8
2005-03-29,100,4.8
2005-04-26,1000,6.1
2005-04-26,100,6.1
2005-04-26,500,6.1
2005-04-26,2500,6.1
2005-04-26,2000,6.1
2005-04-26,1500,6.1
2005-05-20,500,5.1
2005-05-20,2500,5.1
2005-05-20,2000,5.1
2005-05-20,1000,5.1
2005-05-20,100,5.1
2005-05-20,1500,5.1
2005-06-21,2500,7.3
2005-06-21,100,7.3
2005-06-21,2000,7.3
2005-06-21,1000,7.3
2005-06-21,1500,7.3
2005-06-21,500,7.3
2005-07-28,100,5.3
2005-07-28,1000,5.3
2005-07-28,500,5.3
2005-07-28,2500,5.3
2005-07-28,2000,5.3
2005-07-28,1500,5.3
2005-08-11,2000,7.5
2005-08-11,1000,7.5
2005-08-11,1500,7.5
2005-08-11,100,7.5
2005-08-11,2500,7.5
2005-08-11,500,7.5
2005-09-14,1500,6.7
2005-09-14,2500,6.7
2005-09-14,100,6.7
2005-09-14,1000,6.7
2005-09-14,2000,6.7
2005-09-14,500,6.7
2005-10-26,500,6.7
2005-10-26,2000,6.7
2005-10-26,2500,6.7
2005-10-26,100,6.7
2005-10-26,1000,6.7
2005-10-26,1500,6.7
2005-11-15,500,7.0
2005-11-15,1500,7.0
2005-11-15,1000,7.0
2005-11-15,2000,7.0
2005-11-15,100,7.0
2005-11-15,2500,7.0
2005-12-13,2000,9.0
2005-12-13,100,9.0
2005-12-13,1500,9.0
2005-12-13,2500,9.0
2005-12-13,500,9.0
2005-12-13,1000,9.0
2006-01-17,1500,7.0
2006-01-17,100,7.0
2006-01-17,1000,7.0
2006-01-17,2500,7.0
2006-01-17,2000,7.0
2006-01-17,500,7.0
2006-02-14,100,5.5
2006-02-14,2000,5.5
2006-02-14,1500,5.5
2006-02-14,1000,5.5
2006-02-14,2500,5.5
2006-02-14,500,5.5
2006-03-14,1000,7.1
2006-03-14,500,7.1
2006-03-14,2500,7.1
2006-03-14,2000,7.1
2006-03-14,1500,7.1
2006-03-14,100,7.1
2006-04-21,2500,6.3
2006-04-21,500,6.3
2006-04-21,1000,6.3
2006-04-21,2000,6.3
2006-04-21,1500,6.3
2006-04-21,100,6.3
2006-05-17,2000,5.3
2006-05-17,1500,5.3
2006-05-17,1000,5.3
2006-05-17,2500,5.3
2006-05-17,100,5.3
2006-05-17,500,5.3
2006-06-21,1000,7.0
2006-06-21,100,7.0
2006-06-21,2000,7.0
2006-06-21,1500,7.0
2006-06-21,2500,7.0
2006-06-21,500,7.0
2006-07-27,1000,5.9
2006-07-27,100,5.9
2006-07-27,2000,5.9
2006-07-27,1500,5.9
2006-07-27,2500,5.9
2006-07-27,500,5.9
2006-08-17,2500,5.0
2006-08-17,2000,5.0
2006-08-17,1000,5.0
2006-08-17,100,5.0
2006-08-17,1500,5.0
2006-08-17,500,5.0
2006-09-20,2000,6.3
2006-09-20,2500,6.3
2006-09-20,1500,6.3
2006-09-20,100,6.3
2006-09-20,500,6.3
2006-09-20,1000,6.3
2006-10-11,2500,6.5
2006-10-11,100,6.5
2006-10-11,1000,6.5
2006-10-11,500,6.5
2006-10-11,1500,6.5
2006-10-11,2000,6.5
2006-11-14,500,5.2
2006-11-14,1500,5.2
2006-11-14,1000,5.2
2006-11-14,2000,5.2
2006-11-14,100,5.2
2006-11-14,2500,5.2
2006-12-12,2500,5.6
2006-12-12,1000,5.6
2006-12-12,500,5.6
2006-12-12,100,5.6
2006-12-12,1500,5.6
2006-12-12,2000,5.6
2007-02-22,2500,5.0
2007-02-22,2000,5.0
2007-02-22,1000,5.0
2007-02-22,1500,5.0
2007-02-22,500,5.0
2007-02-22,100,5.0
2007-03-15,2500,2.8
2007-03-15,100,2.8
2007-03-15,1000,2.8
2007-03-15,1500,2.8
2007-03-15,500,2.8
2007-03-15,2000,2.8
2007-04-05,1000,3.8
2007-04-05,500,3.8
2007-04-05,100,3.8
2007-04-05,2500,3.8
2007-04-05,2000,3.8
2007-04-05,1500,3.8
2007-05-04,500,7.0
2007-05-04,1000,7.0
2007-05-04,2500,7.0
2007-05-04,1500,7.0
2007-05-04,100,7.0
2007-05-04,2000,7.0
2007-05-14,1500,6.0
2007-05-14,100,6.0
2007-05-14,2000,6.0
2007-05-14,2500,6.0
2007-05-14,1000,6.0
2007-05-14,500,6.0
2007-06-14,1500,5.3
2007-06-14,100,5.3
2007-06-14,2000,5.3
2007-06-14,1000,5.3
2007-06-14,500,5.3
2007-06-14,2500,5.3
2007-07-12,100,4.4
2007-07-12,1000,4.4
2007-07-12,1500,4.4
2007-07-12,500,4.4
2007-07-12,2000,4.4
2007-07-12,2500,4.4
2007-08-16,500,5.5
2007-08-16,1500,5.5
2007-08-16,2500,5.5
2007-08-16,100,5.5
2007-08-16,1000,5.5
2007-08-16,2000,5.5
2007-09-12,2500,4.7
2007-09-12,100,4.7
2007-09-12,1500,4.7
2007-09-12,500,4.7
2007-09-12,1000,4.7
2007-09-12,2000,4.7
2007-10-16,2000,9.5
2007-10-16,100,9.5
2007-10-16,500,9.5
2007-10-16,1500,9.5
2007-10-16,2500,9.5
2007-10-16,1000,9.5
2007-11-13,500,7.6
2007-11-13,2500,7.6
2007-11-13,2000,7.6
2007-11-13,1500,7.6
2007-11-13,100,7.6
2007-11-13,1000,7.6
2007-12-11,100,11.0
2007-12-11,2500,11.0
2007-12-11,1000,11.0
2007-12-11,1500,11.0
2007-12-11,500,11.0
2007-12-11,2000,11.0
2008-01-17,1500,8.0
2008-01-17,2500,8.0
2008-01-17,100,8.0
2008-01-17,1000,8.0
2008-01-17,500,8.0
2008-01-17,2000,8.0
2008-02-19,1500,5.0
2008-02-19,500,5.0
2008-02-19,2000,5.0
2008-02-19,100,5.0
2008-02-19,1000,5.0
2008-02-19,2500,5.0
2008-04-16,100,9.7
2008-04-16,1500,9.7
2008-04-16,1000,9.7
2008-04-16,500,9.7
2008-04-16,2000,9.7
2008-04-16,2500,9.7
2008-05-20,500,9.2
2008-05-20,1500,9.2
2008-05-20,2500,9.2
2008-05-20,100,9.2
2008-05-20,2000,9.2
2008-05-20,1000,9.2
2008-06-24,1000,6.2
2008-06-24,1500,6.2
2008-06-24,2500,6.2
2008-06-24,2000,6.2
2008-06-24,500,6.2
2008-06-24,100,6.2
2008-07-09,500,7.3
2008-07-09,1000,7.3
2008-07-09,100,7.3
2008-07-09,1500,7.3
2008-07-09,2500,7.3
2008-07-09,2000,7.3
2008-08-19,500,8.0
2008-08-19,1000,8.0
2008-08-19,2500,8.0
2008-08-19,1500,8.0
2008-08-19,2000,8.0
2008-08-19,100,8.0
2008-09-15,2500,5.2
2008-09-15,1500,5.2
2008-09-15,100,5.2
2008-09-15,500,5.2
2008-09-15,1000,5.2
2008-09-15,2000,5.2
2008-09-16,2500,5.0
2008-09-16,500,5.0
2008-09-16,1000,5.0
2008-09-16,100,5.0
2008-09-16,2000,5.0
2008-09-16,1500,5.0
2008-09-17,100,5.4
2008-09-17,1500,5.4
2008-09-17,2000,5.4
2008-09-17,1000,5.4
2008-09-17,500,5.4
2008-09-17,2500,5.4
2008-09-18,2500,4.7
2008-09-18,1500,4.7
2008-09-18,1000,4.7
2008-09-18,500,4.7
2008-09-18,2000,4.7
2008-09-18,100,4.7
2008-10-27,1500,5.1
2008-10-27,2000,5.1
2008-10-27,2500,5.1
2008-10-27,100,5.1
2008-10-27,1000,5.1
2008-10-27,500,5.1
2008-11-17,100,6.6
2008-11-17,500,6.6
2008-11-17,1500,6.6
2008-11-17,2500,6.6
2008-11-17,2000,6.6
2008-11-17,1000,6.6
2008-12-08,500,
2008-12-08,1000,
2008-12-08,100,
2008-12-08,2500,
2008-12-08,1500,
2008-12-08,2000,
2009-01-19,1500,7.2
2009-01-19,2500,7.2
2009-01-19,500,7.2
2009-01-19,100,7.2
2009-01-19,2000,7.2
2009-01-19,1000,7.2
2009-01-19,100,7.2
2009-01-19,500,7.2
2009-01-19,1000,7.2
2009-01-19,1500,7.2
2009-01-19,2000,7.2
2009-01-19,2500,7.2
2009-02-10,100,4.5
2009-02-10,500,4.5
2009-02-10,1000,4.5
2009-02-10,1500,4.5
2009-02-10,2000,4.5
2009-02-10,2500,4.5
2009-03-02,100,7.2
2009-03-02,500,7.2
2009-03-02,1000,7.2
2009-03-02,1500,7.2
2009-03-02,2000,7.2
2009-03-02,2500,7.2
2009-04-24,100,6.6
2009-04-24,500,6.6
2009-04-24,1000,6.6
2009-04-24,1500,6.6
2009-04-24,2000,6.6
2009-04-24,2500,6.6
2009-05-20,100,7.1
2009-05-20,500,7.1
2009-05-20,1000,7.1
2009-05-20,1500,7.1
2009-05-20,2000,7.1
2009-05-20,2500,7.1
2009-06-23,100,4.9
2009-06-23,500,4.9
2009-06-23,1000,4.9
2009-06-23,1500,4.9
2009-06-23,2000,4.9
2009-06-23,2500,4.9
2009-07-14,100,5.4
2009-07-14,500,5.4
2009-07-14,1000,5.4
2009-07-14,1500,5.4
2009-07-14,2000,5.4
2009-07-14,2500,5.4
2009-08-20,100,7.6
2009-08-20,500,7.6
2009-08-20,1000,7.6
2009-08-20,1500,7.6
2009-08-20,2000,7.6
2009-08-20,2500,7.6
2009-09-15,100,7.8
2009-09-15,500,7.8
2009-09-15,1000,7.8
2009-09-15,1500,7.8
2009-09-15,2000,7.8
2009-09-15,2500,7.8
2009-10-19,100,5.9
2009-10-19,500,5.9
2009-10-19,1000,5.9
2009-10-19,1500,5.9
2009-10-19,2000,5.9
2009-10-19,2500,5.9
2009-11-04,0,
2009-12-15,100,5.8
2009-12-15,500,5.8
2009-12-15,1000,5.8
2009-12-15,1500,5.8
2009-12-15,2000,5.8
2009-12-15,2500,5.8
2010-01-19,100,4.7
2010-01-19,500,4.7
2010-01-19,1000,4.7
2010-01-19,1500,4.7
2010-01-19,2000,4.7
2010-01-19,2500,4.7
2010-02-11,0,
2010-03-19,100,3.0
2010-03-19,500,3.0
2010-03-19,1000,3.0
2010-03-19,1500,3.0
2010-03-19,2000,3.0
2010-03-19,2500,3.0
2010-04-26,100,6.5
2010-04-26,500,6.5
2010-04-26,1000,6.5
2010-04-26,1500,6.5
2010-04-26,2000,6.5
2010-04-26,2500,6.5
2010-05-19,100,5.9
2010-05-19,500,5.9
2010-05-19,1000,5.9
2010-05-19,1500,5.9
2010-05-19,2000,5.9
2010-05-19,2500,5.9
2010-06-02,100,5.2
2010-06-02,500,5.2
2010-06-02,1000,5.2
2010-06-02,1500,5.2
2010-06-02,2000,5.2
2010-06-02,2500,5.2
2010-07-01,100,5.6
2010-07-01,500,5.6
2010-07-01,1000,5.6
2010-07-01,1500,5.6
2010-07-01,2000,5.6
2010-07-01,2500,5.6
2010-08-10,100,5.5
2010-08-10,500,5.5
2010-08-10,1000,5.5
2010-08-10,1500,5.5
2010-08-10,2000,5.5
2010-08-10,2500,5.5
2010-09-21,100,5.1
2010-09-21,500,5.1
2010-09-21,1000,5.1
2010-09-21,1500,5.1
2010-09-21,2000,5.1
2010-09-21,2500,5.1
2010-10-13,100,9.5
2010-10-13,500,9.5
2010-10-13,1000,9.5
2010-10-13,1500,9.5
2010-10-13,2000,9.5
2010-10-13,2500,9.5
2010-11-16,100,8.1
2010-11-16,500,8.1
2010-11-16,1000,8.1
2010-11-16,1500,8.1
2010-11-16,2000,8.1
2010-11-16,2500,8.1
2010-12-03,0,
2011-01-19,0,
2011-02-18,100,
2011-02-18,500,
2011-02-18,1000,
2011-02-18,1500,
2011-02-18,2000,
2011-02-18,2500,
2011-03-08,100,2.2
2011-03-08,500,2.2
2011-03-08,1000,2.2
2011-03-08,1500,2.2
2011-03-08,2000,2.2
2011-03-08,2500,2.2
2011-04-19,100,5.6
2011-04-19,500,5.6
2011-04-19,1000,5.6
2011-04-19,1500,5.6
2011-04-19,2000,5.6
2011-04-19,2500,5.6
2011-05-13,100,5.6
2011-05-13,500,5.6
2011-05-13,1000,5.6
2011-05-13,1500,5.6
2011-05-13,2000,5.6
2011-05-13,2500,5.6
2011-06-21,100,5.3
2011-06-21,500,5.3
2011-06-21,1000,5.3
2011-06-21,1500,5.3
2011-06-21,2000,5.3
2011-06-21,2500,5.3
2011-07-25,100,5.0
2011-07-25,500,5.0
2011-07-25,1000,5.0
2011-07-25,1500,5.0
2011-07-25,2000,5.0
2011-07-25,2500,5.0
2011-08-01,100,5.5
2011-08-01,500,5.5
2011-08-01,1000,5.5
2011-08-01,1500,5.5
2011-08-01,2000,5.5
2011-08-01,2500,5.5
2011-08-01,900,5.5
2011-08-01,2800,5.5
2011-09-21,100,7.0
2011-09-21,500,7.0
2011-09-21,1000,7.0
2011-09-21,1500,7.0
2011-09-21,2000,7.0
2011-09-21,2500,7.0
2011-09-21,2750,7.0
2011-10-13,0,
2011-10-18,0,
2011-10-21,0,
2011-11-08,100,4.6
2011-11-08,500,4.6
2011-11-08,1000,4.6
2011-11-08,1500,4.6
2011-11-08,2000,4.6
2011-11-08,2500,4.6
2011-11-08,2700,4.6
2011-12-09,0,
2012-01-11,100,7.0
2012-01-11,500,7.0
2012-01-11,1000,7.0
2012-01-11,1500,7.0
2012-01-11,2000,7.0
2012-01-11,2500,7.0
2012-01-11,2700,7.0
2012-02-13,0,
2012-03-13,100,5.2
2012-03-13,500,5.2
2012-03-13,1000,5.2
2012-03-13,1500,5.2
2012-03-13,2000,5.2
2012-03-13,2500,5.2
2012-04-10,100,6.1
2012-04-10,500,6.1
2012-04-10,1000,6.1
2012-04-10,1500,6.1
2012-04-10,2000,6.1
2012-04-10,2500,6.1
2012-05-14,100,7.7
2012-05-14,500,7.7
2012-05-14,1000,7.7
2012-05-14,1500,7.7
2012-05-14,2000,7.7
2012-05-14,2500,7.7
2012-06-26,100,6.0
2012-06-26,500,6.0
2012-06-26,1000,6.0
2012-06-26,1500,6.0
2012-06-26,2000,6.0
2012-06-26,2500,6.0
2012-07-16,100,7.2
2012-07-16,500,7.2
2012-07-16,1000,7.2
2012-07-16,1500,7.2
2012-07-16,2000,7.2
2012-07-16,2500,7.2
2012-08-07,100,5.2
2012-08-07,500,5.2
2012-08-07,1000,5.2
2012-08-07,1500,5.2
2012-08-07,2000,5.2
2012-08-07,2500,5.2
2012-09-27,100,6.1
2012-09-27,500,6.1
2012-09-27,1000,6.1
2012-09-27,1500,6.1
2012-09-27,2000,6.1
2012-09-27,2500,6.1
2012-10-02,100,6.1
2012-10-02,500,6.1
2012-10-02,1000,6.1
2012-10-02,1500,6.1
2012-10-02,2000,6.1
2012-10-02,2500,6.1
2012-11-06,100,7.2
2012-11-06,500,7.2
2012-11-06,1000,7.2
2012-11-06,1500,7.2
2012-11-06,2000,7.2
2012-11-06,2500,7.2
2012-12-04,100,6.5
2012-12-04,500,6.5
2012-12-04,1000,6.5
2012-12-04,1500,6.5
2012-12-04,2000,6.5
2012-12-04,2500,6.5
2013-01-01,0,
2013-02-06,100,7.6
2013-02-06,500,7.6
2013-02-06,1000,7.6
2013-02-06,1500,7.6
2013-02-06,2000,7.6
2013-02-06,2500,7.6
2013-03-05,100,7.9
2013-03-05,500,7.9
2013-03-05,1000,7.9
2013-03-05,1500,7.9
2013-03-05,2000,7.9
2013-03-05,2500,7.9
2013-04-03,100,5.4
2013-04-03,500,5.4
2013-04-03,1000,5.4
2013-04-03,1500,5.4
2013-04-03,2000,5.4
2013-04-03,2500,5.4
2013-05-24,100,7.5
2013-05-24,500,7.5
2013-05-24,1000,7.5
2013-05-24,1500,7.5
2013-05-24,2000,7.5
2013-05-24,2500,7.5
2013-06-04,100,6.7
2013-06-04,500,6.7
2013-06-04,1000,6.7
2013-06-04,1500,6.7
2013-06-04,2000,6.7
2013-06-04,2500,6.7
2013-07-04,100,7.0
2013-07-04,500,7.0
2013-07-04,1000,7.0
2013-07-04,1500,7.0
2013-07-04,2000,7.0
2013-07-04,2500,7.0
2013-08-28,100,7.6
2013-08-28,500,7.6
2013-08-28,1000,7.6
2013-08-28,1500,7.6
2013-08-28,2000,7.6
2013-08-28,2500,7.6
2013-09-24,100,8.2
2013-09-24,500,8.2
2013-09-24,1000,8.2
2013-09-24,1500,8.2
2013-09-24,2000,8.2
2013-09-24,2500,8.2
2013-10-01,100,6.0
2013-10-01,500,6.0
2013-10-01,1000,6.0
2013-10-01,1500,6.0
2013-10-01,2000,6.0
2013-10-01,2500,6.0
2013-11-05,100,7.0
2013-11-05,500,7.0
2013-11-05,1000,7.0
2013-11-05,1500,7.0
2013-11-05,2000,7.0
2013-11-05,2500,7.0
2013-12-03,100,5.9
2013-12-03,500,5.9
2013-12-03,1000,5.9
2013-12-03,1500,5.9
2013-12-03,2000,5.9
2013-12-03,2500,5.9
2014-02-25,100,6.7
2014-02-25,500,6.7
2014-02-25,1000,6.7
2014-02-25,1500,6.7
2014-02-25,2000,6.7
2014-02-25,2500,6.7
2014-03-05,100,4.4
2014-03-05,500,4.4
2014-03-05,1000,4.4
2014-03-05,1500,4.4
2014-03-05,2000,4.4
2014-03-05,2500,4.4
2014-04-15,100,5.1
2014-04-15,500,5.1
2014-04-15,1000,5.1
2014-04-15,1500,5.1
2014-04-15,2000,5.1
2014-04-15,2500,5.1
2014-05-07,100,4.5
2014-05-07,500,4.5
2014-05-07,1000,4.5
2014-05-07,1500,4.5
2014-05-07,2000,4.5
2014-05-07,2500,4.5
2014-06-21,100,6.3
2014-06-21,500,6.3
2014-06-21,1000,6.3
2014-06-21,1500,6.3
2014-06-21,2000,6.3
2014-06-21,2500,6.3
2014-07-08,100,7.4
2014-07-08,500,7.4
2014-07-08,1000,7.4
2014-07-08,1500,7.4
2014-07-08,2000,7.4
2014-07-08,2500,7.4
2014-08-28,100,7.6
2014-08-28,500,7.6
2014-08-28,1000,7.6
2014-08-28,1500,7.6
2014-08-28,2000,7.6
2014-08-28,2500,7.6
2014-09-23,100,8.4
2014-09-23,500,8.4
2014-09-23,1000,8.4
2014-09-23,1500,8.4
2014-09-23,2000,8.4
2014-09-23,2500,8.4
2014-10-21,100,
2014-10-21,500,
2014-10-21,1000,
2014-10-21,1500,
2014-10-21,2000,
2014-10-21,2500,
2014-11-18,100,3.8
2014-11-18,500,3.8
2014-11-18,1000,3.8
2014-11-18,1500,3.8
2014-11-18,2000,3.8
2014-11-18,2500,3.8
2014-12-16,100,6.4
2014-12-16,500,6.4
2014-12-16,1000,6.4
2014-12-16,1500,6.4
2014-12-16,2000,6.4
2014-12-16,2500,6.4
2015-01-06,100,7.2
2015-01-06,500,7.2
2015-01-06,1000,7.2
2015-01-06,1500,7.2
2015-01-06,2000,7.2
2015-01-06,2500,7.2
2015-02-23,100,3.5
2015-02-23,500,3.5
2015-02-23,1000,3.5
2015-02-23,1500,3.5
2015-02-23,2000,3.5
2015-02-23,2500,3.5
2015-03-17,100,4.0
2015-03-17,500,4.0
2015-03-17,1000,4.0
2015-03-17,1500,4.0
2015-03-17,2000,4.0
2015-03-17,2500,4.0
2015-04-21,100,4.7
2015-04-21,500,4.7
2015-04-21,1000,4.7
2015-04-21,1500,4.7
2015-04-21,2000,4.7
2015-04-21,2500,4.7
2015-05-12,100,3.7
2015-05-12,500,3.7
2015-05-12,1000,3.7
2015-05-12,1500,3.7
2015-05-12,2000,3.7
2015-05-12,2500,3.7
2015-06-04,100,7.1
2015-06-04,500,7.1
2015-06-04,1000,7.1
2015-06-04,1500,7.1
2015-06-04,2000,7.1
2015-06-04,2500,7.1
2015-06-21,100,7.5
2015-06-21,500,7.5
2015-06-21,1000,7.5
2015-06-21,1500,7.5
2015-06-21,2000,7.5
2015-06-21,2500,7.5
2015-07-14,100,6.0
2015-07-14,500,6.0
2015-07-14,1000,6.0
2015-07-14,1500,6.0
2015-07-14,2000,6.0
2015-07-14,2500,6.0
2015-08-04,100,8.5
2015-08-04,500,8.5
2015-08-04,1000,8.5
2015-08-04,1500,8.5
2015-08-04,2000,8.5
2015-08-04,2500,8.5
2015-09-10,100,6.9
2015-09-10,500,6.9
2015-09-10,1000,6.9
2015-09-10,1500,6.9
2015-09-10,2000,6.9
2015-09-10,2500,6.9
2015-10-15,0,
2015-11-05,100,5.6
2015-11-05,500,5.6
2015-11-05,1000,5.6
2015-11-05,1500,5.6
2015-11-05,2000,5.6
2015-11-05,2500,5.6
2015-12-08,100,7.4
2015-12-08,500,7.4
2015-12-08,1000,7.4
2015-12-08,1500,7.4
2015-12-08,2000,7.4
2015-12-08,2500,7.4
2016-01-05,0,
2016-02-09,0,
2016-03-08,100,4.9
2016-03-08,2640,4.9
2016-03-08,500,4.9
2016-03-08,1000,4.9
2016-03-08,1500,4.9
2016-03-08,2000,4.9
2016-03-08,2500,4.9
2016-04-12,100,6.5
2016-04-12,500,6.5
2016-04-12,1000,6.5
2016-04-12,1500,6.5
2016-04-12,2000,6.5
2016-04-12,2500,6.5
2016-05-03,100,5.1
2016-05-03,500,5.1
2016-05-03,1000,5.1
2016-05-03,1500,5.1
2016-05-03,2000,5.1
2016-05-03,2500,5.1
2016-06-01,100,4.3
2016-06-01,500,4.3
2016-06-01,1000,4.3
2016-06-01,1500,4.3
2016-06-01,2000,4.3
2016-06-01,2500,4.3
2016-06-21,0,
2016-07-05,100,4.8
2016-07-05,500,4.8
2016-07-05,1000,4.8
2016-07-05,1500,4.8
2016-07-05,2000,4.8
2016-07-05,2500,4.8
2016-08-03,100,7.9
2016-08-03,500,7.9
2016-08-03,1000,7.9
2016-08-03,1500,7.9
2016-08-03,2000,7.9
2016-08-03,2500,7.9
2016-09-21,100,7.8
2016-09-21,500,7.8
2016-09-21,1000,7.8
2016-09-21,1500,7.8
2016-09-21,2000,7.8
2016-09-21,2500,7.8
2016-10-19,100,5.6
2016-10-19,500,5.6
2016-10-19,1000,5.6
2016-10-19,1500,5.6
2016-10-19,2000,5.6
2016-10-19,2500,5.6
2016-11-08,100,4.5
2016-11-08,500,4.5
2016-11-08,1000,4.5
2016-11-08,1500,4.5
2016-11-08,2000,4.5
2016-11-08,2500,4.5
2016-12-06,100,5.4
2016-12-06,500,5.4
2016-12-06,1000,5.4
2016-12-06,1500,5.4
2016-12-06,2000,5.4
2016-12-06,2500,5.4
2017-01-10,100,5.5
2017-01-10,500,5.5
2017-01-10,1000,5.5
2017-01-10,1500,5.5
2017-01-10,2000,5.5
2017-01-10,2500,5.5
2017-02-21,0,
2017-03-13,100,3.8
2017-03-13,500,3.8
2017-03-13,1000,3.8
2017-03-13,1500,3.8
2017-03-13,2000,3.8
2017-03-13,2500,3.8
2017-04-10,100,2.9
2017-04-10,500,2.9
2017-04-10,1000,2.9
2017-04-10,1500,2.9
2017-04-10,2000,2.9
2017-04-10,2500,2.9
2017-05-03,0,
2017-06-21,100,
2017-06-21,500,
2017-06-21,1000,
2017-06-21,1500,
2017-06-21,2000,
2017-06-21,2500,
2017-07-17,100,8.5
2017-07-17,500,8.5
2017-07-17,1000,8.5
2017-07-17,1500,8.5
2017-07-17,2000,8.5
2017-07-17,2500,8.5
2017-08-01,100,7.8
2017-08-01,500,7.8
2017-08-01,1000,7.8
2017-08-01,1500,7.8
2017-08-01,2000,7.8
2017-08-01,2500,7.8
2017-09-12,100,7.4
2017-09-12,500,7.4
2017-09-12,1000,7.4
2017-09-12,1500,7.4
2017-09-12,2000,7.4
2017-09-12,2500,7.4
2017-10-24,100,4.1
2017-10-24,2500,4.1
2017-10-24,500,4.1
2017-10-24,1000,4.1
2017-10-24,1500,4.1
2017-10-24,2000,4.1
2017-11-09,100,6.3
2017-11-09,2500,6.3
2017-11-09,500,6.3
2017-11-09,1000,6.3
2017-11-09,1500,6.3
2017-11-09,2000,6.3
2017-12-19,100,7.7
2017-12-19,500,7.7
2017-12-19,1000,7.7
2017-12-19,1500,7.7
2017-12-19,2000,7.7
2017-12-19,2500,7.7
2018-01-10,100,5.3
2018-01-10,500,5.3
2018-01-10,1000,5.3
2018-01-10,1500,5.3
2018-01-10,2000,5.3
2018-01-10,2500,5.3
2018-02-20,100,6.0
2018-02-20,500,6.0
2018-02-20,1000,6.0
2018-02-20,1500,6.0
2018-02-20,2000,6.0
2018-02-20,2500,6.0
2018-03-26,100,4.0
2018-03-26,500,4.0
2018-03-26,1000,4.0
2018-03-26,1500,4.0
2018-03-26,2000,4.0
2018-03-26,2500,4.0
2018-04-18,100,4.5
2018-04-18,500,4.5
2018-04-18,1000,4.5
2018-04-18,1500,4.5
2018-04-18,2000,4.5
2018-04-18,2500,4.5
2018-05-08,100,7.2
2018-05-08,500,7.2
2018-05-08,1000,7.2
2018-05-08,1500,7.2
2018-05-08,2000,7.2
2018-05-08,2500,7.2
2018-06-21,100,4.1
2018-06-21,500,4.1
2018-06-21,1000,4.1
2018-06-21,1500,4.1
2018-06-21,2000,4.1
2018-06-21,2500,4.1
2018-07-12,0,
2018-08-01,100,6.3
2018-08-01,2500,6.3
2018-08-01,500,6.3
2018-08-01,1000,6.3
2018-08-01,1500,6.3
2018-08-01,2000,6.3
2018-09-20,100,6.6
2018-09-20,500,6.6
2018-09-20,1000,6.6
2018-09-20,1500,6.6
2018-09-20,2000,6.6
2018-09-20,2500,6.6
2018-09-20,1450,6.6
2018-10-18,100,5.8
2018-10-18,500,5.8
2018-10-18,1000,5.8
2018-10-18,1500,5.8
2018-10-18,2000,5.8
2018-10-18,2500,5.8
2018-11-13,100,5.8
2018-11-13,500,5.8
2018-11-13,1000,5.8
2018-11-13,1500,5.8
2018-11-13,2000,5.8
2018-11-13,2500,5.8
2018-12-12,100,5.2
2018-12-12,500,5.2
2018-12-12,1000,5.2
2018-12-12,1500,5.2
2018-12-12,2000,5.2
2018-12-12,2500,5.2
2019-01-08,0,
2019-02-26,100,7.0
2019-02-26,500,7.0
2019-02-26,1000,7.0
2019-02-26,1500,7.0
2019-02-26,2000,7.0
2019-02-26,2500,7.0
2019-03-20,100,6.0
2019-03-20,500,6.0
2019-03-20,1000,6.0
2019-03-20,1500,6.0
2019-03-20,2000,6.0
2019-03-20,2500,6.0
2019-04-24,100,7.0
2019-04-24,500,7.0
2019-04-24,1000,7.0
2019-04-24,1500,7.0
2019-04-24,2000,7.0
2019-04-24,2500,7.0
2019-05-28,100,5.0
2019-05-28,500,5.0
2019-05-28,1000,5.0
2019-05-28,1500,5.0
2019-05-28,2000,5.0
2019-05-28,2500,5.0
2019-06-26,100,6.0
2019-06-26,500,6.0
2019-06-26,1000,6.0
2019-06-26,1500,6.0
2019-06-26,2000,6.0
2019-06-26,2500,6.0
2019-07-31,100,9.0
2019-07-31,500,9.0
2019-07-31,1000,9.0
2019-07-31,1500,9.0
2019-07-31,2000,9.0
2019-07-31,2500,9.0
2019-08-27,100,
2019-08-27,500,
2019-08-27,1000,
2019-08-27,1500,
2019-08-27,2000,
2019-08-27,2500,
1999-01-26,100,8.6
1999-01-26,500,8.6
1999-01-26,1000,8.6
1999-01-26,1500,8.6
1999-01-26,2000,8.6
1999-01-26,2500,8.6
1999-02-12,100,7.8
1999-02-12,500,7.8
1999-02-12,1000,7.8
1999-02-12,1500,7.8
1999-02-12,2000,7.8
1999-02-12,2500,7.8
1999-03-25,100,4.9
1999-03-25,500,4.9
1999-03-25,1000,4.9
1999-03-25,1500,4.9
1999-03-25,2000,4.9
1999-03-25,2500,4.9
1999-04-27,100,6.3
1999-04-27,500,6.3
1999-04-27,1000,6.3
1999-04-27,1500,6.3
1999-04-27,2000,6.3
1999-04-27,2500,6.3
1999-05-25,100,6.6
1999-05-25,500,6.6
1999-05-25,1000,6.6
1999-05-25,1500,6.6
1999-05-25,2000,6.6
1999-05-25,2500,6.6
1999-06-17,100,
1999-06-17,500,
1999-06-17,1000,
1999-06-17,1500,
1999-06-17,2000,
1999-06-17,2500,
1999-07-15,100,6.9
1999-07-15,500,6.9
1999-07-15,1000,6.9
1999-07-15,1500,6.9
1999-07-15,2000,6.9
1999-07-15,2500,6.9
1999-08-17,100,5.1
1999-08-17,500,5.1
1999-08-17,1000,5.1
1999-08-17,1500,5.1
1999-08-17,2000,5.1
1999-08-17,2500,5.1
1999-09-17,100,6.6
1999-09-17,500,6.6
1999-09-17,1000,6.6
1999-09-17,1500,6.6
1999-09-17,2000,6.6
1999-09-17,2500,6.6
1999-10-18,100,5.0
1999-10-18,500,5.0
1999-10-18,1000,5.0
1999-10-18,1500,5.0
1999-10-18,2000,5.0
1999-10-18,2500,5.0
1999-11-16,100,6.2
1999-11-16,500,6.2
1999-11-16,1000,6.2
1999-11-16,1500,6.2
1999-11-16,2000,6.2
1999-11-16,2500,6.2
1999-12-15,100,5.7
1999-12-15,500,5.7
1999-12-15,1000,5.7
1999-12-15,1500,5.7
1999-12-15,2000,5.7
1999-12-15,2500,5.7
2000-01-18,100,6.6
2000-01-18,500,6.6
2000-01-18,1000,6.6
2000-01-18,1500,6.6
2000-01-18,2000,6.6
2000-01-18,2500,6.6
2000-02-08,100,4.9
2000-02-08,500,4.9
2000-02-08,1000,4.9
2000-02-08,1500,4.9
2000-02-08,2000,4.9
2000-02-08,2500,4.9
2000-03-15,100,6.2
2000-03-15,500,6.2
2000-03-15,1000,6.2
2000-03-15,1500,6.2
2000-03-15,2000,6.2
2000-03-15,2500,6.2
2000-04-17,100,8.5
2000-04-17,500,8.5
2000-04-17,1000,8.5
2000-04-17,1500,8.5
2000-04-17,2000,8.5
2000-04-17,2500,8.5
2000-05-17,100,8.1
2000-05-17,500,8.1
2000-05-17,1000,8.1
2000-05-17,1500,8.1
2000-05-17,2000,8.1
2000-05-17,2500,8.1
2000-06-28,100,7.0
2000-06-28,500,7.0
2000-06-28,1000,7.0
2000-06-28,1500,7.0
2000-06-28,2000,7.0
2000-06-28,2500,7.0
2000-07-12,100,5.6
2000-07-12,500,5.6
2000-07-12,1000,5.6
2000-07-12,1500,5.6
2000-07-12,2000,5.6
2000-07-12,2500,5.6
2000-08-08,100,5.7
2000-08-08,500,5.7
2000-08-08,1000,5.7
2000-08-08,1500,5.7
2000-08-08,2000,5.7
2000-08-08,2500,5.7
2000-09-27,100,6.2
2000-09-27,500,6.2
2000-09-27,1000,6.2
2000-09-27,1500,6.2
2000-09-27,2000,6.2
2000-09-27,2500,6.2
2000-10-24,100,9.4
2000-10-24,500,9.4
2000-10-24,1000,9.4
2000-10-24,1500,9.4
2000-10-24,2000,9.4
2000-10-24,2500,9.4
2000-11-28,100,7.7
2000-11-28,500,7.7
2000-11-28,1000,7.7
2000-11-28,1500,7.7
2000-11-28,2000,7.7
2000-11-28,2500,7.7
2000-12-18,100,7.1
2000-12-18,500,7.1
2000-12-18,1000,7.1
2000-12-18,1500,7.1
2000-12-18,2000,7.1
2000-12-18,2500,7.1
2001-01-16,100,9.7
2001-01-16,500,9.7
2001-01-16,1000,9.7
2001-01-16,1500,9.7
2001-01-16,2000,9.7
2001-01-16,2500,9.7
2001-02-15,100,7.2
2001-02-15,500,7.2
2001-02-15,1000,7.2
2001-02-15,1500,7.2
2001-02-15,2000,7.2
2001-02-15,2500,7.2
2001-03-13,100,4.2
2001-03-13,500,4.2
2001-03-13,1000,4.2
2001-03-13,1500,4.2
2001-03-13,2000,4.2
2001-03-13,2500,4.2
2001-04-18,100,5.9
2001-04-18,500,5.9
2001-04-18,1000,5.9
2001-04-18,1500,5.9
2001-04-18,2000,5.9
2001-04-18,2500,5.9
2001-05-31,100,7.0
2001-05-31,500,7.0
2001-05-31,1000,7.0
2001-05-31,1500,7.0
2001-05-31,2000,7.0
2001-05-31,2500,7.0
2001-06-28,100,5.6
2001-06-28,500,5.6
2001-06-28,1000,5.6
2001-06-28,1500,5.6
2001-06-28,2000,5.6
2001-06-28,2500,5.6
2001-07-11,100,5.7
2001-07-11,500,5.7
2001-07-11,1000,5.7
2001-07-11,1500,5.7
2001-07-11,2000,5.7
2001-07-11,2500,5.7
2001-08-09,100,7.5
2001-08-09,500,7.5
2001-08-09,1000,7.5
2001-08-09,1500,7.5
2001-08-09,2000,7.5
2001-08-09,2500,7.5
2001-09-10,100,7.5
2001-09-10,500,7.5
2001-09-10,1000,7.5
2001-09-10,1500,7.5
2001-09-10,2000,7.5
2001-09-10,2500,7.5
2001-10-16,100,6.8
2001-10-16,500,6.8
2001-10-16,1000,6.8
2001-10-16,1500,6.8
2001-10-16,2000,6.8
2001-10-16,2500,6.8
2001-11-06,100,7.6
2001-11-06,500,7.6
2001-11-06,1000,7.6
2001-11-06,1500,7.6
2001-11-06,2000,7.6
2001-11-06,2500,7.6
2001-12-13,100,9.6
2001-12-13,500,9.6
2001-12-13,1000,9.6
2001-12-13,1500,9.6
2001-12-13,2000,9.6
2001-12-13,2500,9.6
2002-01-08,100,8.4
2002-01-08,500,8.4
2002-01-08,1000,8.4
2002-01-08,1500,8.4
2002-01-08,2000,8.4
2002-01-08,2500,8.4
2002-02-21,100,3.0
2002-02-21,500,3.0
2002-02-21,1000,3.0
2002-02-21,1500,3.0
2002-02-21,2000,3.0
2002-02-21,2500,3.0
2002-03-11,100,6.9
2002-03-11,500,6.9
2002-03-11,1000,6.9
2002-03-11,1500,6.9
2002-03-11,2000,6.9
2002-03-11,2500,6.9
2002-04-10,100,7.2
2002-04-10,500,7.2
2002-04-10,1000,7.2
2002-04-10,1500,7.2
2002-04-10,2000,7.2
2002-04-10,2500,7.2
2002-05-21,100,5.7
2002-05-21,500,5.7
2002-05-21,1000,5.7
2002-05-21,1500,5.7
2002-05-21,2000,5.7
2002-05-21,2500,5.7
2002-06-18,100,6.6
2002-06-18,500,6.6
2002-06-18,1000,6.6
2002-06-18,1500,6.6
2002-06-18,2000,6.6
2002-06-18,2500,6.6
2002-07-09,100,7.6
2002-07-09,500,7.6
2002-07-09,1000,7.6
2002-07-09,1500,7.6
2002-07-09,2000,7.6
2002-07-09,2500,7.6
2002-08-20,100,7.2
2002-08-20,500,7.2
2002-08-20,1000,7.2
2002-08-20,1500,7.2
2002-08-20,2000,7.2
2002-08-20,2500,7.2
2002-09-17,100,8.7
2002-09-17,500,8.7
2002-09-17,1000,8.7
2002-09-17,1500,8.7
2002-09-17,2000,8.7
2002-09-17,2500,8.7
2002-10-15,100,7.1
2002-10-15,500,7.1
2002-10-15,1000,7.1
2002-10-15,1500,7.1
2002-10-15,2000,7.1
2002-10-15,2500,7.1
2002-11-19,100,6.6
2002-11-19,500,6.6
2002-11-19,1000,6.6
2002-11-19,1500,6.6
2002-11-19,2000,6.6
2002-11-19,2500,6.6
2002-12-17,100,5.5
2002-12-17,500,5.5
2002-12-17,1000,5.5
2002-12-17,1500,5.5
2002-12-17,2000,5.5
2002-12-17,2500,5.5
2003-01-23,100,9.6
2003-01-23,500,9.6
2003-01-23,1000,9.6
2003-01-23,1500,9.6
2003-01-23,2000,9.6
2003-01-23,2500,9.6
2003-02-18,100,3.1
2003-02-18,500,3.1
2003-02-18,1000,3.1
2003-02-18,1500,3.1
2003-02-18,2000,3.1
2003-02-18,2500,3.1
2003-03-11,100,7.2
2003-03-11,500,7.2
2003-03-11,1000,7.2
2003-03-11,1500,7.2
2003-03-11,2000,7.2
2003-03-11,2500,7.2
2003-04-24,100,10.0
2003-04-24,500,10.0
2003-04-24,1000,10.0
2003-04-24,1500,10.0
2003-04-24,2000,10.0
2003-04-24,2500,10.0
2003-05-13,100,8.8
2003-05-13,500,8.8
2003-05-13,1000,8.8
2003-05-13,1500,8.8
2003-05-13,2000,8.8
2003-05-13,2500,8.8
2003-06-17,100,8.3
2003-06-17,500,8.3
2003-06-17,1000,8.3
2003-06-17,1500,8.3
2003-06-17,2000,8.3
2003-06-17,2500,8.3
2003-07-15,100,7.0
2003-07-15,500,7.0
2003-07-15,1000,7.0
2003-07-15,1500,7.0
2003-07-15,2000,7.0
2003-07-15,2500,7.0
2003-08-13,100,8.5
2003-08-13,500,8.5
2003-08-13,1000,8.5
2003-08-13,1500,8.5
2003-08-13,2000,8.5
2003-08-13,2500,8.5
2003-09-08,100,8.8
2003-09-08,500,8.8
2003-09-08,1000,8.8
2003-09-08,1500,8.8
2003-09-08,2000,8.8
2003-09-08,2500,8.8
2003-10-14,100,7.3
2003-10-14,500,7.3
2003-10-14,1000,7.3
2003-10-14,1500,7.3
2003-10-14,2000,7.3
2003-10-14,2500,7.3
2003-11-12,100,5.9
2003-11-12,500,5.9
2003-11-12,1000,5.9
2003-11-12,1500,5.9
2003-11-12,2000,5.9
2003-11-12,2500,5.9
2003-12-04,100,8.4
2003-12-04,500,8.4
2003-12-04,1000,8.4
2003-12-04,1500,8.4
2003-12-04,2000,8.4
2003-12-04,2500,8.4
2004-01-20,100,7.2
2004-01-20,500,7.2
2004-01-20,1000,7.2
2004-01-20,1500,7.2
2004-01-20,2000,7.2
2004-01-20,2500,7.2
2004-02-18,100,5.5
2004-02-18,500,5.5
2004-02-18,1000,5.5
2004-02-18,1500,5.5
2004-02-18,2000,5.5
2004-02-18,2500,5.5
2004-03-16,100,4.7
2004-03-16,500,4.7
2004-03-16,1000,4.7
2004-03-16,1500,4.7
2004-03-16,2000,4.7
2004-03-16,2500,4.7
2004-04-15,100,8.8
2004-04-15,500,8.8
2004-04-15,1000,8.8
2004-04-15,1500,8.8
2004-04-15,2000,8.8
2004-04-15,2500,8.8
2004-05-11,100,4.6
2004-05-11,500,4.6
2004-05-11,1000,4.6
2004-05-11,1500,4.6
2004-05-11,2000,4.6
2004-05-11,2500,4.6
2004-06-21,100,3.7
2004-06-21,500,3.7
2004-06-21,1000,3.7
2004-06-21,1500,3.7
2004-06-21,2000,3.7
2004-06-21,2500,3.7
2004-07-13,100,7.8
2004-07-13,500,7.8
2004-07-13,1000,7.8
2004-07-13,1500,7.8
2004-07-13,2000,7.8
2004-07-13,2500,7.8
2004-08-10,100,5.8
2004-08-10,500,5.8
2004-08-10,1000,5.8
2004-08-10,1500,5.8
2004-08-10,2000,5.8
2004-08-10,2500,5.8
2004-09-13,100,5.3
2004-09-13,500,5.3
2004-09-13,1000,5.3
2004-09-13,1500,5.3
2004-09-13,2000,5.3
2004-09-13,2500,5.3
2004-10-13,100,8.9
2004-10-13,500,8.9
2004-10-13,1000,8.9
2004-10-13,1500,8.9
2004-10-13,2000,8.9
2004-10-13,2500,8.9
2004-11-09,100,6.0
2004-11-09,500,6.0
2004-11-09,1000,6.0
2004-11-09,1500,6.0
2004-11-09,2000,6.0
2004-11-09,2500,6.0
2004-12-15,100,8.0
2004-12-15,500,8.0
2004-12-15,1000,8.0
2004-12-15,1500,8.0
2004-12-15,2000,8.0
2004-12-15,2500,8.0
2005-01-18,100,7.4
2005-01-18,500,7.4
2005-01-18,1000,7.4
2005-01-18,1500,7.4
2005-01-18,2000,7.4
2005-01-18,2500,7.4
2005-02-22,100,6.3
2005-02-22,500,6.3
2005-02-22,1000,6.3
2005-02-22,1500,6.3
2005-02-22,2000,6.3
2005-02-22,2500,6.3
2005-03-29,100,4.8
2005-03-29,500,4.8
2005-03-29,1000,4.8
2005-03-29,1500,4.8
2005-03-29,2000,4.8
2005-03-29,2500,4.8
2005-04-26,100,6.1
2005-04-26,500,6.1
2005-04-26,1000,6.1
2005-04-26,1500,6.1
2005-04-26,2000,6.1
2005-04-26,2500,6.1
2005-05-20,100,5.1
2005-05-20,500,5.1
2005-05-20,1000,5.1
2005-05-20,1500,5.1
2005-05-20,2000,5.1
2005-05-20,2500,5.1
2005-06-21,100,7.3
2005-06-21,500,7.3
2005-06-21,1000,7.3
2005-06-21,1500,7.3
2005-06-21,2000,7.3
2005-06-21,2500,7.3
2005-07-28,100,5.3
2005-07-28,500,5.3
2005-07-28,1000,5.3
2005-07-28,1500,5.3
2005-07-28,2000,5.3
2005-07-28,2500,5.3
2005-08-11,100,7.5
2005-08-11,500,7.5
2005-08-11,1000,7.5
2005-08-11,1500,7.5
2005-08-11,2000,7.5
2005-08-11,2500,7.5
2005-09-14,100,6.7
2005-09-14,500,6.7
2005-09-14,1000,6.7
2005-09-14,1500,6.7
2005-09-14,2000,6.7
2005-09-14,2500,6.7
2005-10-26,100,6.7
2005-10-26,500,6.7
2005-10-26,1000,6.7
2005-10-26,1500,6.7
2005-10-26,2000,6.7
2005-10-26,2500,6.7
2005-11-15,100,7.0
2005-11-15,500,7.0
2005-11-15,1000,7.0
2005-11-15,1500,7.0
2005-11-15,2000,7.0
2005-11-15,2500,7.0
2005-12-13,100,9.0
2005-12-13,500,9.0
2005-12-13,1000,9.0
2005-12-13,1500,9.0
2005-12-13,2000,9.0
2005-12-13,2500,9.0
2006-01-17,100,7.0
2006-01-17,500,7.0
2006-01-17,1000,7.0
2006-01-17,1500,7.0
2006-01-17,2000,7.0
2006-01-17,2500,7.0
2006-02-14,100,5.5
2006-02-14,500,5.5
2006-02-14,1000,5.5
2006-02-14,1500,5.5
2006-02-14,2000,5.5
2006-02-14,2500,5.5
2006-03-14,100,7.1
2006-03-14,500,7.1
2006-03-14,1000,7.1
2006-03-14,1500,7.1
2006-03-14,2000,7.1
2006-03-14,2500,7.1
2006-04-21,100,6.3
2006-04-21,500,6.3
2006-04-21,1000,6.3
2006-04-21,1500,6.3
2006-04-21,2000,6.3
2006-04-21,2500,6.3
2006-05-17,100,5.3
2006-05-17,500,5.3
2006-05-17,1000,5.3
2006-05-17,1500,5.3
2006-05-17,2000,5.3
2006-05-17,2500,5.3
2006-06-21,100,7.0
2006-06-21,500,7.0
2006-06-21,1000,7.0
2006-06-21,1500,7.0
2006-06-21,2000,7.0
2006-06-21,2500,7.0
2006-07-27,100,5.9
2006-07-27,500,5.9
2006-07-27,1000,5.9
2006-07-27,1500,5.9
2006-07-27,2000,5.9
2006-07-27,2500,5.9
2006-08-17,100,5.0
2006-08-17,500,5.0
2006-08-17,1000,5.0
2006-08-17,1500,5.0
2006-08-17,2000,5.0
2006-08-17,2500,5.0
2006-09-20,100,6.3
2006-09-20,500,6.3
2006-09-20,1000,6.3
2006-09-20,1500,6.3
2006-09-20,2000,6.3
2006-09-20,2500,6.3
2006-10-11,100,6.5
2006-10-11,500,6.5
2006-10-11,1000,6.5
2006-10-11,1500,6.5
2006-10-11,2000,6.5
2006-10-11,2500,6.5
2006-11-14,100,5.2
2006-11-14,500,5.2
2006-11-14,1000,5.2
2006-11-14,1500,5.2
2006-11-14,2000,5.2
2006-11-14,2500,5.2
2006-12-12,100,5.6
2006-12-12,500,5.6
2006-12-12,1000,5.6
2006-12-12,1500,5.6
2006-12-12,2000,5.6
2006-12-12,2500,5.6
2007-02-22,100,5.0
2007-02-22,500,5.0
2007-02-22,1000,5.0
2007-02-22,1500,5.0
2007-02-22,2000,5.0
2007-02-22,2500,5.0
2007-03-15,100,2.8
2007-03-15,500,2.8
2007-03-15,1000,2.8
2007-03-15,1500,2.8
2007-03-15,2000,2.8
2007-03-15,2500,2.8
2007-04-05,100,3.8
2007-04-05,500,3.8
2007-04-05,1000,3.8
2007-04-05,1500,3.8
2007-04-05,2000,3.8
2007-04-05,2500,3.8
2007-05-04,100,7.0
2007-05-04,500,7.0
2007-05-04,1000,7.0
2007-05-04,1500,7.0
2007-05-04,2000,7.0
2007-05-04,2500,7.0
2007-05-14,100,6.0
2007-05-14,500,6.0
2007-05-14,1000,6.0
2007-05-14,1500,6.0
2007-05-14,2000,6.0
2007-05-14,2500,6.0
2007-06-14,100,5.3
2007-06-14,500,5.3
2007-06-14,1000,5.3
2007-06-14,1500,5.3
2007-06-14,2000,5.3
2007-06-14,2500,5.3
2007-07-12,100,4.4
2007-07-12,500,4.4
2007-07-12,1000,4.4
2007-07-12,1500,4.4
2007-07-12,2000,4.4
2007-07-12,2500,4.4
2007-08-16,100,5.5
2007-08-16,500,5.5
2007-08-16,1000,5.5
2007-08-16,1500,5.5
2007-08-16,2000,5.5
2007-08-16,2500,5.5
2007-09-12,100,4.7
2007-09-12,500,4.7
2007-09-12,1000,4.7
2007-09-12,1500,4.7
2007-09-12,2000,4.7
2007-09-12,2500,4.7
2007-10-16,100,9.5
2007-10-16,500,9.5
2007-10-16,1000,9.5
2007-10-16,1500,9.5
2007-10-16,2000,9.5
2007-10-16,2500,9.5
2007-11-13,100,7.6
2007-11-13,500,7.6
2007-11-13,1000,7.6
2007-11-13,1500,7.6
2007-11-13,2000,7.6
2007-11-13,2500,7.6
2007-12-11,100,11.0
2007-12-11,500,11.0
2007-12-11,1000,11.0
2007-12-11,1500,11.0
2007-12-11,2000,11.0
2007-12-11,2500,11.0
2008-01-17,100,8.0
2008-01-17,500,8.0
2008-01-17,1000,8.0
2008-01-17,1500,8.0
2008-01-17,2000,8.0
2008-01-17,2500,8.0
2008-02-19,100,5.0
2008-02-19,500,5.0
2008-02-19,1000,5.0
2008-02-19,1500,5.0
2008-02-19,2000,5.0
2008-02-19,2500,5.0
2008-03-01,0,
2008-04-16,100,9.7
2008-04-16,500,9.7
2008-04-16,1000,9.7
2008-04-16,1500,9.7
2008-04-16,2000,9.7
2008-04-16,2500,9.7
2008-05-20,100,9.2
2008-05-20,500,9.2
2008-05-20,1000,9.2
2008-05-20,1500,9.2
2008-05-20,2000,9.2
2008-05-20,2500,9.2
2008-06-24,100,6.2
2008-06-24,500,6.2
2008-06-24,1000,6.2
2008-06-24,1500,6.2
2008-06-24,2000,6.2
2008-06-24,2500,6.2
2008-07-09,100,7.3
2008-07-09,500,7.3
2008-07-09,1000,7.3
2008-07-09,1500,7.3
2008-07-09,2000,7.3
2008-07-09,2500,7.3
2008-08-19,100,8.0
2008-08-19,500,8.0
2008-08-19,1000,8.0
2008-08-19,1500,8.0
2008-08-19,2000,8.0
2008-08-19,2500,8.0
2008-09-15,100,5.2
2008-09-15,500,5.2
2008-09-15,1000,5.2
2008-09-15,1500,5.2
2008-09-15,2000,5.2
2008-09-15,2500,5.2
2008-09-16,100,5.0
2008-09-16,500,5.0
2008-09-16,1000,5.0
2008-09-16,1500,5.0
2008-09-16,2000,5.0
2008-09-16,2500,5.0
2008-09-17,100,5.4
2008-09-17,500,5.4
2008-09-17,1000,5.4
2008-09-17,1500,5.4
2008-09-17,2000,5.4
2008-09-17,2500,5.4
2008-09-18,100,4.7
2008-09-18,500,4.7
2008-09-18,1000,4.7
2008-09-18,1500,4.7
2008-09-18,2000,4.7
2008-09-18,2500,4.7
2008-10-27,100,5.1
2008-10-27,500,5.1
2008-10-27,1000,5.1
2008-10-27,1500,5.1
2008-10-27,2000,5.1
2008-10-27,2500,5.1
2008-11-17,100,6.6
2008-11-17,500,6.6
2008-11-17,1000,6.6
2008-11-17,1500,6.6
2008-11-17,2000,6.6
2008-11-17,2500,6.6
2008-12-08,100,
2008-12-08,500,
2008-12-08,1000,
2008-12-08,1500,
2008-12-08,2000,
2008-12-08,2500,
2019-10-29,100,6.0
2019-10-29,500,6.0
2019-10-29,1000,6.0
2019-10-29,1500,6.0
2019-10-29,2000,6.0
2019-10-29,2500,6.0
2019-11-19,100,
2019-11-19,500,
2019-11-19,1000,
2019-11-19,1500,
2019-11-19,2000,
2019-11-19,2500,
2019-12-10,100,
2019-12-10,500,
2019-12-10,1000,
2019-12-10,1500,
2019-12-10,2000,
2019-12-10,2500,
2020-01-07,100,7.0
2020-01-07,500,7.0
2020-01-07,1000,7.0
2020-01-07,1500,7.0
2020-01-07,2000,7.0
2020-01-07,2500,7.0
2020-03-03,100,7.0
2020-03-03,500,7.0
2020-03-03,1000,7.0
2020-03-03,1500,7.0
2020-03-03,2000,7.0
2020-03-03,2500,7.0
2020-04-28,100,6.0
2020-04-28,500,6.0
2020-04-28,1000,6.0
2020-04-28,1500,6.0
2020-04-28,2000,6.0
2020-04-28,2500,6.0
2020-05-19,100,7.5
2020-05-19,500,7.5
2020-05-19,1000,7.5
2020-05-19,1500,7.5
2020-05-19,2000,7.5
2020-05-19,2500,7.5
2020-06-09,100,6.5
2020-06-09,500,6.5
2020-06-09,1000,6.5
2020-06-09,1500,6.5
2020-06-09,2000,6.5
2020-06-09,2500,6.5
2020-07-01,100,7.0
2020-07-01,500,7.0
2020-07-01,1000,7.0
2020-07-01,1500,7.0
2020-07-01,2000,7.0
2020-07-01,2500,7.0
2020-07-30,100,8.0
2020-07-30,500,8.0
2020-07-30,1000,8.0
2020-07-30,1500,8.0
2020-07-30,2000,8.0
2020-07-30,2500,8.0
2020-08-24,100,
2020-08-24,500,
2020-08-24,1000,
2020-08-24,1500,
2020-08-24,2000,
2020-08-24,2500,
2020-09-15,100,8.5
2020-09-15,500,8.5
2020-09-15,1000,8.5
2020-09-15,1500,8.5
2020-09-15,2000,8.5
2020-09-15,2500,8.5
2021-02-17,100,7.0
2021-02-17,500,7.0
2021-02-17,1000,7.0
2021-02-17,1500,7.0
2021-02-17,2000,7.0
2021-02-17,2500,7.0
2021-03-16,100,5.5
2021-03-16,500,5.5
2021-03-16,1000,5.5
2021-03-16,1500,5.5
2021-03-16,2000,5.5
2021-03-16,2500,5.5
2021-04-07,100,7.0
2021-04-07,500,7.0
2021-04-07,1000,7.0
2021-04-07,1500,7.0
2021-04-07,2000,7.0
2021-04-07,2500,7.0
2021-05-26,100,8.0
2021-05-26,500,8.0
2021-05-26,1000,8.0
2021-05-26,1500,8.0
2021-05-26,2000,8.0
2021-05-26,2500,8.0
2021-06-09,100,7.5
2021-06-09,500,7.5
2021-06-09,1000,7.5
2021-06-09,1500,7.5
2021-06-09,2000,7.5
2021-06-09,2500,7.5
2021-07-21,2500,
2021-07-21,2000,
2021-07-21,1500,
2021-07-21,1000,
2021-07-21,500,
2021-07-21,100,
2021-08-21,100,
2021-08-21,500,
2021-08-21,1000,
2021-08-21,1500,
2021-08-21,2000,
2021-08-21,2500,
2021-09-01,100,10.5
2021-09-01,500,10.5
2021-09-01,1000,10.5
2021-09-01,1500,10.5
2021-09-01,2000,10.5
2021-09-01,2500,10.5
2021-10-06,100,6.5
2021-10-06,500,6.5
2021-10-06,1000,6.5
2021-10-06,1500,6.5
2021-10-06,2000,6.5
2021-10-06,2500,6.5
2021-11-03,100,6.0
2021-11-03,500,6.0
2021-11-03,1000,6.0
2021-11-03,1500,6.0
2021-11-03,2000,6.0
2021-11-03,2500,6.0
2022-02-02,100,7.5
2022-02-02,500,7.5
2022-02-02,1000,7.5
2022-02-02,1500,7.5
2022-02-02,2000,7.5
2022-02-02,2500,7.5
2022-03-02,100,6.0
2022-03-02,500,6.0
2022-03-02,1000,6.0
2022-03-02,1500,6.0
2022-03-02,2000,6.0
2022-03-02,2500,6.0
2022-04-12,100,7.0
2022-04-12,500,7.0
2022-04-12,1000,7.0
2022-04-12,1500,7.0
2022-04-12,2000,7.0
2022-04-12,2500,7.0
2022-05-03,100,7.5
2022-05-03,500,7.5
2022-05-03,1000,7.5
2022-05-03,1500,7.5
2022-05-03,2000,7.5
2022-05-03,2500,7.5
1999-06-18,100,6.9
1999-06-18,500,6.9
1999-06-18,1000,6.9
1999-06-18,1500,6.9
1999-06-18,2000,6.9
1999-06-18,2500,6.9
2012-05-14,0,
,0,
2019-12-10,0,6.5
2020-10-16,100,6.0
2020-10-16,500,6.0
2020-10-16,1000,6.0
2020-10-16,1500,6.0
2020-10-16,2000,6.0
2020-10-16,2500,6.0
2021-07-20,100,8.0
2021-07-20,500,8.0
2021-07-20,1000,8.0
2021-07-20,1500,8.0
2021-07-20,2000,8.0
2021-07-20,2500,8.0
