DATE,DEPTH,SIO2
1979-03-12,100,12.9
1979-03-12,2700,13.3
1979-03-12,1000,10.8
1979-03-12,500,6.4
1979-03-12,1500,13.3
1979-03-12,2000,14.9
1979-04-04,2000,2.8
1979-04-04,2500,3.0
1979-04-04,1500,2.2
1979-04-04,100,2.2
1979-04-04,1000,2.0
1979-04-04,500,2.0
1979-04-19,100,2.7
1979-04-19,2000,2.6
1979-04-19,1500,2.4
1979-04-19,1000,2.4
1979-04-19,500,2.2
1979-04-19,2600,3.5
1979-07-09,1500,9.2
1979-07-09,2000,26.0
1979-07-09,100,2.2
1979-07-09,1000,1.3
1979-07-09,500,1.1
1979-07-09,2600,20.9
1979-08-15,2600,32.7
1979-08-15,500,0.4
1979-08-15,1500,5.4
1979-08-15,100,0.4
1979-08-15,2000,12.0
1979-08-15,1000,2.6
1979-09-02,1000,
1979-09-02,1500,
1979-09-02,500,
1979-09-02,2800,
1979-09-02,2500,
1979-09-02,2000,
1979-10-01,2600,41.5
1979-10-01,1000,5.7
1979-10-01,2000,17.2
1979-10-01,500,5.5
1979-10-01,100,5.6
1979-10-01,1500,10.2
1979-11-22,2600,20.0
1979-11-22,1500,7.5
1979-11-22,100,7.5
1979-11-22,2000,7.5
1979-11-22,1000,7.5
1979-11-22,500,7.5
1980-01-28,2000,17.2
1980-01-28,100,16.2
1980-01-28,1000,16.5
1980-01-28,500,16.5
1980-01-28,2500,17.2
1980-01-28,1500,16.6
1980-02-11,100,
1980-02-11,2800,
1980-03-24,2500,1.6
1980-03-24,2000,1.8
1980-03-24,100,1.5
1980-03-24,1500,1.6
1980-03-24,500,1.6
1980-03-24,1000,1.5
1980-05-05,2800,
1980-05-05,100,
1980-05-06,2000,14.8
1980-05-06,2600,19.6
1980-05-06,100,3.3
1980-05-06,500,3.6
1980-05-06,1500,5.1
1980-05-06,1000,5.0
1980-07-21,1000,10.0
1980-07-21,2000,32.2
1980-07-21,500,5.0
1980-07-21,2600,30.7
1980-07-21,1500,21.9
1980-07-21,100,4.4
1980-09-05,500,
1980-09-05,2000,
1980-09-05,2500,
1980-09-05,1000,
1980-09-05,1500,
1980-09-05,2800,
1980-09-22,1000,14.4
1980-09-22,1500,22.5
1980-09-22,2000,29.6
1980-09-22,2600,54.6
1980-09-22,500,9.9
1980-09-22,100,9.4
1980-11-24,100,
1980-11-24,2900,
1980-11-28,1500,18.0
1980-11-28,2500,18.0
1980-11-28,500,18.2
1980-11-28,100,16.1
1980-11-28,2000,18.2
1980-11-28,1000,15.5
1981-01-07,1000,34.6
1981-01-07,100,31.1
1981-01-07,1500,34.3
1981-01-07,2500,29.0
1981-01-07,500,35.3
1981-01-07,2000,34.5
1981-02-23,1000,19.0
1981-02-23,2000,18.7
1981-02-23,500,20.1
1981-02-23,2600,18.8
1981-02-23,1500,18.1
1981-02-23,100,19.4
1981-04-13,100,4.8
1981-04-13,1500,5.8
1981-04-13,2500,28.5
1981-04-13,1000,4.5
1981-04-13,500,5.1
1981-04-13,2000,6.4
1981-07-01,2000,16.4
1981-07-01,1500,17.7
1981-07-01,2600,20.7
1981-07-01,100,3.7
1981-07-01,1000,2.8
1981-07-01,500,4.2
1981-10-05,500,15.5
1981-10-05,2000,49.1
1981-10-05,2600,87.6
1981-10-05,1000,16.8
1981-10-05,1500,19.5
1981-10-05,100,13.9
1982-01-05,2600,19.9
1982-01-05,1500,16.6
1982-01-05,1000,13.7
1982-01-05,2000,40.3
1982-01-05,500,9.8
1982-01-05,100,12.2
1982-02-05,100,52.5
1982-02-05,2600,96.6
1982-04-13,500,3.8
1982-04-13,2000,15.0
1982-04-13,2500,18.5
1982-04-13,100,4.1
1982-04-13,1000,4.7
1982-04-13,1500,3.9
1982-05-14,2800,28.1
1982-05-14,100,21.9
1982-08-12,1000,
1982-08-12,500,
1982-08-12,2400,
1982-08-12,2800,
1982-08-12,100,
1982-08-12,1500,
1982-08-12,2000,
1982-08-24,1000,27.0
1982-08-24,2000,33.2
1982-08-24,1500,33.2
1982-08-24,2500,37.5
1982-08-24,500,16.4
1982-08-24,100,16.5
1982-10-11,1000,7.5
1982-10-11,2500,37.5
1982-10-11,1500,7.8
1982-10-11,100,7.3
1982-10-11,500,7.0
1982-10-11,2000,10.9
1982-12-01,1000,22.0
1982-12-01,2500,19.0
1982-12-01,100,20.2
1982-12-01,2000,19.0
1982-12-01,1500,21.4
1982-12-01,500,21.4
1982-12-20,2700,
1982-12-20,100,
1983-08-28,1000,
1983-08-28,100,
1983-08-28,2000,
1983-08-28,2400,
1983-08-28,1500,
1983-08-28,2800,
1983-08-28,500,
1985-04-09,200,
1985-04-09,2000,
1985-04-09,300,
1985-04-09,1000,
1985-04-09,500,
1985-04-09,1500,
1985-04-09,100,
1986-01-07,1000,23.1
1986-01-07,100,23.9
1986-01-07,2500,25.1
1986-01-07,500,23.7
1986-01-07,2000,24.5
1986-01-07,1500,24.3
1986-02-11,2000,6.1
1986-02-11,100,5.4
1986-02-11,500,5.4
1986-02-11,1000,5.5
1986-02-11,2600,6.1
1986-02-11,1500,5.6
1986-03-11,2000,23.1
1986-03-11,100,16.2
1986-03-11,500,16.3
1986-03-11,1500,22.5
1986-03-11,2600,27.7
1986-03-11,1000,21.1
1986-04-07,2000,1.8
1986-04-07,100,1.9
1986-04-07,1000,4.4
1986-04-07,2500,0.8
1986-04-07,500,2.1
1986-04-07,1500,3.3
1986-05-22,1000,0.6
1986-05-22,1500,18.6
1986-05-22,500,0.3
1986-05-22,100,1.0
1986-05-22,2000,14.8
1986-05-22,2500,19.3
1986-06-09,1000,4.2
1986-06-09,100,1.2
1986-06-09,500,0.8
1986-06-09,2500,11.4
1986-06-09,2000,12.2
1986-06-09,1500,30.5
1986-07-21,2500,34.3
1986-07-21,100,1.3
1986-07-21,2000,25.0
1986-07-21,500,1.3
1986-07-21,1500,12.2
1986-07-21,1000,2.7
1986-08-07,100,4.8
1986-08-07,500,5.2
1986-08-07,2000,11.2
1986-08-07,2400,0.0
1986-08-07,1500,11.0
1986-08-07,1000,7.9
1986-09-15,500,8.0
1986-09-15,2500,34.3
1986-09-15,1500,19.0
1986-09-15,2000,22.1
1986-09-15,1000,8.8
1986-09-15,100,7.4
1986-10-20,100,15.0
1986-10-20,500,14.8
1986-10-20,1000,13.9
1986-10-20,2400,27.5
1986-10-20,1500,14.9
1986-10-20,2000,15.7
1986-12-02,100,27.1
1986-12-02,1500,36.1
1986-12-02,500,30.4
1986-12-02,1000,32.1
1986-12-02,2500,40.0
1986-12-02,2000,36.8
1986-12-18,1500,15.4
1986-12-18,2000,19.0
1986-12-18,500,18.3
1986-12-18,2500,16.7
1986-12-18,100,18.2
1986-12-18,1000,18.2
1987-02-19,2500,26.67
1987-02-19,500,19.19
1987-02-19,1500,20.0
1987-02-19,100,19.19
1987-02-19,1000,19.19
1987-02-19,2000,20.81
1987-04-14,1000,5.71
1987-04-14,2000,3.54
1987-04-14,500,0.57
1987-04-14,2600,8.11
1987-04-14,1500,0.91
1987-04-14,100,5.49
1987-06-18,1000,4.67
1987-06-18,2000,26.64
1987-06-18,500,4.21
1987-06-18,100,4.21
1987-06-18,1500,15.42
1987-09-16,100,11.43
1987-09-16,2000,42.38
1987-09-16,2500,59.05
1987-09-16,1500,19.29
1987-09-16,500,11.43
1987-09-16,1000,14.52
1987-11-23,500,22.84
1987-11-23,2600,43.03
1987-11-23,2000,32.93
1987-11-23,1000,23.32
1987-11-23,1500,29.81
1987-11-23,100,22.6
1988-01-18,2000,23.91
1988-01-18,100,25.85
1988-01-18,1500,28.26
1988-01-18,2500,25.36
1988-01-18,500,25.85
1988-01-18,1000,27.05
1988-04-19,1000,1.22
1988-04-19,2000,4.39
1988-04-19,500,1.22
1988-04-19,2700,20.24
1988-04-19,1500,1.71
1988-04-19,100,1.46
1988-05-30,100,3.68
1988-05-30,500,3.68
1988-05-30,1500,8.66
1988-05-30,1000,8.01
1988-05-30,2000,16.45
1988-05-30,2700,27.27
1988-06-20,2300,31.71
1988-06-20,2000,35.36
1988-06-20,1500,11.36
1988-06-20,100,4.93
1988-06-20,500,4.71
1988-06-20,1000,2.36
1988-07-21,100,3.55
1988-07-21,2400,54.31
1988-07-21,500,4.06
1988-07-21,1500,19.29
1988-07-21,2000,73.6
1988-07-21,1000,11.42
1988-08-22,1500,31.81
1988-08-22,1000,25.78
1988-08-22,2600,35.66
1988-08-22,2000,31.08
1988-08-22,100,13.49
1988-08-22,500,25.3
1988-09-14,500,8.41
1988-09-14,100,7.83
1988-09-14,2000,33.33
1988-09-14,1500,12.46
1988-09-14,2400,55.07
1988-09-14,1000,9.57
1988-10-10,100,21.33
1988-10-10,2000,46.53
1988-10-10,2500,49.1
1988-10-10,1000,36.53
1988-10-10,1500,40.7
1988-10-10,500,21.07
1988-11-06,100,11.69
1988-11-06,1500,11.69
1988-11-06,2000,24.18
1988-11-06,3500,46.63
1988-11-06,1000,11.83
1988-11-06,500,11.93
1988-12-08,2500,16.53
1988-12-08,1000,15.33
1988-12-08,1500,15.12
1988-12-08,2000,14.94
1988-12-08,500,15.34
1988-12-08,100,15.37
1989-01-17,1500,9.66
1989-01-17,1000,9.7
1989-01-17,2000,9.93
1989-01-17,500,9.66
1989-01-17,2500,10.08
1989-01-17,100,9.7
1989-02-14,2500,13.36
1989-02-14,100,10.3
1989-02-14,1500,10.44
1989-02-14,1000,10.27
1989-02-14,2000,12.47
1989-02-14,500,10.37
1989-03-08,2000,20.55
1989-03-08,2500,21.82
1989-03-08,1000,19.13
1989-03-08,500,18.94
1989-03-08,1500,19.4
1989-03-08,100,18.63
1989-04-11,2600,3.98
1989-04-11,500,1.53
1989-04-11,1000,1.59
1989-04-11,1500,1.81
1989-04-11,100,1.41
1989-04-11,2000,2.02
1989-05-08,1500,3.25
1989-05-08,2500,16.85
1989-05-08,2000,11.92
1989-05-08,500,1.76
1989-05-08,1000,1.82
1989-05-08,100,1.72
1989-06-13,1500,17.55
1989-06-13,500,2.41
1989-06-13,2000,23.41
1989-06-13,1000,11.44
1989-06-13,2500,29.71
1989-06-13,100,3.79
1989-07-13,1500,22.42
1989-07-13,1000,5.85
1989-07-13,2500,45.44
1989-07-13,2000,43.65
1989-07-13,500,4.92
1989-07-13,100,4.84
1989-08-27,2000,28.22
1989-08-27,100,10.01
1989-08-27,500,9.68
1989-08-27,2500,70.69
1989-08-27,1500,15.82
1989-08-27,1000,9.76
1989-09-12,100,11.82
1989-09-12,1000,14.36
1989-09-12,500,12.49
1989-09-12,2000,39.65
1989-09-12,1500,14.98
1989-09-12,2700,59.74
1989-10-17,1500,13.59
1989-10-17,100,13.43
1989-10-17,1000,13.37
1989-10-17,500,13.39
1989-10-17,2700,92.84
1989-10-17,2000,14.05
1989-11-20,1000,16.67
1989-11-20,2000,
1989-11-20,1500,
1989-11-20,2700,42.66
1989-11-20,100,12.42
1989-11-20,500,13.45
1989-12-18,1000,17.25
1989-12-18,2700,30.63
1989-12-18,500,17.21
1989-12-18,1500,17.34
1989-12-18,2000,17.64
1989-12-18,100,16.99
1990-01-17,200,
1990-01-17,2000,
1990-01-17,1000,
1990-01-22,2000,25.3
1990-01-22,1500,21.0
1990-01-22,1000,20.59
1990-01-22,500,20.27
1990-01-22,2600,21.46
1990-01-22,100,20.08
1990-02-14,1000,20.68
1990-02-14,2700,22.55
1990-02-14,1500,20.8
1990-02-14,100,20.81
1990-02-14,500,20.78
1990-02-14,2000,20.71
1990-03-13,500,18.89
1990-03-13,2000,19.12
1990-03-13,1500,18.9
1990-03-13,100,18.9
1990-03-13,1000,19.04
1990-03-13,2500,19.22
1990-04-17,2500,14.18
1990-04-17,1500,0.47
1990-04-17,2000,3.97
1990-04-17,1000,0.67
1990-04-17,100,2.83
1990-04-17,500,1.93
1990-06-19,500,
1990-06-19,1000,
1990-06-19,100,
1990-07-19,1000,7.25
1990-07-19,1500,28.53
1990-07-19,2000,23.12
1990-07-19,500,6.85
1990-07-19,2500,28.15
1990-07-19,100,5.92
1990-07-20,1500,
1990-07-20,2000,
1990-07-20,2500,
1990-08-21,1500,16.59
1990-08-21,500,12.84
1990-08-21,100,13.9
1990-08-21,2600,49.86
1990-08-21,1000,14.43
1990-08-21,2000,28.52
1990-09-18,500,3.73
1990-09-18,100,3.74
1990-09-18,2600,66.16
1990-09-18,1500,14.71
1990-09-18,2000,54.84
1990-09-18,1000,5.73
1990-10-16,1000,2.22
1990-10-16,100,7.05
1990-10-16,1500,17.95
1990-10-16,2000,31.67
1990-10-16,2600,46.12
1990-10-16,500,0.17
1990-11-14,2500,34.5
1990-11-14,2600,35.35
1990-11-14,500,6.77
1990-11-14,100,6.46
1990-11-14,2000,25.47
1990-11-14,1000,9.15
1990-11-14,1500,15.65
1990-12-13,1000,11.92
1990-12-13,1500,11.72
1990-12-13,2000,11.81
1990-12-13,100,11.75
1990-12-13,500,11.67
1990-12-13,2400,11.55
1991-01-15,1000,12.34
1991-01-15,100,12.44
1991-01-15,500,12.38
1991-01-15,1500,12.61
1991-01-15,2000,15.38
1991-01-15,2500,17.95
1991-01-15,2700,17.65
1991-02-13,1500,12.78
1991-02-13,1000,12.56
1991-02-13,2600,13.48
1991-02-13,500,12.15
1991-02-13,100,11.84
1991-02-13,2000,13.03
1991-03-20,2000,8.62
1991-03-20,1000,2.22
1991-03-20,100,1.34
1991-03-20,2500,21.0
1991-03-20,500,1.98
1991-03-20,2700,21.17
1991-03-20,1500,2.59
1991-04-15,1500,7.93
1991-04-15,2500,18.55
1991-04-15,100,1.11
1991-04-15,2000,12.2
1991-04-15,1000,5.59
1991-04-15,2700,18.67
1991-04-15,500,2.89
1991-05-21,2000,
1991-05-21,500,2.19
1991-05-21,2500,
1991-05-21,1000,2.41
1991-05-21,100,2.26
1991-05-21,1500,9.29
1991-06-17,500,7.58
1991-06-17,1500,18.06
1991-06-17,2500,48.89
1991-06-17,2000,29.94
1991-06-17,2600,53.71
1991-06-17,1000,13.45
1991-06-17,100,5.58
1991-07-22,100,0.79
1991-07-22,2500,57.59
1991-07-22,1000,0.05
1991-07-22,500,0.33
1991-07-22,2700,60.13
1991-07-22,2000,40.65
1991-07-22,1500,4.92
1991-08-14,100,0.57
1991-08-14,1000,1.4
1991-08-14,1500,9.28
1991-08-14,500,0.8
1991-08-14,2700,69.68
1991-08-14,2000,45.37
1991-09-10,2600,71.83
1991-09-10,1000,4.85
1991-09-10,500,3.73
1991-09-10,100,3.59
1991-09-10,2000,56.45
1991-09-10,1500,14.02
1991-09-10,2500,72.27
1991-10-17,500,35.21
1991-10-17,2000,59.0
1991-10-17,1000,40.1
1991-10-17,1500,48.29
1991-10-17,2600,65.48
1991-10-17,100,34.49
1991-11-12,1000,24.33
1991-11-12,2500,33.43
1991-11-12,2000,31.01
1991-11-12,100,24.12
1991-11-12,1500,24.46
1991-11-12,500,24.24
1991-12-12,2000,27.66
1991-12-12,100,13.53
1991-12-12,1500,23.92
1991-12-12,1000,19.06
1991-12-12,500,14.14
1991-12-12,2600,53.17
1991-12-12,2500,40.83
1992-01-30,1500,13.46
1992-01-30,2700,27.42
1992-01-30,2000,17.02
1992-01-30,1000,13.21
1992-01-30,2500,27.61
1992-01-30,500,13.22
1992-01-30,100,13.07
1992-02-11,2000,16.52
1992-02-11,100,15.11
1992-02-11,500,15.1
1992-02-11,2500,31.16
1992-02-11,1500,14.78
1992-02-11,1000,14.78
1992-02-20,1000,14.97
1992-02-20,2700,22.22
1992-02-20,1500,15.4
1992-02-20,100,15.24
1992-02-20,2500,21.03
1992-02-20,2000,16.94
1992-02-20,500,15.21
1992-02-27,2000,16.53
1992-02-27,500,15.57
1992-02-27,1000,15.32
1992-02-27,2500,18.69
1992-02-27,100,15.79
1992-02-27,1500,15.77
1992-03-04,500,15.94
1992-03-04,2500,16.53
1992-03-04,1000,15.86
1992-03-04,100,15.81
1992-03-04,1500,16.28
1992-03-04,2000,16.79
1992-03-19,1500,15.21
1992-03-19,1000,13.56
1992-03-19,100,12.54
1992-03-19,500,12.52
1992-03-19,2000,15.22
1992-03-19,2500,16.58
1992-03-26,1000,10.15
1992-03-26,500,10.04
1992-03-26,1500,10.7
1992-03-26,2500,14.62
1992-03-26,2000,13.97
1992-03-26,100,10.01
1992-03-30,2700,15.13
1992-03-30,100,7.2
1992-03-30,1000,7.48
1992-03-30,500,7.4
1992-03-30,2500,15.14
1992-03-30,1500,7.42
1992-03-30,2000,9.95
1992-04-21,2700,14.74
1992-04-21,500,6.59
1992-04-21,1500,7.78
1992-04-21,100,6.57
1992-04-21,2000,10.61
1992-04-21,2500,14.62
1992-04-21,1000,6.62
1992-05-13,2000,15.62
1992-05-13,1500,9.47
1992-05-13,500,6.77
1992-05-13,2500,21.67
1992-05-13,2700,21.88
1992-05-13,100,6.59
1992-05-13,1000,7.9
1992-06-16,1000,6.18
1992-06-16,100,7.16
1992-06-16,2500,55.33
1992-06-16,2700,50.19
1992-06-16,2000,5.37
1992-06-16,500,7.14
1992-06-16,1500,5.07
1992-07-09,2500,52.88
1992-07-09,1500,9.3
1992-07-09,500,5.93
1992-07-09,2000,25.0
1992-07-09,2700,54.04
1992-07-09,1000,6.88
1992-07-09,100,5.69
1992-08-06,1500,24.91
1992-08-06,100,8.01
1992-08-06,1000,16.15
1992-08-06,500,12.97
1992-08-06,2000,30.74
1992-08-06,2500,34.94
1992-08-17,100,7.48
1992-08-17,1000,27.01
1992-08-17,1500,33.44
1992-08-17,2600,39.95
1992-08-17,2500,40.17
1992-08-17,2000,36.35
1992-08-17,500,19.73
1992-08-27,2500,38.36
1992-08-27,1000,22.33
1992-08-27,2000,37.89
1992-08-27,500,8.88
1992-08-27,1500,30.22
1992-08-27,100,8.58
1992-09-03,1000,26.4
1992-09-03,500,25.74
1992-09-03,2000,27.03
1992-09-03,100,25.77
1992-09-03,1500,26.4
1992-09-03,2500,36.03
1992-09-09,1500,32.14
1992-09-09,2000,38.64
1992-09-09,1000,23.95
1992-09-09,2500,39.55
1992-09-09,500,5.02
1992-09-09,100,4.77
1992-09-09,2700,39.18
1992-09-17,2000,45.9
1992-09-17,2500,47.42
1992-09-17,100,7.15
1992-09-17,500,6.98
1992-09-17,1500,24.47
1992-09-17,1000,13.09
1992-09-24,100,10.0
1992-09-24,500,10.4
1992-09-24,1000,15.99
1992-09-24,1500,24.38
1992-09-24,2000,41.73
1992-09-24,2500,52.22
1992-10-01,2500,59.3
1992-10-01,100,8.98
1992-10-01,1000,9.28
1992-10-01,500,8.94
1992-10-01,1500,13.78
1992-10-01,2000,27.24
1992-10-12,1000,12.27
1992-10-12,2700,15.39
1992-10-12,2500,15.44
1992-10-12,100,12.22
1992-10-12,2000,11.72
1992-10-12,500,12.32
1992-10-12,1500,12.23
1992-11-16,100,19.76
1992-11-16,1500,19.97
1992-11-16,2000,24.6
1992-11-16,2500,24.98
1992-11-16,500,20.22
1992-11-16,1000,20.32
1992-12-15,1500,22.97
1992-12-15,2500,30.85
1992-12-15,2000,27.85
1992-12-15,1000,21.54
1992-12-15,100,21.54
1992-12-15,2700,31.07
1992-12-15,500,21.46
1993-01-19,2700,19.36
1993-01-19,1500,22.08
1993-01-19,100,22.19
1993-01-19,2000,21.99
1993-01-19,500,22.23
1993-01-19,1000,22.14
1993-01-19,2500,19.4
1993-02-02,2500,21.9
1993-02-02,2000,21.9
1993-02-02,500,17.5
1993-02-02,1000,19.6
1993-02-02,1500,20.9
1993-02-02,100,17.0
1993-02-10,2000,21.6
1993-02-10,2500,20.4
1993-02-10,100,19.3
1993-02-10,1500,20.9
1993-02-10,1000,20.9
1993-02-10,500,19.1
1993-02-14,100,20.57
1993-02-14,1000,20.54
1993-02-14,500,20.67
1993-02-14,2000,18.14
1993-02-14,2500,20.07
1993-02-14,1500,19.7
1993-02-14,2700,20.48
1993-02-24,1000,20.0
1993-02-24,100,15.4
1993-02-24,2000,29.6
1993-02-24,500,15.9
1993-02-24,1500,30.0
1993-02-24,2500,19.5
1993-03-04,100,18.3
1993-03-04,500,18.3
1993-03-04,1000,19.0
1993-03-04,1500,19.3
1993-03-04,2500,23.4
1993-03-04,2000,20.2
1993-03-09,1000,18.4
1993-03-09,500,17.6
1993-03-09,2000,20.7
1993-03-09,100,18.3
1993-03-09,2500,24.0
1993-03-09,1500,19.5
1993-03-16,2700,26.65
1993-03-16,2000,20.91
1993-03-16,2500,26.69
1993-03-16,100,10.63
1993-03-16,500,10.55
1993-03-16,1500,17.31
1993-03-16,1000,16.17
1993-03-24,1500,10.3
1993-03-24,100,0.4
1993-03-24,2500,16.1
1993-03-24,500,1.1
1993-03-24,1000,7.1
1993-03-24,2000,12.2
1993-03-31,2500,22.3
1993-03-31,500,1.1
1993-03-31,1000,2.0
1993-03-31,2000,15.4
1993-03-31,100,1.0
1993-03-31,1500,6.3
1993-04-05,2000,12.4
1993-04-05,1500,6.3
1993-04-05,1000,3.3
1993-04-05,2500,19.6
1993-04-05,500,2.9
1993-04-05,100,3.0
1993-04-15,1500,3.79
1993-04-15,2700,33.41
1993-04-15,100,3.14
1993-04-15,2500,32.16
1993-04-15,1000,3.35
1993-04-15,2000,5.82
1993-04-15,500,3.07
1993-04-21,1000,2.6
1993-04-21,1500,2.8
1993-04-21,100,2.6
1993-04-21,500,2.6
1993-04-21,2500,19.6
1993-04-21,2000,5.8
1993-05-17,2600,56.49
1993-05-17,1500,2.68
1993-05-17,1000,2.12
1993-05-17,2000,14.4
1993-05-17,2500,50.36
1993-05-17,500,1.39
1993-05-17,100,1.36
1993-06-14,2700,32.27
1993-06-14,500,2.6
1993-06-14,2000,16.52
1993-06-14,100,2.45
1993-06-14,1000,14.33
1993-06-14,2500,24.94
1993-06-14,1500,23.52
1993-07-13,1500,15.67
1993-07-13,2500,36.51
1993-07-13,2700,40.69
1993-07-13,100,0.67
1993-07-13,500,0.66
1993-07-13,2000,22.15
1993-07-13,1000,2.77
1993-08-23,2700,49.07
1993-08-23,2500,43.33
1993-08-23,500,2.64
1993-08-23,1500,10.3
1993-08-23,100,2.29
1993-08-23,1000,9.37
1993-08-23,2000,28.24
1993-09-16,1000,7.74
1993-09-16,2500,48.01
1993-09-16,2000,7.23
1993-09-16,1500,7.47
1993-09-16,100,7.9
1993-09-16,500,7.83
1993-09-16,2700,51.42
1993-10-12,2700,69.62
1993-10-12,2000,11.57
1993-10-12,1000,11.25
1993-10-12,2500,62.57
1993-10-12,500,11.77
1993-10-12,1500,11.17
1993-10-12,100,11.64
1993-11-15,500,13.11
1993-11-15,2500,33.58
1993-11-15,1500,13.85
1993-11-15,2000,15.48
1993-11-15,100,12.84
1993-11-15,2600,33.37
1993-11-15,1000,13.26
1993-12-16,100,18.43
1993-12-16,500,18.81
1993-12-16,1000,18.6
1993-12-16,2700,15.61
1993-12-16,2500,15.65
1993-12-16,1500,17.55
1993-12-16,2000,15.66
1994-01-25,1500,20.93
1994-01-25,2700,24.95
1994-01-25,2500,24.46
1994-01-25,500,20.0
1994-01-25,300,
1994-01-25,100,20.06
1994-01-25,2000,23.51
1994-01-25,1000,20.59
1994-01-25,200,
1994-02-23,2000,20.08
1994-02-23,2600,20.68
1994-02-23,200,
1994-02-23,2500,20.39
1994-02-23,500,19.15
1994-02-23,300,
1994-02-23,1000,19.38
1994-02-23,100,19.22
1994-02-23,1500,19.74
1994-03-15,200,
1994-03-15,2000,18.77
1994-03-15,300,
1994-03-15,100,14.6
1994-03-15,2700,20.18
1994-03-15,1000,14.63
1994-03-15,1500,16.34
1994-03-15,2500,20.13
1994-03-15,500,14.61
1994-04-18,2000,0.02
1994-04-18,200,
1994-04-18,300,
1994-04-18,2500,0.2
1994-04-18,1000,0.35
1994-04-18,1500,0.08
1994-04-18,100,0.33
1994-04-18,2700,0.35
1994-04-18,500,0.49
1994-05-25,2000,8.67
1994-05-25,1500,1.19
1994-05-25,200,
1994-05-25,300,
1994-05-25,2500,21.78
1994-05-25,1000,0.76
1994-05-25,100,0.19
1994-05-25,500,0.14
1994-05-25,2700,21.31
1994-06-21,1000,7.26
1994-06-21,100,0.03
1994-06-21,1500,14.29
1994-06-21,300,
1994-06-21,2600,25.22
1994-06-21,200,
1994-06-21,2500,26.05
1994-06-21,500,0.2
1994-06-21,2000,23.4
1994-07-27,300,
1994-07-27,100,2.71
1994-07-27,2000,17.32
1994-07-27,1000,4.31
1994-07-27,200,
1994-07-27,1500,5.23
1994-07-27,2600,58.13
1994-07-27,500,3.73
1994-07-27,2500,58.21
1994-08-17,1500,17.64
1994-08-17,1000,5.8
1994-08-17,100,3.76
1994-08-17,2500,56.42
1994-08-17,500,4.11
1994-08-17,2600,56.52
1994-08-17,2000,50.12
1994-09-18,100,18.49
1994-09-18,500,19.34
1994-09-18,200,
1994-09-18,1000,23.01
1994-09-18,2500,39.21
1994-09-18,300,
1994-09-18,2400,38.37
1994-09-18,1500,28.32
1994-09-18,2000,35.21
1994-10-20,100,10.27
1994-10-20,1500,22.19
1994-10-20,1000,11.23
1994-10-20,2000,23.83
1994-10-20,300,
1994-10-20,2500,25.61
1994-10-20,200,
1994-10-20,2700,27.18
1994-10-20,500,10.27
1994-11-14,2600,78.86
1994-11-14,300,
1994-11-14,2000,2.73
1994-11-14,2500,54.67
1994-11-14,100,2.64
1994-11-14,200,
1994-11-14,500,2.9
1994-11-14,1500,2.83
1994-11-14,1000,2.97
1994-12-12,1500,14.68
1994-12-12,2600,18.39
1994-12-12,100,10.37
1994-12-12,2000,15.72
1994-12-12,500,13.1
1994-12-12,1000,14.63
1994-12-12,2500,17.23
1994-12-12,200,
1994-12-12,300,
1995-01-18,100,15.88
1995-01-18,2600,20.95
1995-01-18,1500,16.05
1995-01-18,1000,15.99
1995-01-18,300,
1995-01-18,200,
1995-01-18,2000,16.15
1995-01-18,2500,20.58
1995-01-18,500,16.0
1995-02-06,2600,19.72
1995-02-06,1000,17.82
1995-02-06,500,17.43
1995-02-06,200,
1995-02-06,1500,18.06
1995-02-06,2500,18.58
1995-02-06,2000,18.21
1995-02-06,100,17.61
1995-02-06,300,
1995-03-21,300,
1995-03-21,500,10.04
1995-03-21,2600,15.73
1995-03-21,2500,16.23
1995-03-21,200,
1995-03-21,1500,13.53
1995-03-21,2000,15.88
1995-03-21,1000,10.46
1995-03-21,100,10.44
1995-04-18,300,
1995-04-18,100,1.3
1995-04-18,1000,1.23
1995-04-18,1500,1.55
1995-04-18,200,
1995-04-18,500,1.42
1995-04-18,2600,16.72
1995-04-18,2000,12.59
1995-04-18,2500,14.61
1995-05-08,2500,25.3
1995-05-08,300,
1995-05-08,200,
1995-05-08,1000,2.75
1995-05-08,100,2.78
1995-05-08,2000,7.33
1995-05-08,2600,27.53
1995-05-08,1500,2.61
1995-05-08,500,2.66
1995-06-08,1000,7.18
1995-06-08,500,3.65
1995-06-08,1500,11.09
1995-06-08,2700,34.51
1995-06-08,100,3.65
1995-06-08,2000,16.77
1995-06-08,300,
1995-06-08,200,
1995-06-08,2500,33.46
1995-07-13,100,3.34
1995-07-13,2700,43.0
1995-07-13,1500,24.06
1995-07-13,2000,26.23
1995-07-13,500,6.03
1995-07-13,2500,35.54
1995-07-13,300,
1995-07-13,200,
1995-07-13,1000,11.81
1995-08-23,100,3.22
1995-08-23,2500,47.28
1995-08-23,2000,55.38
1995-08-23,1500,34.46
1995-08-23,200,
1995-08-23,2700,45.96
1995-08-23,300,
1995-08-23,500,9.11
1995-08-23,1000,14.86
1995-09-13,2500,49.38
1995-09-13,2000,37.1
1995-09-13,500,8.23
1995-09-13,300,
1995-09-13,2700,52.4
1995-09-13,1000,10.11
1995-09-13,200,
1995-09-13,1500,19.23
1995-09-13,100,8.35
1995-10-30,500,19.97
1995-10-30,1500,25.06
1995-10-30,200,
1995-10-30,100,9.81
1995-10-30,300,
1995-10-30,2000,23.64
1995-10-30,2600,24.57
1995-10-30,2500,24.36
1995-10-30,1000,23.03
1995-11-22,200,
1995-11-22,2500,24.7
1995-11-22,100,14.17
1995-11-22,1000,15.62
1995-11-22,1500,19.94
1995-11-22,2700,24.93
1995-11-22,2000,22.77
1995-11-22,300,
1995-11-22,500,14.57
1995-12-13,1500,18.26
1995-12-13,2000,18.49
1995-12-13,100,16.9
1995-12-13,1000,17.87
1995-12-13,2500,20.09
1995-12-13,2600,19.75
1995-12-13,500,17.26
1995-12-13,300,
1995-12-13,200,
1996-01-17,2000,17.33
1996-01-17,1500,15.75
1996-01-17,2700,32.5
1996-01-17,100,13.85
1996-01-17,500,14.4
1996-01-17,2500,32.6
1996-01-17,1000,14.97
1996-02-29,500,
1996-02-29,100,
1996-02-29,1000,
1996-02-29,2000,
1996-02-29,1500,
1996-03-06,1000,
1996-03-06,1500,
1996-03-06,2000,
1996-03-06,300,
1996-03-06,200,
1996-03-06,500,
1996-03-06,100,
1996-03-22,1000,0.06
1996-03-22,2000,10.66
1996-03-22,100,0.02
1996-03-22,500,0.02
1996-03-22,2100,8.69
1996-03-22,1500,0.08
1996-03-23,200,
1996-03-27,100,0.06
1996-03-27,2000,2.34
1996-03-27,500,0.05
1996-03-27,1500,0.46
1996-03-27,1000,0.04
1996-03-27,200,
1996-03-28,1500,0.95
1996-03-28,2000,10.65
1996-03-28,100,0.45
1996-03-28,2500,10.0
1996-03-28,1000,0.83
1996-03-28,500,0.39
1996-03-28,2700,10.0
1996-04-02,200,
1996-04-02,1500,2.02
1996-04-02,1000,1.42
1996-04-02,2700,12.16
1996-04-02,500,0.36
1996-04-02,2000,6.75
1996-04-02,100,0.37
1996-04-02,2500,12.85
1996-04-11,2700,19.07
1996-04-11,2000,2.5
1996-04-11,100,0.25
1996-04-11,500,0.23
1996-04-11,1500,0.01
1996-04-11,1000,0.24
1996-04-11,2500,18.18
1996-05-13,2000,14.23
1996-05-13,500,0.34
1996-05-13,100,0.31
1996-05-13,1500,0.02
1996-05-13,2600,15.0
1996-05-13,2500,13.82
1996-05-13,1000,0.3
1996-06-05,1500,13.18
1996-06-05,100,0.56
1996-06-05,2000,13.18
1996-06-05,500,0.05
1996-06-05,1000,1.15
1996-06-05,2600,19.5
1996-06-05,2500,21.57
1996-06-27,1500,15.0
1996-06-27,500,0.51
1996-06-27,200,
1996-06-27,1000,7.98
1996-06-27,2500,24.2
1996-06-27,100,0.42
1996-06-27,2000,15.05
1996-07-04,1000,8.43
1996-07-04,2000,15.7
1996-07-04,1500,17.39
1996-07-04,100,1.92
1996-07-04,2500,21.23
1996-07-04,500,5.26
1996-07-04,200,
1996-07-11,200,
1996-07-11,2000,26.55
1996-07-11,300,
1996-07-11,100,1.93
1996-07-11,1000,6.6
1996-07-11,500,1.83
1996-07-11,2500,26.85
1996-07-11,1500,13.26
1996-07-18,200,
1996-07-18,1000,0.78
1996-07-18,2500,31.8
1996-07-18,100,0.06
1996-07-18,500,0.06
1996-07-18,1500,6.64
1996-07-18,300,
1996-07-18,2000,16.23
1996-07-25,300,
1996-07-25,200,
1996-07-25,500,0.11
1996-07-25,2500,21.3
1996-07-25,1500,9.79
1996-07-25,100,0.15
1996-07-25,1000,2.44
1996-07-25,2000,21.01
1996-08-02,2000,19.95
1996-08-02,100,0.09
1996-08-02,200,
1996-08-02,500,0.04
1996-08-02,1000,0.45
1996-08-02,1500,5.0
1996-08-02,2500,36.95
1996-08-02,300,
1996-08-08,500,0.15
1996-08-08,1500,2.96
1996-08-08,2500,40.6
1996-08-08,300,
1996-08-08,2000,17.95
1996-08-08,100,0.2
1996-08-08,200,
1996-08-08,1000,0.0
1996-08-15,200,
1996-08-15,1000,0.24
1996-08-15,1500,2.07
1996-08-15,2000,2.26
1996-08-15,2500,41.68
1996-08-15,300,
1996-08-15,100,1.54
1996-08-15,500,0.88
1996-08-21,1500,1.89
1996-08-21,200,
1996-08-21,500,1.48
1996-08-21,300,
1996-08-21,1000,0.06
1996-08-21,100,2.6
1996-08-21,1500,50.46
1996-08-21,2000,3.3
1996-08-29,100,
1996-08-29,1500,4.94
1996-08-29,300,
1996-08-29,200,
1996-08-29,2500,34.91
1996-08-29,1000,1.85
1996-08-29,2000,7.41
1996-08-29,500,2.45
1996-09-12,1000,4.12
1996-09-12,2500,43.7
1996-09-12,1500,27.08
1996-09-12,300,
1996-09-12,2000,35.67
1996-09-12,200,
1996-09-12,100,4.11
1996-09-12,500,4.19
1996-09-19,200,
1996-09-19,1500,28.02
1996-09-19,500,4.48
1996-09-19,2500,44.58
1996-09-19,1000,4.53
1996-09-19,300,
1996-09-19,100,5.92
1996-09-19,2000,39.25
1996-09-26,1500,7.29
1996-09-26,2000,27.0
1996-09-26,200,
1996-09-26,300,
1996-09-26,500,5.56
1996-09-26,1000,7.12
1996-09-26,2500,65.45
1996-09-26,100,4.76
1996-10-16,1000,19.55
1996-10-16,2500,44.15
1996-10-16,300,
1996-10-16,2000,50.0
1996-10-16,1500,15.75
1996-10-16,100,9.43
1996-10-16,500,9.7
1996-10-16,200,
1996-11-12,200,
1996-11-12,500,22.21
1996-11-12,100,21.3
1996-11-12,300,
1996-11-12,2000,16.23
1996-11-12,2500,14.33
1996-11-12,1500,20.33
1996-11-12,1000,24.0
1996-12-10,2500,30.28
1996-12-10,2000,19.97
1996-12-10,1500,14.12
1996-12-10,300,
1996-12-10,500,5.51
1996-12-10,200,
1996-12-10,1000,5.63
1996-12-10,100,5.57
1997-01-15,2000,13.09
1997-01-15,500,11.72
1997-01-15,200,
1997-01-15,1000,11.79
1997-01-15,300,
1997-01-15,1500,12.05
1997-01-15,100,11.69
1997-01-15,2500,14.33
1997-02-11,1000,12.99
1997-02-11,1500,12.78
1997-02-11,2000,13.07
1997-02-11,100,12.72
1997-02-11,300,
1997-02-11,500,12.73
1997-02-11,2500,19.98
1997-02-11,200,
1997-02-18,2500,4.19
1997-02-18,500,11.21
1997-02-18,200,
1997-02-18,1500,4.99
1997-02-18,2000,4.15
1997-02-18,100,10.1
1997-02-18,1000,7.82
1997-02-18,300,
1997-02-25,2000,5.46
1997-02-25,100,5.58
1997-02-25,500,5.87
1997-02-25,1000,6.05
1997-02-25,200,
1997-02-25,300,
1997-02-25,2500,5.58
1997-02-25,1500,6.01
1997-03-04,1000,1.56
1997-03-04,100,0.79
1997-03-04,1500,3.68
1997-03-04,2500,6.73
1997-03-04,2000,6.42
1997-03-04,200,
1997-03-04,300,
1997-03-04,500,0.74
1997-03-11,100,0.05
1997-03-11,200,
1997-03-11,2000,4.92
1997-03-11,1000,0.09
1997-03-11,1500,1.83
1997-03-11,500,0.02
1997-03-11,2500,8.41
1997-03-11,300,
1997-03-17,100,0.04
1997-03-17,300,
1997-03-17,500,0.03
1997-03-17,2500,3.89
1997-03-17,2000,2.03
1997-03-17,1500,0.29
1997-03-17,1000,0.02
1997-03-17,200,
1997-03-24,500,0.22
1997-03-24,1500,0.84
1997-03-24,1000,0.26
1997-03-24,2500,3.08
1997-03-24,2000,2.35
1997-03-24,300,
1997-03-24,200,
1997-03-24,100,0.04
1997-04-04,2000,4.24
1997-04-04,1500,1.94
1997-04-04,300,
1997-04-04,500,0.58
1997-04-04,2500,7.47
1997-04-04,1000,0.59
1997-04-04,200,
1997-04-04,100,0.65
1997-04-14,100,0.74
1997-04-14,2500,5.58
1997-04-14,1000,0.74
1997-04-14,1500,1.29
1997-04-14,500,0.74
1997-04-14,2000,4.84
1997-04-15,1500,
1997-04-15,2500,
1997-04-15,100,
1997-04-15,1000,
1997-04-15,300,
1997-04-15,200,
1997-04-15,2000,
1997-04-15,500,
1997-04-17,2500,5.86
1997-04-17,1000,0.84
1997-04-17,2000,3.29
1997-04-17,1500,1.22
1997-04-17,300,
1997-04-17,200,
1997-04-17,500,0.85
1997-04-17,100,0.83
1997-04-18,300,
1997-04-18,100,
1997-04-18,1500,
1997-04-18,2000,
1997-04-18,500,
1997-04-18,2500,
1997-04-18,1000,
1997-04-18,200,
1997-04-30,100,
1997-04-30,1500,5.44
1997-04-30,200,
1997-04-30,2000,9.9
1997-04-30,500,3.28
1997-04-30,1000,3.12
1997-04-30,300,
1997-04-30,2500,16.82
1997-05-06,1000,4.37
1997-05-06,500,2.88
1997-05-06,2500,20.46
1997-05-06,1500,8.64
1997-05-06,200,
1997-05-06,2000,13.85
1997-05-06,100,2.89
1997-05-06,300,
1997-05-30,2500,19.61
1997-05-30,1500,2.72
1997-05-30,1000,3.54
1997-05-30,2000,3.71
1997-05-30,100,3.55
1997-05-30,500,3.62
1997-06-05,500,3.27
1997-06-05,2000,7.91
1997-06-05,2500,20.54
1997-06-05,300,
1997-06-05,200,
1997-06-05,100,2.99
1997-06-05,1000,2.68
1997-06-05,1500,3.19
1997-06-18,2500,32.65
1997-06-18,1000,3.3
1997-06-18,1500,2.06
1997-06-18,200,
1997-06-18,500,3.65
1997-06-18,300,
1997-06-18,100,3.92
1997-06-18,2000,11.2
1997-07-02,1000,3.05
1997-07-02,300,
1997-07-02,1500,8.7
1997-07-02,100,2.68
1997-07-02,2000,22.37
1997-07-02,500,2.64
1997-07-02,2500,31.17
1997-07-02,200,
1997-07-09,300,
1997-07-09,200,
1997-07-09,2500,37.35
1997-07-09,500,2.51
1997-07-09,2000,22.41
1997-07-09,1500,2.61
1997-07-09,100,2.47
1997-07-09,1000,2.57
1997-07-15,200,
1997-07-15,1000,8.45
1997-07-15,2500,30.9
1997-07-15,2000,38.89
1997-07-15,300,
1997-07-15,500,3.18
1997-07-15,1500,17.51
1997-07-15,100,2.49
1997-07-23,2000,28.78
1997-07-23,2500,38.35
1997-07-23,1500,3.86
1997-07-23,500,3.72
1997-07-23,300,
1997-07-23,200,
1997-07-23,1000,3.1
1997-07-23,100,3.89
1997-07-30,2000,43.4
1997-07-30,1500,3.83
1997-07-30,200,
1997-07-30,500,3.82
1997-07-30,1000,5.76
1997-07-30,100,3.8
1997-07-30,300,
1997-07-30,2000,21.79
1997-08-05,1000,3.48
1997-08-05,300,
1997-08-05,100,3.92
1997-08-05,2000,30.35
1997-08-05,500,3.82
1997-08-05,200,
1997-08-05,1500,6.13
1997-08-05,2500,49.14
1997-08-12,100,2.95
1997-08-12,1000,4.65
1997-08-12,2500,54.43
1997-08-12,500,4.19
1997-08-12,200,
1997-08-12,2000,30.03
1997-08-12,1500,18.55
1997-08-12,300,
1997-08-18,1000,
1997-08-18,2000,
1997-08-18,1500,
1997-08-18,2500,58.0
1997-08-18,300,
1997-08-18,200,
1997-08-18,100,4.06
1997-08-18,500,
1997-08-25,100,2.65
1997-08-25,500,2.5
1997-08-25,1000,8.03
1997-08-25,2500,55.54
1997-08-25,1500,9.47
1997-08-25,200,
1997-08-25,300,
1997-08-25,2000,26.75
1997-09-01,500,4.78
1997-09-01,300,
1997-09-01,1500,16.33
1997-09-01,2500,49.52
1997-09-01,100,1.85
1997-09-01,200,
1997-09-01,2000,44.5
1997-09-01,1000,8.65
1997-09-08,500,8.57
1997-09-08,2000,35.44
1997-09-08,200,
1997-09-08,1500,34.55
1997-09-08,1500,41.36
1997-09-08,100,6.82
1997-09-08,1000,18.33
1997-09-08,300,
1997-09-18,500,18.85
1997-09-18,200,
1997-09-18,100,10.75
1997-09-18,1000,21.27
1997-09-18,2500,
1997-09-18,1500,18.0
1997-09-18,300,
1997-09-18,2000,18.15
1997-09-25,2400,38.75
1997-09-25,1400,22.07
1997-09-25,900,15.06
1997-09-25,400,5.27
1997-09-25,300,
1997-09-25,100,5.41
1997-09-25,200,
1997-09-25,1900,24.3
1997-10-22,2500,43.65
1997-10-22,1500,13.58
1997-10-22,200,
1997-10-22,100,7.17
1997-10-22,300,
1997-10-22,1000,8.09
1997-10-22,2000,30.9
1997-10-22,500,8.0
1997-11-13,500,12.46
1997-11-13,200,
1997-11-13,2000,24.03
1997-11-13,1000,14.37
1997-11-13,300,
1997-11-13,1500,20.97
1997-11-13,2500,41.8
1997-11-13,100,12.41
1997-12-10,200,
1997-12-10,1000,15.96
1997-12-10,2000,20.79
1997-12-10,1500,17.64
1997-12-10,100,14.81
1997-12-10,300,
1997-12-10,2500,26.72
1997-12-10,500,14.63
1998-01-14,2000,15.88
1998-01-14,100,16.6
1998-01-14,1500,16.3
1998-01-14,1000,21.28
1998-01-14,2500,16.12
1998-01-14,500,16.82
1998-01-14,200,
1998-01-14,300,
1998-02-12,100,16.88
1998-02-12,2500,25.68
1998-02-12,2000,23.05
1998-02-12,1500,21.23
1998-02-12,300,
1998-02-12,200,
1998-02-12,500,16.89
1998-02-12,1000,19.95
1998-02-25,2500,19.93
1998-02-25,1000,16.26
1998-02-25,100,8.05
1998-02-25,2000,20.76
1998-02-25,500,7.78
1998-02-25,200,
1998-02-25,1500,21.3
1998-02-25,300,
1998-03-11,2500,2.75
1998-03-11,200,
1998-03-11,2000,3.74
1998-03-11,300,
1998-03-11,1000,0.72
1998-03-11,1500,0.6
1998-03-11,500,0.66
1998-03-11,100,0.56
1998-03-26,200,
1998-03-26,1000,0.03
1998-03-26,500,0.13
1998-03-26,100,0.18
1998-03-26,2500,2.0
1998-03-26,300,
1998-03-26,1500,0.24
1998-03-26,2000,0.59
1998-04-01,2000,0.18
1998-04-01,100,0.38
1998-04-01,2500,4.0
1998-04-01,500,0.05
1998-04-01,1000,0.16
1998-04-01,1500,0.04
1998-04-01,200,
1998-04-01,300,
1998-04-22,300,
1998-04-22,2000,2.34
1998-04-22,1000,0.35
1998-04-22,200,
1998-04-22,2500,12.75
1998-04-22,100,0.95
1998-04-22,1500,0.28
1998-04-22,500,0.87
1998-05-11,100,1.8
1998-05-11,200,
1998-05-11,1400,14.05
1998-05-11,400,1.76
1998-05-11,900,2.13
1998-05-11,300,
1998-05-11,2400,28.49
1998-05-11,1900,24.83
1998-06-10,300,
1998-06-10,2500,59.3
1998-06-10,1000,5.75
1998-06-10,1500,11.52
1998-06-10,100,2.65
1998-06-10,2000,29.32
1998-06-10,500,2.65
1998-06-10,200,
1998-06-25,2000,44.22
1998-06-25,100,0.46
1998-06-25,500,1.03
1998-06-25,1000,5.73
1998-06-25,300,
1998-06-25,2500,42.71
1998-06-25,1500,23.09
1998-06-25,200,
1998-07-02,200,
1998-07-02,500,0.07
1998-07-02,2500,63.8
1998-07-02,300,
1998-07-02,100,0.07
1998-07-02,1000,1.62
1998-07-02,1500,4.85
1998-07-02,2000,29.5
1998-07-08,2500,78.55
1998-07-08,100,0.17
1998-07-08,300,
1998-07-08,500,0.05
1998-07-08,2000,22.46
1998-07-08,1000,0.02
1998-07-08,1500,7.28
1998-07-08,200,
1998-07-15,100,7.22
1998-07-15,300,
1998-07-15,200,
1998-07-15,500,12.58
1998-07-15,1500,21.68
1998-07-15,2000,33.0
1998-07-15,1000,13.55
1998-07-15,2500,43.55
1998-07-22,200,
1998-07-22,300,
1998-07-22,2500,46.99
1998-07-22,500,3.1
1998-07-22,1500,12.21
1998-07-22,100,3.6
1998-07-22,1000,5.35
1998-07-22,2000,22.03
1998-07-29,1000,0.73
1998-07-29,300,
1998-07-29,2500,47.55
1998-07-29,200,
1998-07-29,2000,34.65
1998-07-29,100,0.08
1998-07-29,500,0.07
1998-07-29,1500,5.41
1998-08-11,1000,0.16
1998-08-11,100,0.32
1998-08-11,500,0.25
1998-08-11,200,
1998-08-11,2500,53.45
1998-08-11,300,
1998-08-11,1500,7.86
1998-08-11,2000,32.03
1998-08-19,1500,0.78
1998-08-19,200,
1998-08-19,2000,25.9
1998-08-19,300,
1998-08-19,2500,57.29
1998-08-19,500,0.1
1998-08-19,1000,0.1
1998-08-19,100,0.14
1998-08-26,1000,
1998-08-26,1500,
1998-08-26,2500,
1998-08-26,200,
1998-08-26,2000,
1998-08-26,500,
1998-08-26,300,
1998-08-26,100,57.27
1998-09-01,2000,43.73
1998-09-01,1500,22.0
1998-09-01,500,15.45
1998-09-01,1000,12.37
1998-09-01,100,27.08
1998-09-08,200,
1998-09-08,500,2.75
1998-09-08,1900,35.4
1998-09-08,300,
1998-09-08,100,2.78
1998-09-08,2400,58.64
1998-09-08,1400,8.36
1998-09-08,900,7.61
1998-09-16,200,
1998-09-16,2000,13.29
1998-09-16,1500,7.37
1998-09-16,500,5.11
1998-09-16,2500,65.32
1998-09-16,1000,5.35
1998-09-16,300,
1998-09-16,100,5.19
1998-09-21,2000,19.05
1998-09-21,100,6.08
1998-09-21,300,
1998-09-21,1500,7.11
1998-09-21,500,5.64
1998-09-21,200,
1998-09-21,1000,5.26
1998-09-21,2500,75.38
1998-10-15,2500,20.88
1998-10-15,100,19.43
1998-10-15,2000,19.77
1998-10-15,509,19.54
1998-10-15,300,
1998-10-15,1000,19.57
1998-10-15,1500,19.6
1998-10-15,200,
1998-11-03,1510,19.72
1998-11-03,200,
1998-11-03,110,13.82
1998-11-03,2500,24.43
1998-11-03,300,
1998-11-03,2000,22.8
1998-11-03,509,13.84
1998-11-03,1010,14.25
1998-12-08,300,
1998-12-08,1000,9.95
1998-12-08,2500,42.78
1998-12-08,2000,11.97
1998-12-08,200,
1998-12-08,500,10.25
1998-12-08,1500,8.63
1998-12-08,100,10.54
1999-01-26,2000,19.05
1999-01-26,1500,17.9
1999-01-26,2500,23.94
1999-01-26,500,13.96
1999-01-26,100,14.33
1999-01-26,1000,15.96
1999-02-12,1500,14.15
1999-02-12,2500,20.42
1999-02-12,1000,13.93
1999-02-12,2000,17.1
1999-02-12,500,13.53
1999-02-12,100,13.48
1999-03-25,100,4.5
1999-03-25,1000,1.48
1999-03-25,500,4.2
1999-03-25,2500,18.52
1999-03-25,2000,0.34
1999-03-25,1500,0.6
1999-04-27,500,2.28
1999-04-27,2500,15.82
1999-04-27,1000,1.26
1999-04-27,2000,9.13
1999-04-27,100,2.34
1999-04-27,1500,4.37
1999-05-25,2000,6.22
1999-05-25,500,4.14
1999-05-25,2500,40.5
1999-05-25,1500,4.04
1999-05-25,100,4.14
1999-05-25,1000,3.48
1999-06-18,2000,26.65
1999-06-18,2500,33.5
1999-06-18,100,4.21
1999-06-18,1000,3.71
1999-06-18,500,4.06
1999-06-18,1500,4.08
1999-07-15,1000,1.43
1999-07-15,100,2.58
1999-07-15,500,2.55
1999-07-15,2000,22.28
1999-07-15,1500,0.59
1999-07-15,2500,48.89
1999-08-17,500,3.31
1999-08-17,1000,4.12
1999-08-17,1500,5.17
1999-08-17,100,4.86
1999-08-17,2500,58.81
1999-08-17,2000,28.58
1999-09-17,1000,7.87
1999-09-17,100,7.11
1999-09-17,1500,12.46
1999-09-17,500,7.11
1999-09-17,2000,17.1
1999-09-17,2500,61.87
1999-10-18,500,5.47
1999-10-18,2500,31.39
1999-10-18,1000,8.17
1999-10-18,2000,25.83
1999-10-18,1500,30.86
1999-10-18,100,5.44
1999-11-16,100,3.93
1999-11-16,2000,10.49
1999-11-16,2500,33.17
1999-11-16,500,3.91
1999-11-16,1500,4.39
1999-11-16,1000,4.12
1999-12-15,1000,15.95
1999-12-15,2000,15.98
1999-12-15,2500,16.78
1999-12-15,500,15.88
1999-12-15,1500,16.0
1999-12-15,100,15.88
2000-01-18,2500,18.4
2000-01-18,1000,18.54
2000-01-18,100,18.8
2000-01-18,1500,18.44
2000-01-18,500,18.81
2000-01-18,2000,18.38
2000-02-08,2500,20.21
2000-02-08,500,19.64
2000-02-08,1000,19.67
2000-02-08,1500,19.76
2000-02-08,100,19.45
2000-02-08,2000,20.08
2000-03-15,1500,17.16
2000-03-15,1000,17.24
2000-03-15,500,17.28
2000-03-15,100,17.08
2000-03-15,2500,17.3
2000-03-15,2000,17.88
2000-04-17,100,2.46
2000-04-17,500,2.28
2000-04-17,2000,5.48
2000-04-17,1500,3.09
2000-04-17,1000,1.9
2000-04-17,2500,7.38
2000-05-17,1000,1.54
2000-05-17,1500,1.63
2000-05-17,100,1.91
2000-05-17,2500,24.55
2000-05-17,2000,14.75
2000-05-17,500,1.8
2000-06-28,2500,32.6
2000-06-28,100,3.63
2000-06-28,2000,16.3
2000-06-28,1500,8.51
2000-06-28,1000,3.95
2000-06-28,500,3.64
2000-07-12,1500,24.23
2000-07-12,2500,44.3
2000-07-12,100,1.8
2000-07-12,1000,17.39
2000-07-12,500,2.58
2000-07-12,2000,30.43
2000-08-08,1500,8.44
2000-08-08,2000,28.25
2000-08-08,500,3.46
2000-08-08,2500,50.88
2000-08-08,100,3.92
2000-08-08,1000,2.9
2000-09-27,1500,17.72
2000-09-27,1000,15.65
2000-09-27,2000,19.55
2000-09-27,2500,54.66
2000-09-27,100,16.12
2000-09-27,500,16.22
2000-10-24,2500,65.41
2000-10-24,1000,18.27
2000-10-24,2000,37.64
2000-10-24,1500,20.31
2000-10-24,500,18.03
2000-10-24,100,17.99
2000-11-28,1000,16.27
2000-11-28,100,16.48
2000-11-28,1500,15.86
2000-11-28,2500,47.83
2000-11-28,500,16.51
2000-11-28,2000,17.07
2000-12-18,2500,25.87
2000-12-18,1500,19.41
2000-12-18,1000,16.32
2000-12-18,100,12.42
2000-12-18,2000,20.66
2000-12-18,500,12.46
2001-01-16,500,12.4
2001-01-16,1500,11.27
2001-01-16,2000,22.05
2001-01-16,1000,11.31
2001-01-16,2500,31.34
2001-01-16,100,12.34
2001-02-15,500,12.38
2001-02-15,2000,15.83
2001-02-15,1000,12.66
2001-02-15,1500,13.35
2001-02-15,2500,21.54
2001-02-15,100,12.22
2001-03-13,2000,20.47
2001-03-13,500,4.28
2001-03-13,1500,12.1
2001-03-13,1000,4.54
2001-03-13,100,3.95
2001-03-13,2500,21.04
2001-04-18,1000,0.46
2001-04-18,2500,16.33
2001-04-18,500,0.53
2001-04-18,100,0.43
2001-04-18,2000,1.64
2001-04-18,1500,0.5
2001-05-31,2000,25.4
2001-05-31,1000,3.09
2001-05-31,1500,7.16
2001-05-31,100,2.28
2001-05-31,2500,34.0
2001-05-31,500,2.27
2001-06-28,500,0.15
2001-06-28,2500,42.94
2001-06-28,1500,17.01
2001-06-28,1000,0.26
2001-06-28,100,0.18
2001-06-28,2000,19.92
2001-07-11,100,0.37
2001-07-11,500,0.31
2001-07-11,2000,11.79
2001-07-11,2500,50.53
2001-07-11,1500,0.37
2001-07-11,1000,0.29
2001-08-09,500,34.29
2001-08-09,1500,16.8
2001-08-09,100,41.41
2001-08-09,1000,21.94
2001-08-09,2000,7.9
2001-08-09,2500,7.95
2001-09-10,100,0.84
2001-09-10,1500,1.01
2001-09-10,500,0.77
2001-09-10,1000,0.77
2001-09-10,2000,22.53
2001-09-10,2500,68.38
2001-10-16,1000,0.38
2001-10-16,2500,81.04
2001-10-16,100,0.43
2001-10-16,2000,10.87
2001-10-16,1500,0.48
2001-10-16,500,0.5
2001-11-06,2500,10.65
2001-11-06,2000,10.75
2001-11-06,1000,11.91
2001-11-06,100,82.25
2001-11-06,1500,10.92
2001-11-06,500,30.77
2001-12-13,500,21.83
2001-12-13,1000,11.0
2001-12-13,1500,10.9
2001-12-13,2000,10.75
2001-12-13,2500,10.77
2001-12-13,100,39.13
2002-01-08,100,15.43
2002-01-08,500,15.56
2002-01-08,1500,17.92
2002-01-08,1000,15.56
2002-01-08,2000,25.8
2002-01-08,2500,45.37
2002-02-21,2500,20.67
2002-02-21,2000,17.82
2002-02-21,500,17.58
2002-02-21,100,17.51
2002-02-21,1500,17.82
2002-02-21,1000,17.71
2002-03-11,2500,16.85
2002-03-11,500,16.22
2002-03-11,100,16.17
2002-03-11,2000,16.07
2002-03-11,1500,16.04
2002-03-11,1000,15.98
2002-04-10,1500,0.7
2002-04-10,2500,10.31
2002-04-10,2000,0.75
2002-04-10,500,0.65
2002-04-10,100,0.58
2002-04-10,1000,0.61
2002-05-21,2000,27.31
2002-05-21,100,3.04
2002-05-21,2500,38.11
2002-05-21,1500,6.09
2002-05-21,1000,3.53
2002-05-21,500,3.23
2002-06-18,100,5.22
2002-06-18,500,5.39
2002-06-18,1000,5.7
2002-06-18,2000,37.11
2002-06-18,2500,40.03
2002-06-18,1500,16.21
2002-07-09,1500,8.59
2002-07-09,2000,22.91
2002-07-09,500,13.89
2002-07-09,2500,33.15
2002-07-09,100,5.16
2002-07-09,1000,5.66
2002-08-20,2500,70.92
2002-08-20,100,1.33
2002-08-20,500,1.37
2002-08-20,1500,5.06
2002-08-20,1000,1.38
2002-08-20,2000,38.08
2002-09-17,500,6.09
2002-09-17,2500,93.01
2002-09-17,100,6.52
2002-09-17,1000,6.45
2002-09-17,2000,50.06
2002-09-17,1500,7.72
2002-10-15,1000,15.06
2002-10-15,1500,23.38
2002-10-15,2500,68.2
2002-10-15,100,12.1
2002-10-15,500,12.17
2002-10-15,2000,44.33
2002-11-19,1000,14.06
2002-11-19,500,14.31
2002-11-19,1500,14.38
2002-11-19,2500,35.13
2002-11-19,2000,33.29
2002-11-19,100,13.78
2002-12-17,1000,15.35
2002-12-17,2500,15.7
2002-12-17,2000,15.92
2002-12-17,100,15.64
2002-12-17,1500,15.6
2002-12-17,500,15.58
2003-01-23,1500,13.54
2003-01-23,100,18.82
2003-01-23,1000,14.23
2003-01-23,2000,12.4
2003-01-23,500,16.91
2003-01-23,2500,13.37
2003-02-18,100,0.9
2003-02-18,500,1.03
2003-02-18,1000,1.47
2003-02-18,2500,18.82
2003-02-18,1500,10.39
2003-02-18,2000,15.66
2003-03-11,2500,15.17
2003-03-11,100,0.64
2003-03-11,500,0.8
2003-03-11,2000,3.17
2003-03-11,1500,0.96
2003-03-11,1000,0.88
2003-04-24,100,2.39
2003-04-24,2500,18.21
2003-04-24,500,2.51
2003-04-24,1500,3.36
2003-04-24,2000,9.36
2003-04-24,1000,2.65
2003-05-13,1500,5.01
2003-05-13,2000,19.23
2003-05-13,500,2.89
2003-05-13,1000,3.05
2003-05-13,2500,27.51
2003-05-13,100,2.78
2003-06-17,2500,25.81
2003-06-17,500,3.76
2003-06-17,100,3.56
2003-06-17,2000,21.34
2003-06-17,1500,12.03
2003-06-17,1000,4.62
2003-07-15,2000,23.88
2003-07-15,1500,5.02
2003-07-15,1000,0.76
2003-07-15,2500,28.03
2003-07-15,100,1.2
2003-07-15,500,1.26
2003-08-13,500,0.8
2003-08-13,100,0.64
2003-08-13,1500,1.08
2003-08-13,2500,40.27
2003-08-13,2000,7.29
2003-08-13,1000,1.15
2003-09-08,1000,6.34
2003-09-08,2500,58.28
2003-09-08,500,1.97
2003-09-08,1500,23.99
2003-09-08,2000,34.37
2003-09-08,100,2.11
2003-10-14,2500,82.15
2003-10-14,2000,51.92
2003-10-14,500,8.1
2003-10-14,1000,8.42
2003-10-14,100,7.98
2003-10-14,1500,11.67
2003-11-12,1500,19.18
2003-11-12,500,15.63
2003-11-12,2500,39.17
2003-11-12,2000,37.42
2003-11-12,100,14.53
2003-11-12,1000,16.13
2003-12-04,1000,15.57
2003-12-04,2500,56.78
2003-12-04,500,10.4
2003-12-04,2000,23.66
2003-12-04,1500,17.47
2003-12-04,100,10.21
2004-01-20,2500,18.45
2004-01-20,1500,12.5
2004-01-20,500,11.88
2004-01-20,1000,12.11
2004-01-20,100,11.71
2004-01-20,2000,13.56
2004-02-18,1000,5.4
2004-02-18,500,5.08
2004-02-18,2500,17.65
2004-02-18,100,4.93
2004-02-18,1500,6.33
2004-02-18,2000,15.13
2004-03-16,100,0.46
2004-03-16,2000,6.98
2004-03-16,2500,13.1
2004-03-16,1500,0.97
2004-03-16,1000,0.87
2004-03-16,500,0.67
2004-04-15,2500,10.46
2004-04-15,1000,1.04
2004-04-15,100,1.94
2004-04-15,1500,1.07
2004-04-15,500,1.63
2004-04-15,2000,1.3
2004-05-11,500,1.83
2004-05-11,2000,7.01
2004-05-11,100,1.62
2004-05-11,1500,2.47
2004-05-11,2500,27.33
2004-05-11,1000,1.48
2004-06-21,1500,13.54
2004-06-21,2500,30.77
2004-06-21,500,2.37
2004-06-21,2000,25.15
2004-06-21,1000,8.21
2004-06-21,100,2.11
2004-07-13,1000,2.94
2004-07-13,2500,34.23
2004-07-13,500,1.28
2004-07-13,1500,5.36
2004-07-13,2000,26.26
2004-07-13,100,1.28
2004-08-10,2000,11.72
2004-08-10,500,0.68
2004-08-10,1500,2.29
2004-08-10,1000,1.41
2004-08-10,2500,58.42
2004-08-10,100,0.35
2004-09-13,1000,26.7
2004-09-13,1500,35.56
2004-09-13,100,25.77
2004-09-13,2000,37.9
2004-09-13,2500,40.16
2004-09-13,500,26.22
2004-10-13,1000,19.54
2004-10-13,500,11.33
2004-10-13,2000,25.03
2004-10-13,2500,22.15
2004-10-13,1500,23.26
2004-10-13,100,10.9
2004-11-09,2500,51.36
2004-11-09,2000,16.73
2004-11-09,100,7.98
2004-11-09,1500,11.94
2004-11-09,1000,9.48
2004-11-09,500,8.23
2004-12-15,500,4.4
2004-12-15,2500,27.46
2004-12-15,100,4.29
2004-12-15,2000,4.76
2004-12-15,1000,4.42
2004-12-15,1500,4.55
2005-01-18,100,11.24
2005-01-18,2000,12.07
2005-01-18,2500,12.2
2005-01-18,500,11.36
2005-01-18,1000,11.4
2005-01-18,1500,12.48
2005-02-22,1500,10.61
2005-02-22,2500,16.95
2005-02-22,1000,10.08
2005-02-22,500,9.61
2005-02-22,2000,13.21
2005-02-22,100,9.6
2005-03-29,1500,2.18
2005-03-29,2000,2.37
2005-03-29,500,1.04
2005-03-29,1000,1.78
2005-03-29,2500,23.1
2005-03-29,100,0.38
2005-04-26,1000,1.21
2005-04-26,100,1.11
2005-04-26,500,1.12
2005-04-26,2500,19.06
2005-04-26,2000,12.77
2005-04-26,1500,1.24
2005-05-20,500,3.55
2005-05-20,2500,24.62
2005-05-20,2000,20.06
2005-05-20,1000,17.84
2005-05-20,100,2.6
2005-05-20,1500,13.6
2005-06-21,2500,33.39
2005-06-21,100,3.35
2005-06-21,2000,27.78
2005-06-21,1000,9.9
2005-06-21,1500,18.51
2005-06-21,500,4.13
2005-07-28,100,0.86
2005-07-28,1000,3.71
2005-07-28,500,1.0
2005-07-28,2500,45.65
2005-07-28,2000,72.65
2005-07-28,1500,26.45
2005-08-11,2000,52.88
2005-08-11,1000,3.8
2005-08-11,1500,19.88
2005-08-11,100,1.73
2005-08-11,2500,72.4
2005-08-11,500,1.81
2005-09-14,1500,9.86
2005-09-14,2500,69.69
2005-09-14,100,3.69
2005-09-14,1000,2.89
2005-09-14,2000,27.41
2005-09-14,500,3.64
2005-10-26,500,12.82
2005-10-26,2000,37.4
2005-10-26,2500,91.95
2005-10-26,100,12.33
2005-10-26,1000,13.65
2005-10-26,1500,13.88
2005-11-15,500,27.82
2005-11-15,1500,29.31
2005-11-15,1000,29.59
2005-11-15,2000,28.51
2005-11-15,100,28.15
2005-11-15,2500,22.3
2005-12-13,2000,17.26
2005-12-13,100,11.3
2005-12-13,1500,11.64
2005-12-13,2500,33.34
2005-12-13,500,11.03
2005-12-13,1000,11.84
2006-01-17,1500,11.14
2006-01-17,100,35.86
2006-01-17,1000,13.92
2006-01-17,2500,9.82
2006-01-17,2000,9.78
2006-01-17,500,20.5
2006-02-14,100,3.71
2006-02-14,2000,13.97
2006-02-14,1500,10.72
2006-02-14,1000,7.98
2006-02-14,2500,19.94
2006-02-14,500,4.58
2006-03-14,1000,1.73
2006-03-14,500,1.57
2006-03-14,2500,5.7
2006-03-14,2000,1.9
2006-03-14,1500,1.73
2006-03-14,100,1.39
2006-04-21,2500,23.85
2006-04-21,500,4.66
2006-04-21,1000,9.4
2006-04-21,2000,11.76
2006-04-21,1500,9.2
2006-04-21,100,4.03
2006-05-17,2000,21.7
2006-05-17,1500,4.43
2006-05-17,1000,3.78
2006-05-17,2500,63.2
2006-05-17,100,5.76
2006-05-17,500,5.26
2006-06-21,1000,4.22
2006-06-21,100,4.28
2006-06-21,2000,29.72
2006-06-21,1500,6.0
2006-06-21,2500,31.55
2006-06-21,500,4.22
2006-07-27,1000,3.74
2006-07-27,100,4.51
2006-07-27,2000,33.02
2006-07-27,1500,20.47
2006-07-27,2500,47.22
2006-07-27,500,4.32
2006-08-17,2500,45.5
2006-08-17,2000,15.88
2006-08-17,1000,8.62
2006-08-17,100,7.03
2006-08-17,1500,23.65
2006-08-17,500,5.87
2006-09-20,2000,50.66
2006-09-20,2500,54.25
2006-09-20,1500,8.4
2006-09-20,100,7.24
2006-09-20,500,7.02
2006-09-20,1000,7.1
2006-10-11,2500,
2006-10-11,100,
2006-10-11,1000,
2006-10-11,500,
2006-10-11,1500,
2006-10-11,2000,
2006-11-14,500,14.84
2006-11-14,1500,15.45
2006-11-14,1000,14.7
2006-11-14,2000,26.95
2006-11-14,100,14.22
2006-11-14,2500,54.99
2006-12-12,2500,16.82
2006-12-12,1000,13.41
2006-12-12,500,12.42
2006-12-12,100,12.52
2006-12-12,1500,14.08
2006-12-12,2000,15.82
2007-02-22,2500,17.91
2007-02-22,2000,18.18
2007-02-22,1000,16.62
2007-02-22,1500,18.19
2007-02-22,500,15.3
2007-02-22,100,15.8
2007-03-15,2500,27.2
2007-03-15,100,13.41
2007-03-15,1000,16.16
2007-03-15,1500,17.28
2007-03-15,500,14.08
2007-03-15,2000,20.8
2007-04-05,1000,13.47
2007-04-05,500,13.5
2007-04-05,100,13.6
2007-04-05,2500,17.21
2007-04-05,2000,19.87
2007-04-05,1500,13.16
2007-05-04,500,0.0
2007-05-04,1000,1.19
2007-05-04,2500,9.07
2007-05-04,1500,12.03
2007-05-04,100,0.0
2007-05-04,2000,24.84
2007-05-14,1500,15.36
2007-05-14,100,1.02
2007-05-14,2000,33.03
2007-05-14,2500,33.36
2007-05-14,1000,7.01
2007-05-14,500,1.16
2007-06-14,1500,4.27
2007-06-14,100,4.94
2007-06-14,2000,16.56
2007-06-14,1000,3.79
2007-06-14,500,4.91
2007-06-14,2500,76.47
2007-07-12,100,4.18
2007-07-12,1000,16.02
2007-07-12,1500,28.61
2007-07-12,500,4.51
2007-07-12,2000,37.71
2007-07-12,2500,55.86
2007-08-16,500,7.69
2007-08-16,1500,25.61
2007-08-16,2500,43.44
2007-08-16,100,8.0
2007-08-16,1000,20.67
2007-08-16,2000,30.24
2007-09-12,2500,69.45
2007-09-12,100,10.26
2007-09-12,1500,11.37
2007-09-12,500,10.04
2007-09-12,1000,10.2
2007-09-12,2000,46.22
2007-10-16,2000,38.66
2007-10-16,100,13.41
2007-10-16,500,13.46
2007-10-16,1500,18.84
2007-10-16,2500,47.45
2007-10-16,1000,13.45
2007-11-13,500,19.35
2007-11-13,2500,53.36
2007-11-13,2000,30.78
2007-11-13,1500,22.12
2007-11-13,100,19.19
2007-11-13,1000,19.7
2007-12-11,100,22.88
2007-12-11,2500,26.54
2007-12-11,1000,22.33
2007-12-11,1500,21.86
2007-12-11,500,22.53
2007-12-11,2000,24.31
2008-01-17,1500,34.97
2008-01-17,2500,37.49
2008-01-17,100,29.45
2008-01-17,1000,32.88
2008-01-17,500,31.2
2008-01-17,2000,36.77
2008-02-19,1500,14.8
2008-02-19,500,14.75
2008-02-19,2000,18.99
2008-02-19,100,14.75
2008-02-19,1000,15.6
2008-02-19,2500,20.62
2008-04-16,100,6.66
2008-04-16,1500,1.12
2008-04-16,1000,2.87
2008-04-16,500,6.0
2008-04-16,2000,0.11
2008-04-16,2500,13.29
2008-05-20,500,6.69
2008-05-20,1500,5.62
2008-05-20,2500,35.7
2008-05-20,100,6.7
2008-05-20,2000,18.99
2008-05-20,1000,7.06
2008-06-24,1000,7.76
2008-06-24,1500,14.91
2008-06-24,2500,35.96
2008-06-24,2000,25.19
2008-06-24,500,7.74
2008-06-24,100,6.94
2008-07-09,500,9.06
2008-07-09,1000,10.04
2008-07-09,100,6.63
2008-07-09,1500,8.84
2008-07-09,2500,35.02
2008-07-09,2000,21.01
2008-08-19,500,4.66
2008-08-19,1000,8.51
2008-08-19,2500,55.6
2008-08-19,1500,16.15
2008-08-19,2000,32.98
2008-08-19,100,4.69
2008-09-15,2500,61.63
2008-09-15,1500,7.2
2008-09-15,100,8.46
2008-09-15,500,8.0
2008-09-15,1000,6.55
2008-09-15,2000,35.63
2008-09-16,2500,62.26
2008-09-16,500,8.23
2008-09-16,1000,8.38
2008-09-16,100,8.0
2008-09-16,2000,40.23
2008-09-16,1500,8.25
2008-09-17,100,7.88
2008-09-17,1500,7.05
2008-09-17,2000,24.92
2008-09-17,1000,7.82
2008-09-17,500,7.79
2008-09-17,2500,65.07
2008-09-18,2500,65.8
2008-09-18,1500,7.1
2008-09-18,1000,7.52
2008-09-18,500,7.14
2008-09-18,2000,35.71
2008-09-18,100,6.49
2008-10-27,1500,23.66
2008-10-27,2000,18.02
2008-10-27,2500,16.66
2008-10-27,100,23.23
2008-10-27,1000,24.83
2008-10-27,500,22.24
2008-11-17,100,21.01
2008-11-17,500,21.68
2008-11-17,1500,27.99
2008-11-17,2500,30.6
2008-11-17,2000,29.81
2008-11-17,1000,22.75
2008-12-08,500,
2008-12-08,1000,
2008-12-08,100,
2008-12-08,2500,
2008-12-08,1500,
2008-12-08,2000,
2009-01-19,1500,27.92
2009-01-19,2500,29.9
2009-01-19,500,24.01
2009-01-19,100,23.45
2009-01-19,2000,29.61
2009-01-19,1000,25.62
2009-01-19,100,23.45
2009-01-19,500,24.01
2009-01-19,1000,25.62
2009-01-19,1500,27.92
2009-01-19,2000,29.61
2009-01-19,2500,29.9
2009-02-10,100,12.73
2009-02-10,500,12.89
2009-02-10,1000,12.88
2009-02-10,1500,13.37
2009-02-10,2000,16.06
2009-02-10,2500,17.5
2009-03-02,100,2.92
2009-03-02,500,2.89
2009-03-02,1000,3.24
2009-03-02,1500,9.07
2009-03-02,2000,14.46
2009-03-02,2500,15.86
2009-04-24,100,5.14
2009-04-24,500,5.53
2009-04-24,1000,5.62
2009-04-24,1500,5.44
2009-04-24,2000,11.33
2009-04-24,2500,44.23
2009-05-20,100,7.26
2009-05-20,500,7.13
2009-05-20,1000,7.44
2009-05-20,1500,13.35
2009-05-20,2000,19.84
2009-05-20,2500,31.02
2009-06-23,100,6.02
2009-06-23,500,6.07
2009-06-23,1000,6.24
2009-06-23,1500,13.99
2009-06-23,2000,27.8
2009-06-23,2500,38.85
2009-07-14,100,2.6
2009-07-14,500,2.13
2009-07-14,1000,2.41
2009-07-14,1500,12.78
2009-07-14,2000,36.6
2009-07-14,2500,71.56
2009-08-20,100,0.5
2009-08-20,500,0.41
2009-08-20,1000,11.75
2009-08-20,1500,37.09
2009-08-20,2000,39.63
2009-08-20,2500,46.07
2009-09-15,100,6.72
2009-09-15,500,6.82
2009-09-15,1000,6.78
2009-09-15,1500,7.07
2009-09-15,2000,56.21
2009-09-15,2500,66.52
2009-10-19,100,14.44
2009-10-19,500,14.56
2009-10-19,1000,14.61
2009-10-19,1500,13.75
2009-10-19,2000,13.98
2009-10-19,2500,18.25
2009-11-04,0,
2009-12-15,100,4.57
2009-12-15,500,4.31
2009-12-15,1000,6.4
2009-12-15,1500,10.19
2009-12-15,2000,14.95
2009-12-15,2500,22.05
2010-01-19,100,10.45
2010-01-19,500,10.21
2010-01-19,1000,10.22
2010-01-19,1500,10.43
2010-01-19,2000,16.53
2010-01-19,2500,28.74
2010-02-11,0,
2010-03-19,100,0.09
2010-03-19,500,0.08
2010-03-19,1000,0.4
2010-03-19,1500,3.35
2010-03-19,2000,6.22
2010-03-19,2500,5.46
2010-04-26,100,0.45
2010-04-26,500,0.14
2010-04-26,1000,0.03
2010-04-26,1500,3.46
2010-04-26,2000,12.25
2010-04-26,2500,14.67
2010-05-19,100,0.08
2010-05-19,500,0.01
2010-05-19,1000,0.02
2010-05-19,1500,1.73
2010-05-19,2000,22.51
2010-05-19,2500,36.62
2010-06-02,100,0.65
2010-06-02,500,0.44
2010-06-02,1000,0.01
2010-06-02,1500,1.83
2010-06-02,2000,12.08
2010-06-02,2500,58.67
2010-07-01,100,1.48
2010-07-01,500,1.38
2010-07-01,1000,0.07
2010-07-01,1500,2.87
2010-07-01,2000,21.1
2010-07-01,2500,75.48
2010-08-10,100,0.07
2010-08-10,500,0.03
2010-08-10,1000,2.44
2010-08-10,1500,11.91
2010-08-10,2000,40.21
2010-08-10,2500,51.75
2010-09-21,100,5.29
2010-09-21,500,6.41
2010-09-21,1000,10.3
2010-09-21,1500,19.84
2010-09-21,2000,54.97
2010-09-21,2500,65.72
2010-10-13,100,1.28
2010-10-13,500,0.85
2010-10-13,1000,0.32
2010-10-13,1500,1.54
2010-10-13,2000,14.55
2010-10-13,2500,49.92
2010-11-16,100,11.43
2010-11-16,500,12.25
2010-11-16,1000,14.66
2010-11-16,1500,14.91
2010-11-16,2000,12.96
2010-11-16,2500,13.45
2010-12-03,0,
2011-01-19,0,
2011-02-18,100,15.73
2011-02-18,500,15.77
2011-02-18,1000,15.9
2011-02-18,1500,15.82
2011-02-18,2000,14.45
2011-02-18,2500,14.13
2011-03-08,100,14.73
2011-03-08,500,14.81
2011-03-08,1000,15.35
2011-03-08,1500,16.09
2011-03-08,2000,17.81
2011-03-08,2500,21.02
2011-04-19,100,11.98
2011-04-19,500,12.34
2011-04-19,1000,15.06
2011-04-19,1500,13.87
2011-04-19,2000,13.72
2011-04-19,2500,12.14
2011-05-13,100,5.2
2011-05-13,500,5.4
2011-05-13,1000,5.68
2011-05-13,1500,7.54
2011-05-13,2000,15.08
2011-05-13,2500,18.38
2011-06-21,100,1.09
2011-06-21,500,1.04
2011-06-21,1000,3.67
2011-06-21,1500,11.78
2011-06-21,2000,24.85
2011-06-21,2500,26.65
2011-07-25,100,0.12
2011-07-25,500,1.77
2011-07-25,1000,8.44
2011-07-25,1500,14.43
2011-07-25,2000,17.19
2011-07-25,2500,23.6
2011-08-01,100,2.61
2011-08-01,500,2.6
2011-08-01,1000,3.63
2011-08-01,1500,9.0
2011-08-01,2000,25.33
2011-08-01,2500,29.87
2011-08-01,900,
2011-08-01,2800,
2011-09-21,100,26.53
2011-09-21,500,26.41
2011-09-21,1000,29.63
2011-09-21,1500,23.18
2011-09-21,2000,29.56
2011-09-21,2500,28.21
2011-09-21,2750,
2011-10-13,0,
2011-10-18,0,
2011-10-21,0,
2011-11-08,100,16.42
2011-11-08,500,16.45
2011-11-08,1000,16.38
2011-11-08,1500,16.18
2011-11-08,2000,16.02
2011-11-08,2500,45.05
2011-11-08,2700,
2011-12-09,0,
2012-01-11,100,21.06
2012-01-11,500,21.1
2012-01-11,1000,21.67
2012-01-11,1500,22.58
2012-01-11,2000,27.43
2012-01-11,2500,29.8
2012-01-11,2700,
2012-02-13,0,
2012-03-13,100,0.25
2012-03-13,500,0.12
2012-03-13,1000,0.29
2012-03-13,1500,0.33
2012-03-13,2000,13.22
2012-03-13,2500,21.82
2012-04-10,100,
2012-04-10,500,
2012-04-10,1000,
2012-04-10,1500,
2012-04-10,2000,
2012-04-10,2500,
2012-05-14,100,3.02
2012-05-14,500,
2012-05-14,1000,2.62
2012-05-14,1500,5.47
2012-05-14,2000,14.8
2012-05-14,2500,16.57
2012-06-26,100,5.16
2012-06-26,500,5.32
2012-06-26,1000,5.54
2012-06-26,1500,9.68
2012-06-26,2000,
2012-06-26,2500,34.81
2012-07-16,100,4.07
2012-07-16,500,4.93
2012-07-16,1000,6.65
2012-07-16,1500,15.42
2012-07-16,2000,42.74
2012-07-16,2500,46.27
2012-08-07,100,4.5
2012-08-07,500,
2012-08-07,1000,14.17
2012-08-07,1500,16.87
2012-08-07,2000,
2012-08-07,2500,39.41
2012-09-27,100,16.91
2012-09-27,500,17.8
2012-09-27,1000,29.1
2012-09-27,1500,32.52
2012-09-27,2000,34.41
2012-09-27,2500,39.92
2012-10-02,100,22.98
2012-10-02,500,23.69
2012-10-02,1000,26.66
2012-10-02,1500,28.35
2012-10-02,2000,48.98
2012-10-02,2500,44.32
2012-11-06,100,18.93
2012-11-06,500,18.72
2012-11-06,1000,19.6
2012-11-06,1500,24.23
2012-11-06,2000,44.12
2012-11-06,2500,49.32
2012-12-04,100,25.18
2012-12-04,500,27.72
2012-12-04,1000,33.84
2012-12-04,1500,40.34
2012-12-04,2000,45.01
2012-12-04,2500,35.32
2013-01-01,0,
2013-02-06,100,24.01
2013-02-06,500,23.63
2013-02-06,1000,23.26
2013-02-06,1500,23.92
2013-02-06,2000,27.9
2013-02-06,2500,30.37
2013-03-05,100,19.77
2013-03-05,500,19.49
2013-03-05,1000,20.73
2013-03-05,1500,21.8
2013-03-05,2000,24.4
2013-03-05,2500,25.81
2013-04-03,100,9.65
2013-04-03,500,10.86
2013-04-03,1000,10.67
2013-04-03,1500,13.09
2013-04-03,2000,15.5
2013-04-03,2500,16.73
2013-05-24,100,2.09
2013-05-24,500,1.75
2013-05-24,1000,2.27
2013-05-24,1500,2.96
2013-05-24,2000,11.26
2013-05-24,2500,25.89
2013-06-04,100,1.64
2013-06-04,500,1.61
2013-06-04,1000,1.57
2013-06-04,1500,1.71
2013-06-04,2000,6.86
2013-06-04,2500,25.17
2013-07-04,100,2.47
2013-07-04,500,2.11
2013-07-04,1000,10.2
2013-07-04,1500,13.98
2013-07-04,2000,18.12
2013-07-04,2500,20.58
2013-08-28,100,1.79
2013-08-28,500,3.53
2013-08-28,1000,4.68
2013-08-28,1500,6.74
2013-08-28,2000,20.27
2013-08-28,2500,45.58
2013-09-24,100,4.78
2013-09-24,500,5.09
2013-09-24,1000,6.32
2013-09-24,1500,8.27
2013-09-24,2000,21.42
2013-09-24,2500,46.79
2013-10-01,100,7.62
2013-10-01,500,9.18
2013-10-01,1000,10.73
2013-10-01,1500,29.3
2013-10-01,2000,40.97
2013-10-01,2500,58.98
2013-11-05,100,24.24
2013-11-05,500,24.55
2013-11-05,1000,24.05
2013-11-05,1500,19.42
2013-11-05,2000,17.52
2013-11-05,2500,17.6
2013-12-03,100,16.39
2013-12-03,500,16.57
2013-12-03,1000,16.93
2013-12-03,1500,22.02
2013-12-03,2000,30.24
2013-12-03,2500,32.69
2014-02-25,100,11.11
2014-02-25,500,12.15
2014-02-25,1000,14.53
2014-02-25,1500,16.47
2014-02-25,2000,20.03
2014-02-25,2500,15.59
2014-03-05,100,4.68
2014-03-05,500,13.31
2014-03-05,1000,15.33
2014-03-05,1500,11.78
2014-03-05,2000,12.88
2014-03-05,2500,14.6
2014-04-15,100,2.14
2014-04-15,500,2.19
2014-04-15,1000,2.48
2014-04-15,1500,2.52
2014-04-15,2000,2.64
2014-04-15,2500,10.04
2014-05-07,100,3.93
2014-05-07,500,3.62
2014-05-07,1000,4.68
2014-05-07,1500,7.2
2014-05-07,2000,14.14
2014-05-07,2500,20.79
2014-06-21,100,5.95
2014-06-21,500,5.3
2014-06-21,1000,4.48
2014-06-21,1500,5.98
2014-06-21,2000,18.67
2014-06-21,2500,31.64
2014-07-08,100,1.82
2014-07-08,500,1.93
2014-07-08,1000,3.82
2014-07-08,1500,5.42
2014-07-08,2000,14.08
2014-07-08,2500,23.19
2014-08-28,100,3.58
2014-08-28,500,7.92
2014-08-28,1000,27.17
2014-08-28,1500,13.01
2014-08-28,2000,16.89
2014-08-28,2500,23.38
2014-09-23,100,7.28
2014-09-23,500,7.34
2014-09-23,1000,7.33
2014-09-23,1500,7.35
2014-09-23,2000,8.13
2014-09-23,2500,54.52
2014-10-21,100,11.87
2014-10-21,500,12.23
2014-10-21,1000,13.83
2014-10-21,1500,14.96
2014-10-21,2000,20.31
2014-10-21,2500,64.91
2014-11-18,100,17.14
2014-11-18,500,20.72
2014-11-18,1000,20.94
2014-11-18,1500,21.03
2014-11-18,2000,22.08
2014-11-18,2500,25.81
2014-12-16,100,21.07
2014-12-16,500,21.38
2014-12-16,1000,21.61
2014-12-16,1500,21.98
2014-12-16,2000,21.87
2014-12-16,2500,19.29
2015-01-06,100,14.98
2015-01-06,500,14.97
2015-01-06,1000,15.84
2015-01-06,1500,16.86
2015-01-06,2000,17.61
2015-01-06,2500,17.7
2015-02-23,100,5.92
2015-02-23,500,6.09
2015-02-23,1000,11.13
2015-02-23,1500,15.51
2015-02-23,2000,18.26
2015-02-23,2500,18.15
2015-03-17,100,2.08
2015-03-17,500,2.12
2015-03-17,1000,2.34
2015-03-17,1500,2.9
2015-03-17,2000,7.47
2015-03-17,2500,11.87
2015-04-21,100,5.12
2015-04-21,500,2.75
2015-04-21,1000,3.11
2015-04-21,1500,5.17
2015-04-21,2000,12.92
2015-04-21,2500,19.85
2015-05-12,100,7.22
2015-05-12,500,7.28
2015-05-12,1000,7.87
2015-05-12,1500,8.38
2015-05-12,2000,17.1
2015-05-12,2500,21.2
2015-06-04,100,7.31
2015-06-04,500,8.93
2015-06-04,1000,14.32
2015-06-04,1500,17.0
2015-06-04,2000,26.2
2015-06-04,2500,31.6
2015-06-21,100,4.84
2015-06-21,500,5.03
2015-06-21,1000,4.69
2015-06-21,1500,3.59
2015-06-21,2000,13.92
2015-06-21,2500,30.83
2015-07-14,100,3.71
2015-07-14,500,3.84
2015-07-14,1000,4.42
2015-07-14,1500,7.97
2015-07-14,2000,12.06
2015-07-14,2500,29.62
2015-08-04,100,0.37
2015-08-04,500,0.42
2015-08-04,1000,1.26
2015-08-04,1500,20.24
2015-08-04,2000,36.45
2015-08-04,2500,39.66
2015-09-10,100,3.57
2015-09-10,500,1.75
2015-09-10,1000,1.69
2015-09-10,1500,4.57
2015-09-10,2000,35.67
2015-09-10,2500,44.51
2015-10-15,0,
2015-11-05,100,5.26
2015-11-05,500,5.33
2015-11-05,1000,5.29
2015-11-05,1500,7.57
2015-11-05,2000,30.68
2015-11-05,2500,50.6
2015-12-08,100,13.58
2015-12-08,500,13.93
2015-12-08,1000,14.87
2015-12-08,1500,15.41
2015-12-08,2000,14.61
2015-12-08,2500,13.74
2016-01-05,0,
2016-02-09,0,
2016-03-08,100,
2016-03-08,2640,
2016-03-08,500,0.37
2016-03-08,1000,5.81
2016-03-08,1500,13.85
2016-03-08,2000,17.01
2016-03-08,2500,17.87
2016-04-12,100,1.15
2016-04-12,500,0.63
2016-04-12,1000,0.34
2016-04-12,1500,0.38
2016-04-12,2000,6.79
2016-04-12,2500,12.41
2016-05-03,100,1.65
2016-05-03,500,2.29
2016-05-03,1000,3.92
2016-05-03,1500,7.46
2016-05-03,2000,8.72
2016-05-03,2500,10.42
2016-06-01,100,2.74
2016-06-01,500,2.54
2016-06-01,1000,0.81
2016-06-01,1500,0.99
2016-06-01,2000,6.91
2016-06-01,2500,19.72
2016-06-21,0,
2016-07-05,100,0.29
2016-07-05,500,0.57
2016-07-05,1000,2.61
2016-07-05,1500,8.0
2016-07-05,2000,18.66
2016-07-05,2500,19.94
2016-08-03,100,0.12
2016-08-03,500,0.24
2016-08-03,1000,0.26
2016-08-03,1500,2.1
2016-08-03,2000,13.38
2016-08-03,2500,20.88
2016-09-21,100,3.44
2016-09-21,500,2.15
2016-09-21,1000,2.34
2016-09-21,1500,2.04
2016-09-21,2000,4.74
2016-09-21,2500,54.41
2016-10-19,100,3.63
2016-10-19,500,2.78
2016-10-19,1000,3.83
2016-10-19,1500,8.12
2016-10-19,2000,18.67
2016-10-19,2500,65.99
2016-11-08,100,1.55
2016-11-08,500,1.56
2016-11-08,1000,1.67
2016-11-08,1500,1.6
2016-11-08,2000,2.49
2016-11-08,2500,57.09
2016-12-06,100,1.2
2016-12-06,500,1.15
2016-12-06,1000,1.41
2016-12-06,1500,5.75
2016-12-06,2000,25.62
2016-12-06,2500,44.65
2017-01-10,100,4.28
2017-01-10,500,3.27
2017-01-10,1000,4.05
2017-01-10,1500,9.05
2017-01-10,2000,21.44
2017-01-10,2500,46.76
2017-02-21,0,
2017-03-13,100,4.42
2017-03-13,500,4.85
2017-03-13,1000,11.89
2017-03-13,1500,14.72
2017-03-13,2000,15.37
2017-03-13,2500,16.61
2017-04-10,100,3.97
2017-04-10,500,4.02
2017-04-10,1000,3.83
2017-04-10,1500,7.08
2017-04-10,2000,22.36
2017-04-10,2500,24.02
2017-05-03,0,
2017-06-21,100,6.62
2017-06-21,500,6.68
2017-06-21,1000,6.35
2017-06-21,1500,11.43
2017-06-21,2000,31.5
2017-06-21,2500,39.18
2017-07-17,100,6.42
2017-07-17,500,3.55
2017-07-17,1000,4.72
2017-07-17,1500,16.38
2017-07-17,2000,31.58
2017-07-17,2500,45.05
2017-08-01,100,1.89
2017-08-01,500,0.56
2017-08-01,1000,1.9
2017-08-01,1500,6.22
2017-08-01,2000,17.3
2017-08-01,2500,57.22
2017-09-12,100,28.74
2017-09-12,500,29.93
2017-09-12,1000,39.04
2017-09-12,1500,46.33
2017-09-12,2000,46.27
2017-09-12,2500,49.35
2017-10-24,100,
2017-10-24,2500,
2017-10-24,500,25.39
2017-10-24,1000,23.03
2017-10-24,1500,26.67
2017-10-24,2000,26.46
2017-11-09,100,
2017-11-09,2500,
2017-11-09,500,20.98
2017-11-09,1000,20.43
2017-11-09,1500,24.22
2017-11-09,2000,34.32
2017-12-19,100,13.22
2017-12-19,500,13.21
2017-12-19,1000,13.84
2017-12-19,1500,14.14
2017-12-19,2000,14.09
2017-12-19,2500,17.03
2018-01-10,100,14.93
2018-01-10,500,15.16
2018-01-10,1000,15.35
2018-01-10,1500,15.2
2018-01-10,2000,14.54
2018-01-10,2500,14.54
2018-02-20,100,16.66
2018-02-20,500,16.72
2018-02-20,1000,17.23
2018-02-20,1500,17.87
2018-02-20,2000,19.16
2018-02-20,2500,21.43
2018-03-26,100,3.45
2018-03-26,500,3.36
2018-03-26,1000,3.46
2018-03-26,1500,4.01
2018-03-26,2000,4.88
2018-03-26,2500,4.97
2018-04-18,100,0.65
2018-04-18,500,0.64
2018-04-18,1000,0.55
2018-04-18,1500,1.15
2018-04-18,2000,1.24
2018-04-18,2500,2.51
2018-05-08,100,1.07
2018-05-08,500,1.07
2018-05-08,1000,1.37
2018-05-08,1500,4.89
2018-05-08,2000,7.43
2018-05-08,2500,10.62
2018-06-21,100,3.38
2018-06-21,500,5.02
2018-06-21,1000,16.16
2018-06-21,1500,15.51
2018-06-21,2000,19.65
2018-06-21,2500,28.45
2018-07-12,0,
2018-08-01,100,0.04
2018-08-01,2500,49.02
2018-08-01,500,0.02
2018-08-01,1000,0.23
2018-08-01,1500,0.14
2018-08-01,2000,6.86
2018-09-20,100,5.59
2018-09-20,500,7.19
2018-09-20,1000,12.72
2018-09-20,1500,24.23
2018-09-20,2000,39.22
2018-09-20,2500,51.95
2018-09-20,1450,
2018-10-18,100,9.03
2018-10-18,500,10.96
2018-10-18,1000,9.52
2018-10-18,1500,16.48
2018-10-18,2000,15.72
2018-10-18,2500,16.55
2018-11-13,100,13.38
2018-11-13,500,13.84
2018-11-13,1000,16.0
2018-11-13,1500,17.86
2018-11-13,2000,21.55
2018-11-13,2500,26.04
2018-12-12,100,12.08
2018-12-12,500,12.69
2018-12-12,1000,12.15
2018-12-12,1500,12.55
2018-12-12,2000,14.54
2018-12-12,2500,19.09
2019-01-08,0,
2019-02-26,100,0.34
2019-02-26,500,1.77
2019-02-26,1000,6.75
2019-02-26,1500,9.64
2019-02-26,2000,16.27
2019-02-26,2500,20.57
2019-03-20,100,0.02
2019-03-20,500,0.02
2019-03-20,1000,0.45
2019-03-20,1500,4.51
2019-03-20,2000,9.68
2019-03-20,2500,10.65
2019-04-24,100,0.87
2019-04-24,500,0.82
2019-04-24,1000,0.63
2019-04-24,1500,0.09
2019-04-24,2000,2.07
2019-04-24,2500,27.29
2019-05-28,100,0.08
2019-05-28,500,0.02
2019-05-28,1000,0.63
2019-05-28,1500,11.92
2019-05-28,2000,29.32
2019-05-28,2500,45.94
2019-06-26,100,0.14
2019-06-26,500,0.38
2019-06-26,1000,1.29
2019-06-26,1500,3.65
2019-06-26,2000,35.41
2019-06-26,2500,52.73
2019-07-31,100,
2019-07-31,500,
2019-07-31,1000,
2019-07-31,1500,
2019-07-31,2000,
2019-07-31,2500,
2019-08-27,100,
2019-08-27,500,
2019-08-27,1000,
2019-08-27,1500,
2019-08-27,2000,
2019-08-27,2500,
1999-01-26,100,14.33
1999-01-26,500,13.96
1999-01-26,1000,15.96
1999-01-26,1500,17.9
1999-01-26,2000,19.05
1999-01-26,2500,23.94
1999-02-12,100,13.48
1999-02-12,500,13.53
1999-02-12,1000,13.93
1999-02-12,1500,14.15
1999-02-12,2000,17.1
1999-02-12,2500,20.42
1999-03-25,100,4.5
1999-03-25,500,4.2
1999-03-25,1000,1.48
1999-03-25,1500,0.6
1999-03-25,2000,0.34
1999-03-25,2500,18.52
1999-04-27,100,2.34
1999-04-27,500,2.28
1999-04-27,1000,1.26
1999-04-27,1500,4.37
1999-04-27,2000,9.13
1999-04-27,2500,15.82
1999-05-25,100,4.14
1999-05-25,500,4.14
1999-05-25,1000,3.48
1999-05-25,1500,4.04
1999-05-25,2000,6.22
1999-05-25,2500,40.5
1999-06-17,100,4.21
1999-06-17,500,4.06
1999-06-17,1000,3.71
1999-06-17,1500,4.08
1999-06-17,2000,26.65
1999-06-17,2500,33.5
1999-07-15,100,2.58
1999-07-15,500,2.55
1999-07-15,1000,1.43
1999-07-15,1500,0.59
1999-07-15,2000,22.28
1999-07-15,2500,48.89
1999-08-17,100,4.86
1999-08-17,500,3.31
1999-08-17,1000,4.12
1999-08-17,1500,5.17
1999-08-17,2000,28.58
1999-08-17,2500,58.81
1999-09-17,100,7.11
1999-09-17,500,7.11
1999-09-17,1000,7.87
1999-09-17,1500,12.46
1999-09-17,2000,17.1
1999-09-17,2500,61.87
1999-10-18,100,5.44
1999-10-18,500,5.47
1999-10-18,1000,8.17
1999-10-18,1500,30.86
1999-10-18,2000,25.83
1999-10-18,2500,31.39
1999-11-16,100,3.93
1999-11-16,500,3.91
1999-11-16,1000,4.12
1999-11-16,1500,4.39
1999-11-16,2000,10.49
1999-11-16,2500,33.17
1999-12-15,100,15.88
1999-12-15,500,15.88
1999-12-15,1000,15.95
1999-12-15,1500,16.0
1999-12-15,2000,15.98
1999-12-15,2500,16.78
2000-01-18,100,18.8
2000-01-18,500,18.81
2000-01-18,1000,18.54
2000-01-18,1500,18.44
2000-01-18,2000,18.38
2000-01-18,2500,18.4
2000-02-08,100,19.45
2000-02-08,500,19.64
2000-02-08,1000,19.67
2000-02-08,1500,19.76
2000-02-08,2000,20.08
2000-02-08,2500,20.21
2000-03-15,100,17.08
2000-03-15,500,17.28
2000-03-15,1000,17.24
2000-03-15,1500,17.16
2000-03-15,2000,17.88
2000-03-15,2500,17.3
2000-04-17,100,2.46
2000-04-17,500,2.28
2000-04-17,1000,1.9
2000-04-17,1500,3.09
2000-04-17,2000,5.48
2000-04-17,2500,7.38
2000-05-17,100,1.91
2000-05-17,500,1.8
2000-05-17,1000,1.54
2000-05-17,1500,1.63
2000-05-17,2000,14.75
2000-05-17,2500,24.55
2000-06-28,100,3.63
2000-06-28,500,3.64
2000-06-28,1000,3.95
2000-06-28,1500,8.51
2000-06-28,2000,16.3
2000-06-28,2500,32.6
2000-07-12,100,1.8
2000-07-12,500,2.58
2000-07-12,1000,17.39
2000-07-12,1500,24.23
2000-07-12,2000,30.43
2000-07-12,2500,44.3
2000-08-08,100,3.92
2000-08-08,500,3.46
2000-08-08,1000,2.9
2000-08-08,1500,8.44
2000-08-08,2000,28.25
2000-08-08,2500,50.88
2000-09-27,100,16.12
2000-09-27,500,16.22
2000-09-27,1000,15.65
2000-09-27,1500,17.72
2000-09-27,2000,19.55
2000-09-27,2500,54.66
2000-10-24,100,17.99
2000-10-24,500,18.03
2000-10-24,1000,18.27
2000-10-24,1500,20.31
2000-10-24,2000,37.64
2000-10-24,2500,65.41
2000-11-28,100,16.48
2000-11-28,500,16.51
2000-11-28,1000,16.27
2000-11-28,1500,15.86
2000-11-28,2000,17.07
2000-11-28,2500,47.83
2000-12-18,100,12.42
2000-12-18,500,12.46
2000-12-18,1000,16.32
2000-12-18,1500,19.41
2000-12-18,2000,20.66
2000-12-18,2500,25.87
2001-01-16,100,12.34
2001-01-16,500,12.4
2001-01-16,1000,11.31
2001-01-16,1500,11.27
2001-01-16,2000,22.05
2001-01-16,2500,31.34
2001-02-15,100,12.22
2001-02-15,500,12.38
2001-02-15,1000,12.66
2001-02-15,1500,13.35
2001-02-15,2000,15.83
2001-02-15,2500,21.54
2001-03-13,100,3.95
2001-03-13,500,4.28
2001-03-13,1000,4.54
2001-03-13,1500,12.1
2001-03-13,2000,20.47
2001-03-13,2500,21.04
2001-04-18,100,0.43
2001-04-18,500,0.53
2001-04-18,1000,0.46
2001-04-18,1500,0.5
2001-04-18,2000,1.64
2001-04-18,2500,16.33
2001-05-31,100,2.28
2001-05-31,500,2.27
2001-05-31,1000,3.09
2001-05-31,1500,7.16
2001-05-31,2000,25.4
2001-05-31,2500,34.0
2001-06-28,100,0.18
2001-06-28,500,0.15
2001-06-28,1000,0.26
2001-06-28,1500,17.01
2001-06-28,2000,19.92
2001-06-28,2500,42.94
2001-07-11,100,0.37
2001-07-11,500,0.31
2001-07-11,1000,0.29
2001-07-11,1500,0.37
2001-07-11,2000,11.79
2001-07-11,2500,50.53
2001-08-09,100,41.41
2001-08-09,500,34.29
2001-08-09,1000,21.94
2001-08-09,1500,16.8
2001-08-09,2000,7.9
2001-08-09,2500,7.95
2001-09-10,100,0.84
2001-09-10,500,0.77
2001-09-10,1000,0.77
2001-09-10,1500,1.01
2001-09-10,2000,22.53
2001-09-10,2500,68.38
2001-10-16,100,0.43
2001-10-16,500,0.5
2001-10-16,1000,0.38
2001-10-16,1500,0.48
2001-10-16,2000,10.87
2001-10-16,2500,81.04
2001-11-06,100,82.25
2001-11-06,500,30.77
2001-11-06,1000,11.91
2001-11-06,1500,10.92
2001-11-06,2000,10.75
2001-11-06,2500,10.65
2001-12-13,100,39.13
2001-12-13,500,21.83
2001-12-13,1000,11.0
2001-12-13,1500,10.9
2001-12-13,2000,10.75
2001-12-13,2500,10.77
2002-01-08,100,15.43
2002-01-08,500,15.56
2002-01-08,1000,15.56
2002-01-08,1500,17.92
2002-01-08,2000,25.8
2002-01-08,2500,45.37
2002-02-21,100,17.51
2002-02-21,500,17.58
2002-02-21,1000,17.71
2002-02-21,1500,17.82
2002-02-21,2000,17.82
2002-02-21,2500,20.67
2002-03-11,100,16.17
2002-03-11,500,16.22
2002-03-11,1000,15.98
2002-03-11,1500,16.04
2002-03-11,2000,16.07
2002-03-11,2500,16.85
2002-04-10,100,0.58
2002-04-10,500,0.65
2002-04-10,1000,0.61
2002-04-10,1500,0.7
2002-04-10,2000,0.75
2002-04-10,2500,10.31
2002-05-21,100,3.04
2002-05-21,500,3.23
2002-05-21,1000,3.53
2002-05-21,1500,6.09
2002-05-21,2000,27.31
2002-05-21,2500,38.11
2002-06-18,100,5.22
2002-06-18,500,5.39
2002-06-18,1000,5.7
2002-06-18,1500,16.21
2002-06-18,2000,37.11
2002-06-18,2500,40.03
2002-07-09,100,5.16
2002-07-09,500,13.89
2002-07-09,1000,5.66
2002-07-09,1500,8.59
2002-07-09,2000,22.91
2002-07-09,2500,33.15
2002-08-20,100,1.33
2002-08-20,500,1.37
2002-08-20,1000,1.38
2002-08-20,1500,5.06
2002-08-20,2000,38.08
2002-08-20,2500,70.92
2002-09-17,100,6.52
2002-09-17,500,6.09
2002-09-17,1000,6.45
2002-09-17,1500,7.72
2002-09-17,2000,50.06
2002-09-17,2500,93.01
2002-10-15,100,12.1
2002-10-15,500,12.17
2002-10-15,1000,15.06
2002-10-15,1500,23.38
2002-10-15,2000,44.33
2002-10-15,2500,68.2
2002-11-19,100,13.78
2002-11-19,500,14.31
2002-11-19,1000,14.06
2002-11-19,1500,14.38
2002-11-19,2000,33.29
2002-11-19,2500,35.13
2002-12-17,100,15.64
2002-12-17,500,15.58
2002-12-17,1000,15.35
2002-12-17,1500,15.6
2002-12-17,2000,15.92
2002-12-17,2500,15.7
2003-01-23,100,18.82
2003-01-23,500,16.91
2003-01-23,1000,14.23
2003-01-23,1500,13.54
2003-01-23,2000,12.4
2003-01-23,2500,13.37
2003-02-18,100,0.9
2003-02-18,500,1.03
2003-02-18,1000,1.47
2003-02-18,1500,10.39
2003-02-18,2000,15.66
2003-02-18,2500,18.82
2003-03-11,100,0.64
2003-03-11,500,0.8
2003-03-11,1000,0.88
2003-03-11,1500,0.96
2003-03-11,2000,3.17
2003-03-11,2500,15.17
2003-04-24,100,2.39
2003-04-24,500,2.51
2003-04-24,1000,2.65
2003-04-24,1500,3.36
2003-04-24,2000,9.36
2003-04-24,2500,18.21
2003-05-13,100,2.78
2003-05-13,500,2.89
2003-05-13,1000,3.05
2003-05-13,1500,5.01
2003-05-13,2000,19.23
2003-05-13,2500,27.51
2003-06-17,100,3.56
2003-06-17,500,3.76
2003-06-17,1000,4.62
2003-06-17,1500,12.03
2003-06-17,2000,21.34
2003-06-17,2500,25.81
2003-07-15,100,1.2
2003-07-15,500,1.26
2003-07-15,1000,0.76
2003-07-15,1500,5.02
2003-07-15,2000,23.88
2003-07-15,2500,28.03
2003-08-13,100,0.64
2003-08-13,500,0.8
2003-08-13,1000,1.15
2003-08-13,1500,1.08
2003-08-13,2000,7.29
2003-08-13,2500,40.27
2003-09-08,100,2.11
2003-09-08,500,1.97
2003-09-08,1000,6.34
2003-09-08,1500,23.99
2003-09-08,2000,34.37
2003-09-08,2500,58.28
2003-10-14,100,7.98
2003-10-14,500,8.1
2003-10-14,1000,8.42
2003-10-14,1500,11.67
2003-10-14,2000,51.92
2003-10-14,2500,82.15
2003-11-12,100,14.53
2003-11-12,500,15.63
2003-11-12,1000,16.13
2003-11-12,1500,19.18
2003-11-12,2000,37.42
2003-11-12,2500,39.17
2003-12-04,100,10.21
2003-12-04,500,10.4
2003-12-04,1000,15.57
2003-12-04,1500,17.47
2003-12-04,2000,23.66
2003-12-04,2500,56.78
2004-01-20,100,11.71
2004-01-20,500,11.88
2004-01-20,1000,12.11
2004-01-20,1500,12.5
2004-01-20,2000,13.56
2004-01-20,2500,18.45
2004-02-18,100,4.93
2004-02-18,500,5.08
2004-02-18,1000,5.4
2004-02-18,1500,6.33
2004-02-18,2000,15.13
2004-02-18,2500,17.65
2004-03-16,100,0.46
2004-03-16,500,0.67
2004-03-16,1000,0.87
2004-03-16,1500,0.97
2004-03-16,2000,6.98
2004-03-16,2500,13.1
2004-04-15,100,1.94
2004-04-15,500,1.63
2004-04-15,1000,1.04
2004-04-15,1500,1.07
2004-04-15,2000,1.3
2004-04-15,2500,10.46
2004-05-11,100,1.62
2004-05-11,500,1.83
2004-05-11,1000,1.48
2004-05-11,1500,2.47
2004-05-11,2000,7.01
2004-05-11,2500,27.33
2004-06-21,100,2.11
2004-06-21,500,2.37
2004-06-21,1000,8.21
2004-06-21,1500,13.54
2004-06-21,2000,25.15
2004-06-21,2500,30.77
2004-07-13,100,1.28
2004-07-13,500,1.28
2004-07-13,1000,2.94
2004-07-13,1500,5.36
2004-07-13,2000,26.26
2004-07-13,2500,34.23
2004-08-10,100,0.35
2004-08-10,500,0.68
2004-08-10,1000,1.41
2004-08-10,1500,2.29
2004-08-10,2000,11.72
2004-08-10,2500,58.42
2004-09-13,100,25.77
2004-09-13,500,26.22
2004-09-13,1000,26.7
2004-09-13,1500,35.56
2004-09-13,2000,37.9
2004-09-13,2500,40.16
2004-10-13,100,10.9
2004-10-13,500,11.33
2004-10-13,1000,19.54
2004-10-13,1500,23.26
2004-10-13,2000,25.03
2004-10-13,2500,22.15
2004-11-09,100,7.98
2004-11-09,500,8.23
2004-11-09,1000,9.48
2004-11-09,1500,11.94
2004-11-09,2000,16.73
2004-11-09,2500,51.36
2004-12-15,100,4.29
2004-12-15,500,4.4
2004-12-15,1000,4.42
2004-12-15,1500,4.55
2004-12-15,2000,4.76
2004-12-15,2500,27.46
2005-01-18,100,11.24
2005-01-18,500,11.36
2005-01-18,1000,11.4
2005-01-18,1500,12.48
2005-01-18,2000,12.07
2005-01-18,2500,12.2
2005-02-22,100,9.6
2005-02-22,500,9.61
2005-02-22,1000,10.08
2005-02-22,1500,10.61
2005-02-22,2000,13.21
2005-02-22,2500,16.95
2005-03-29,100,0.38
2005-03-29,500,1.04
2005-03-29,1000,1.78
2005-03-29,1500,2.18
2005-03-29,2000,2.37
2005-03-29,2500,23.1
2005-04-26,100,1.11
2005-04-26,500,1.12
2005-04-26,1000,1.21
2005-04-26,1500,1.24
2005-04-26,2000,12.77
2005-04-26,2500,19.06
2005-05-20,100,2.6
2005-05-20,500,3.55
2005-05-20,1000,17.84
2005-05-20,1500,13.6
2005-05-20,2000,20.06
2005-05-20,2500,24.62
2005-06-21,100,3.35
2005-06-21,500,4.13
2005-06-21,1000,9.9
2005-06-21,1500,18.51
2005-06-21,2000,27.78
2005-06-21,2500,33.39
2005-07-28,100,0.86
2005-07-28,500,1.0
2005-07-28,1000,3.71
2005-07-28,1500,26.45
2005-07-28,2000,72.65
2005-07-28,2500,45.65
2005-08-11,100,1.73
2005-08-11,500,1.81
2005-08-11,1000,3.8
2005-08-11,1500,19.88
2005-08-11,2000,52.88
2005-08-11,2500,72.4
2005-09-14,100,3.69
2005-09-14,500,3.64
2005-09-14,1000,2.89
2005-09-14,1500,9.86
2005-09-14,2000,27.41
2005-09-14,2500,69.69
2005-10-26,100,12.33
2005-10-26,500,12.82
2005-10-26,1000,13.65
2005-10-26,1500,13.88
2005-10-26,2000,37.4
2005-10-26,2500,91.95
2005-11-15,100,28.15
2005-11-15,500,27.82
2005-11-15,1000,29.59
2005-11-15,1500,29.31
2005-11-15,2000,28.51
2005-11-15,2500,22.3
2005-12-13,100,11.3
2005-12-13,500,11.03
2005-12-13,1000,11.84
2005-12-13,1500,11.64
2005-12-13,2000,17.26
2005-12-13,2500,33.34
2006-01-17,100,35.86
2006-01-17,500,20.5
2006-01-17,1000,13.92
2006-01-17,1500,11.14
2006-01-17,2000,9.78
2006-01-17,2500,9.82
2006-02-14,100,3.71
2006-02-14,500,4.58
2006-02-14,1000,7.98
2006-02-14,1500,10.72
2006-02-14,2000,13.97
2006-02-14,2500,19.94
2006-03-14,100,1.39
2006-03-14,500,1.57
2006-03-14,1000,1.73
2006-03-14,1500,1.73
2006-03-14,2000,1.9
2006-03-14,2500,5.7
2006-04-21,100,4.03
2006-04-21,500,4.66
2006-04-21,1000,9.4
2006-04-21,1500,9.2
2006-04-21,2000,11.76
2006-04-21,2500,23.85
2006-05-17,100,5.76
2006-05-17,500,5.26
2006-05-17,1000,3.78
2006-05-17,1500,4.43
2006-05-17,2000,21.7
2006-05-17,2500,63.2
2006-06-21,100,4.28
2006-06-21,500,4.22
2006-06-21,1000,4.22
2006-06-21,1500,6.0
2006-06-21,2000,29.72
2006-06-21,2500,31.55
2006-07-27,100,4.51
2006-07-27,500,4.32
2006-07-27,1000,3.74
2006-07-27,1500,20.47
2006-07-27,2000,33.02
2006-07-27,2500,47.22
2006-08-17,100,7.03
2006-08-17,500,5.87
2006-08-17,1000,8.62
2006-08-17,1500,23.65
2006-08-17,2000,15.88
2006-08-17,2500,45.5
2006-09-20,100,7.24
2006-09-20,500,7.02
2006-09-20,1000,7.1
2006-09-20,1500,8.4
2006-09-20,2000,50.66
2006-09-20,2500,54.25
2006-10-11,100,
2006-10-11,500,
2006-10-11,1000,
2006-10-11,1500,
2006-10-11,2000,
2006-10-11,2500,
2006-11-14,100,14.22
2006-11-14,500,14.84
2006-11-14,1000,14.7
2006-11-14,1500,15.45
2006-11-14,2000,26.95
2006-11-14,2500,54.99
2006-12-12,100,12.52
2006-12-12,500,12.42
2006-12-12,1000,13.41
2006-12-12,1500,14.08
2006-12-12,2000,15.82
2006-12-12,2500,16.82
2007-02-22,100,15.8
2007-02-22,500,15.3
2007-02-22,1000,16.62
2007-02-22,1500,18.19
2007-02-22,2000,18.18
2007-02-22,2500,17.91
2007-03-15,100,13.41
2007-03-15,500,14.08
2007-03-15,1000,16.16
2007-03-15,1500,17.28
2007-03-15,2000,20.8
2007-03-15,2500,27.2
2007-04-05,100,13.6
2007-04-05,500,13.5
2007-04-05,1000,13.47
2007-04-05,1500,13.16
2007-04-05,2000,19.87
2007-04-05,2500,17.21
2007-05-04,100,0.0
2007-05-04,500,0.0
2007-05-04,1000,1.19
2007-05-04,1500,12.03
2007-05-04,2000,24.84
2007-05-04,2500,9.07
2007-05-14,100,1.02
2007-05-14,500,1.16
2007-05-14,1000,7.01
2007-05-14,1500,15.36
2007-05-14,2000,33.03
2007-05-14,2500,33.36
2007-06-14,100,4.94
2007-06-14,500,4.91
2007-06-14,1000,3.79
2007-06-14,1500,4.27
2007-06-14,2000,16.56
2007-06-14,2500,76.47
2007-07-12,100,4.18
2007-07-12,500,4.51
2007-07-12,1000,16.02
2007-07-12,1500,28.61
2007-07-12,2000,37.71
2007-07-12,2500,55.86
2007-08-16,100,8.0
2007-08-16,500,7.69
2007-08-16,1000,20.67
2007-08-16,1500,25.61
2007-08-16,2000,30.24
2007-08-16,2500,43.44
2007-09-12,100,10.26
2007-09-12,500,10.04
2007-09-12,1000,10.2
2007-09-12,1500,11.37
2007-09-12,2000,46.22
2007-09-12,2500,69.45
2007-10-16,100,13.41
2007-10-16,500,13.46
2007-10-16,1000,13.45
2007-10-16,1500,18.84
2007-10-16,2000,38.66
2007-10-16,2500,47.45
2007-11-13,100,19.19
2007-11-13,500,19.35
2007-11-13,1000,19.7
2007-11-13,1500,22.12
2007-11-13,2000,30.78
2007-11-13,2500,53.36
2007-12-11,100,22.88
2007-12-11,500,22.53
2007-12-11,1000,22.33
2007-12-11,1500,21.86
2007-12-11,2000,24.31
2007-12-11,2500,26.54
2008-01-17,100,29.45
2008-01-17,500,31.2
2008-01-17,1000,32.88
2008-01-17,1500,34.97
2008-01-17,2000,36.77
2008-01-17,2500,37.49
2008-02-19,100,14.75
2008-02-19,500,14.75
2008-02-19,1000,15.6
2008-02-19,1500,14.8
2008-02-19,2000,18.99
2008-02-19,2500,20.62
2008-03-01,0,
2008-04-16,100,6.66
2008-04-16,500,6.0
2008-04-16,1000,2.87
2008-04-16,1500,1.12
2008-04-16,2000,0.11
2008-04-16,2500,13.29
2008-05-20,100,6.7
2008-05-20,500,6.69
2008-05-20,1000,7.06
2008-05-20,1500,5.62
2008-05-20,2000,18.99
2008-05-20,2500,35.7
2008-06-24,100,6.94
2008-06-24,500,7.74
2008-06-24,1000,7.76
2008-06-24,1500,14.91
2008-06-24,2000,25.19
2008-06-24,2500,35.96
2008-07-09,100,6.63
2008-07-09,500,9.06
2008-07-09,1000,10.04
2008-07-09,1500,8.84
2008-07-09,2000,21.01
2008-07-09,2500,35.02
2008-08-19,100,4.69
2008-08-19,500,4.66
2008-08-19,1000,8.51
2008-08-19,1500,16.15
2008-08-19,2000,32.98
2008-08-19,2500,55.6
2008-09-15,100,8.46
2008-09-15,500,8.0
2008-09-15,1000,6.55
2008-09-15,1500,7.2
2008-09-15,2000,35.63
2008-09-15,2500,61.63
2008-09-16,100,8.0
2008-09-16,500,8.23
2008-09-16,1000,8.38
2008-09-16,1500,8.25
2008-09-16,2000,40.23
2008-09-16,2500,62.26
2008-09-17,100,7.88
2008-09-17,500,7.79
2008-09-17,1000,7.82
2008-09-17,1500,7.05
2008-09-17,2000,24.92
2008-09-17,2500,65.07
2008-09-18,100,6.49
2008-09-18,500,7.14
2008-09-18,1000,7.52
2008-09-18,1500,7.1
2008-09-18,2000,35.71
2008-09-18,2500,65.8
2008-10-27,100,23.23
2008-10-27,500,22.24
2008-10-27,1000,24.83
2008-10-27,1500,23.66
2008-10-27,2000,18.02
2008-10-27,2500,16.66
2008-11-17,100,21.01
2008-11-17,500,21.68
2008-11-17,1000,22.75
2008-11-17,1500,27.99
2008-11-17,2000,29.81
2008-11-17,2500,30.6
2008-12-08,100,
2008-12-08,500,
2008-12-08,1000,
2008-12-08,1500,
2008-12-08,2000,
2008-12-08,2500,
2019-10-29,100,2.1
2019-10-29,500,2.2
2019-10-29,1000,2.38
2019-10-29,1500,12.74
2019-10-29,2000,28.81
2019-10-29,2500,45.45
2019-11-19,100,9.18
2019-11-19,500,12.53
2019-11-19,1000,13.78
2019-11-19,1500,16.35
2019-11-19,2000,40.28
2019-11-19,2500,46.06
2019-12-10,100,10.41
2019-12-10,500,13.43
2019-12-10,1000,16.32
2019-12-10,1500,19.1
2019-12-10,2000,18.42
2019-12-10,2500,17.84
2020-01-07,100,13.88
2020-01-07,500,14.39
2020-01-07,1000,14.56
2020-01-07,1500,18.86
2020-01-07,2000,25.26
2020-01-07,2500,27.25
2020-03-03,100,1.27
2020-03-03,500,1.67
2020-03-03,1000,1.79
2020-03-03,1500,2.15
2020-03-03,2000,4.05
2020-03-03,2500,8.14
2020-04-28,100,
2020-04-28,500,
2020-04-28,1000,
2020-04-28,1500,
2020-04-28,2000,
2020-04-28,2500,
2020-05-19,100,
2020-05-19,500,
2020-05-19,1000,
2020-05-19,1500,
2020-05-19,2000,
2020-05-19,2500,
2020-06-09,100,
2020-06-09,500,
2020-06-09,1000,
2020-06-09,1500,
2020-06-09,2000,
2020-06-09,2500,
2020-07-01,100,
2020-07-01,500,
2020-07-01,1000,
2020-07-01,1500,
2020-07-01,2000,
2020-07-01,2500,
2020-07-30,100,
2020-07-30,500,
2020-07-30,1000,
2020-07-30,1500,
2020-07-30,2000,
2020-07-30,2500,
2020-08-24,100,
2020-08-24,500,
2020-08-24,1000,
2020-08-24,1500,
2020-08-24,2000,
2020-08-24,2500,
2020-09-15,100,
2020-09-15,500,
2020-09-15,1000,
2020-09-15,1500,
2020-09-15,2000,
2020-09-15,2500,
2021-02-17,100,
2021-02-17,500,
2021-02-17,1000,
2021-02-17,1500,
2021-02-17,2000,
2021-02-17,2500,
2021-03-16,100,
2021-03-16,500,
2021-03-16,1000,
2021-03-16,1500,
2021-03-16,2000,
2021-03-16,2500,
2021-04-07,100,
2021-04-07,500,
2021-04-07,1000,
2021-04-07,1500,
2021-04-07,2000,
2021-04-07,2500,
2021-05-26,100,
2021-05-26,500,
2021-05-26,1000,
2021-05-26,1500,
2021-05-26,2000,
2021-05-26,2500,
2021-06-09,100,
2021-06-09,500,
2021-06-09,1000,
2021-06-09,1500,
2021-06-09,2000,
2021-06-09,2500,
2021-07-21,2500,
2021-07-21,2000,
2021-07-21,1500,
2021-07-21,1000,
2021-07-21,500,
2021-07-21,100,
2021-08-21,100,
2021-08-21,500,
2021-08-21,1000,
2021-08-21,1500,
2021-08-21,2000,
2021-08-21,2500,
2021-09-01,100,
2021-09-01,500,
2021-09-01,1000,
2021-09-01,1500,
2021-09-01,2000,
2021-09-01,2500,
2021-10-06,100,
2021-10-06,500,
2021-10-06,1000,
2021-10-06,1500,
2021-10-06,2000,
2021-10-06,2500,
2021-11-03,100,
2021-11-03,500,
2021-11-03,1000,
2021-11-03,1500,
2021-11-03,2000,
2021-11-03,2500,
2022-02-02,100,
2022-02-02,500,
2022-02-02,1000,
2022-02-02,1500,
2022-02-02,2000,
2022-02-02,2500,
2022-03-02,100,
2022-03-02,500,
2022-03-02,1000,
2022-03-02,1500,
2022-03-02,2000,
2022-03-02,2500,
2022-04-12,100,
2022-04-12,500,
2022-04-12,1000,
2022-04-12,1500,
2022-04-12,2000,
2022-04-12,2500,
2022-05-03,100,
2022-05-03,500,
2022-05-03,1000,
2022-05-03,1500,
2022-05-03,2000,
2022-05-03,2500,
1999-06-18,100,
1999-06-18,500,
1999-06-18,1000,
1999-06-18,1500,
1999-06-18,2000,
1999-06-18,2500,
2012-05-14,0,
,0,
2019-12-10,0,
2020-10-16,100,
2020-10-16,500,
2020-10-16,1000,
2020-10-16,1500,
2020-10-16,2000,
2020-10-16,2500,
2021-07-20,100,
2021-07-20,500,
2021-07-20,1000,
2021-07-20,1500,
2021-07-20,2000,
2021-07-20,2500,
