DATE,DEPTH,TN
1979-03-12,100,46.7
1979-03-12,2700,26.5
1979-03-12,1000,23.5
1979-03-12,500,43.1
1979-03-12,1500,
1979-03-12,2000,44.9
1979-04-04,2000,
1979-04-04,2500,
1979-04-04,1500,
1979-04-04,100,
1979-04-04,1000,
1979-04-04,500,
1979-04-19,100,
1979-04-19,2000,
1979-04-19,1500,
1979-04-19,1000,
1979-04-19,500,
1979-04-19,2600,
1979-07-09,1500,18.8
1979-07-09,2000,18.4
1979-07-09,100,21.1
1979-07-09,1000,18.1
1979-07-09,500,18.8
1979-07-09,2600,22.6
1979-08-15,2600,22.8
1979-08-15,500,14.4
1979-08-15,1500,19.7
1979-08-15,100,13.4
1979-08-15,2000,19.2
1979-08-15,1000,15.5
1979-09-02,1000,22.0
1979-09-02,1500,16.5
1979-09-02,500,20.0
1979-09-02,2800,26.9
1979-09-02,2500,16.1
1979-09-02,2000,16.3
1979-10-01,2600,17.0
1979-10-01,1000,20.3
1979-10-01,2000,42.5
1979-10-01,500,21.7
1979-10-01,100,19.1
1979-10-01,1500,19.3
1979-11-22,2600,18.0
1979-11-22,1500,17.7
1979-11-22,100,18.3
1979-11-22,2000,18.0
1979-11-22,1000,17.4
1979-11-22,500,17.7
1980-01-28,2000,28.3
1980-01-28,100,27.3
1980-01-28,1000,27.0
1980-01-28,500,27.3
1980-01-28,2500,29.3
1980-01-28,1500,28.0
1980-02-11,100,57.8
1980-02-11,2800,66.4
1980-03-24,2500,24.0
1980-03-24,2000,22.0
1980-03-24,100,22.0
1980-03-24,1500,23.0
1980-03-24,500,24.0
1980-03-24,1000,23.0
1980-05-05,2800,38.6
1980-05-05,100,30.0
1980-05-06,2000,26.8
1980-05-06,2600,18.2
1980-05-06,100,21.3
1980-05-06,500,20.9
1980-05-06,1500,17.8
1980-05-06,1000,22.5
1980-07-21,1000,
1980-07-21,2000,
1980-07-21,500,
1980-07-21,2600,
1980-07-21,1500,
1980-07-21,100,
1980-09-05,500,36.2
1980-09-05,2000,36.8
1980-09-05,2500,29.6
1980-09-05,1000,42.0
1980-09-05,1500,18.4
1980-09-05,2800,37.1
1980-09-22,1000,16.1
1980-09-22,1500,19.5
1980-09-22,2000,20.5
1980-09-22,2600,24.5
1980-09-22,500,14.6
1980-09-22,100,17.1
1980-11-24,100,32.1
1980-11-24,2900,34.3
1980-11-28,1500,20.0
1980-11-28,2500,18.6
1980-11-28,500,19.1
1980-11-28,100,22.7
1980-11-28,2000,17.7
1980-11-28,1000,24.1
1981-01-07,1000,31.1
1981-01-07,100,28.1
1981-01-07,1500,27.0
1981-01-07,2500,25.5
1981-01-07,500,28.1
1981-01-07,2000,26.3
1981-02-23,1000,23.7
1981-02-23,2000,22.7
1981-02-23,500,24.1
1981-02-23,2600,22.9
1981-02-23,1500,23.7
1981-02-23,100,23.7
1981-04-13,100,3.5
1981-04-13,1500,5.8
1981-04-13,2500,23.1
1981-04-13,1000,3.3
1981-04-13,500,2.9
1981-04-13,2000,10.6
1981-07-01,2000,10.0
1981-07-01,1500,10.0
1981-07-01,2600,12.0
1981-07-01,100,3.0
1981-07-01,1000,3.0
1981-07-01,500,4.0
1981-10-05,500,20.0
1981-10-05,2000,24.0
1981-10-05,2600,43.0
1981-10-05,1000,20.0
1981-10-05,1500,15.0
1981-10-05,100,24.0
1982-01-05,2600,
1982-01-05,1500,
1982-01-05,1000,
1982-01-05,2000,
1982-01-05,500,
1982-01-05,100,
1982-02-05,100,35.7
1982-02-05,2600,40.0
1982-04-13,500,14.3
1982-04-13,2000,18.0
1982-04-13,2500,18.4
1982-04-13,100,13.5
1982-04-13,1000,10.5
1982-04-13,1500,9.0
1982-05-14,2800,47.9
1982-05-14,100,25.7
1982-08-12,1000,15.9
1982-08-12,500,20.7
1982-08-12,2400,14.6
1982-08-12,2800,26.8
1982-08-12,100,21.5
1982-08-12,1500,17.2
1982-08-12,2000,17.2
1982-08-24,1000,
1982-08-24,2000,
1982-08-24,1500,
1982-08-24,2500,
1982-08-24,500,
1982-08-24,100,
1982-10-11,1000,10.6
1982-10-11,2500,11.3
1982-10-11,1500,10.4
1982-10-11,100,11.5
1982-10-11,500,11.4
1982-10-11,2000,11.4
1982-12-01,1000,
1982-12-01,2500,
1982-12-01,100,
1982-12-01,2000,
1982-12-01,1500,
1982-12-01,500,
1982-12-20,2700,17.1
1982-12-20,100,17.1
1983-08-28,1000,21.0
1983-08-28,100,21.6
1983-08-28,2000,19.7
1983-08-28,2400,22.3
1983-08-28,1500,24.0
1983-08-28,2800,25.1
1983-08-28,500,20.4
1985-04-09,200,
1985-04-09,2000,
1985-04-09,300,
1985-04-09,1000,
1985-04-09,500,
1985-04-09,1500,
1985-04-09,100,
1986-01-07,1000,
1986-01-07,100,
1986-01-07,2500,
1986-01-07,500,
1986-01-07,2000,
1986-01-07,1500,
1986-02-11,2000,
1986-02-11,100,
1986-02-11,500,
1986-02-11,1000,
1986-02-11,2600,
1986-02-11,1500,
1986-03-11,2000,
1986-03-11,100,
1986-03-11,500,
1986-03-11,1500,
1986-03-11,2600,
1986-03-11,1000,
1986-04-07,2000,0.85
1986-04-07,100,1.65
1986-04-07,1000,1.6
1986-04-07,2500,0.0
1986-04-07,500,1.65
1986-04-07,1500,1.57
1986-05-22,1000,0.94
1986-05-22,1500,0.99
1986-05-22,500,1.35
1986-05-22,100,3.29
1986-05-22,2000,1.81
1986-05-22,2500,1.4
1986-06-09,1000,0.0
1986-06-09,100,1.22
1986-06-09,500,1.24
1986-06-09,2500,5.82
1986-06-09,2000,3.22
1986-06-09,1500,0.91
1986-07-21,2500,0.89
1986-07-21,100,1.76
1986-07-21,2000,1.3
1986-07-21,500,1.32
1986-07-21,1500,2.94
1986-07-21,1000,2.72
1986-08-07,100,1.82
1986-08-07,500,1.88
1986-08-07,2000,1.56
1986-08-07,2400,1.61
1986-08-07,1500,1.45
1986-08-07,1000,1.88
1986-09-15,500,1.46
1986-09-15,2500,1.04
1986-09-15,1500,0.79
1986-09-15,2000,0.94
1986-09-15,1000,0.89
1986-09-15,100,0.84
1986-10-20,100,
1986-10-20,500,
1986-10-20,1000,
1986-10-20,2400,
1986-10-20,1500,
1986-10-20,2000,
1986-12-02,100,
1986-12-02,1500,
1986-12-02,500,
1986-12-02,1000,
1986-12-02,2500,
1986-12-02,2000,
1986-12-18,1500,2.36
1986-12-18,2000,2.38
1986-12-18,500,2.45
1986-12-18,2500,2.45
1986-12-18,100,2.36
1986-12-18,1000,2.36
1987-02-19,2500,31.83
1987-02-19,500,29.11
1987-02-19,1500,29.53
1987-02-19,100,29.11
1987-02-19,1000,28.9
1987-02-19,2000,30.37
1987-04-14,1000,18.82
1987-04-14,2000,26.31
1987-04-14,500,19.47
1987-04-14,2600,31.02
1987-04-14,1500,19.68
1987-04-14,100,22.25
1987-06-18,1000,17.52
1987-06-18,2000,16.81
1987-06-18,500,18.23
1987-06-18,100,16.64
1987-06-18,1500,15.75
1987-09-16,100,20.26
1987-09-16,2000,21.31
1987-09-16,2500,22.36
1987-09-16,1500,19.21
1987-09-16,500,20.79
1987-09-16,1000,19.56
1987-11-23,500,23.72
1987-11-23,2600,32.04
1987-11-23,2000,22.83
1987-11-23,1000,22.12
1987-11-23,1500,23.54
1987-11-23,100,25.13
1988-01-18,2000,23.15
1988-01-18,100,25.74
1988-01-18,1500,27.78
1988-01-18,2500,23.15
1988-01-18,500,27.04
1988-01-18,1000,26.85
1988-04-19,1000,16.62
1988-04-19,2000,19.49
1988-04-19,500,16.21
1988-04-19,2700,24.0
1988-04-19,1500,18.05
1988-04-19,100,17.64
1988-05-30,100,17.64
1988-05-30,500,16.21
1988-05-30,1500,18.05
1988-05-30,1000,16.62
1988-05-30,2000,19.49
1988-05-30,2700,24.0
1988-06-20,2300,22.43
1988-06-20,2000,25.61
1988-06-20,1500,19.26
1988-06-20,100,18.41
1988-06-20,500,19.68
1988-06-20,1000,19.47
1988-07-21,100,19.9
1988-07-21,2400,20.72
1988-07-21,500,23.59
1988-07-21,1500,15.59
1988-07-21,2000,23.79
1988-07-21,1000,17.23
1988-08-22,1500,16.26
1988-08-22,1000,13.69
1988-08-22,2600,19.47
1988-08-22,2000,15.61
1988-08-22,100,19.25
1988-08-22,500,15.83
1988-09-14,500,23.07
1988-09-14,100,20.95
1988-09-14,2000,21.16
1988-09-14,1500,18.62
1988-09-14,2400,18.41
1988-09-14,1000,19.26
1988-10-10,100,17.35
1988-10-10,2000,20.7
1988-10-10,2500,23.85
1988-10-10,1000,17.7
1988-10-10,1500,19.05
1988-10-10,500,16.8
1988-11-06,100,20.97
1988-11-06,1500,22.1
1988-11-06,2000,24.92
1988-11-06,3500,34.85
1988-11-06,1000,22.5
1988-11-06,500,22.43
1988-12-08,2500,20.55
1988-12-08,1000,24.99
1988-12-08,1500,20.89
1988-12-08,2000,21.9
1988-12-08,500,22.82
1988-12-08,100,22.85
1989-01-17,1500,32.33
1989-01-17,1000,35.17
1989-01-17,2000,31.06
1989-01-17,500,32.91
1989-01-17,2500,31.92
1989-01-17,100,34.06
1989-02-14,2500,55.06
1989-02-14,100,53.26
1989-02-14,1500,50.73
1989-02-14,1000,49.17
1989-02-14,2000,56.56
1989-02-14,500,49.81
1989-03-08,2000,25.16
1989-03-08,2500,25.52
1989-03-08,1000,27.48
1989-03-08,500,26.05
1989-03-08,1500,25.2
1989-03-08,100,25.74
1989-04-11,2600,26.69
1989-04-11,500,23.25
1989-04-11,1000,21.03
1989-04-11,1500,19.73
1989-04-11,100,22.61
1989-04-11,2000,20.65
1989-05-08,1500,19.66
1989-05-08,2500,24.88
1989-05-08,2000,24.67
1989-05-08,500,21.73
1989-05-08,1000,22.28
1989-05-08,100,24.77
1989-06-13,1500,18.09
1989-06-13,500,16.4
1989-06-13,2000,18.32
1989-06-13,1000,18.12
1989-06-13,2500,25.51
1989-06-13,100,18.61
1989-07-13,1500,17.24
1989-07-13,1000,16.34
1989-07-13,2500,38.55
1989-07-13,2000,22.45
1989-07-13,500,17.87
1989-07-13,100,17.14
1989-08-27,2000,14.93
1989-08-27,100,19.39
1989-08-27,500,19.09
1989-08-27,2500,20.72
1989-08-27,1500,16.49
1989-08-27,1000,19.03
1989-09-12,100,19.57
1989-09-12,1000,19.52
1989-09-12,500,21.14
1989-09-12,2000,16.49
1989-09-12,1500,19.25
1989-09-12,2700,21.61
1989-10-17,1500,13.77
1989-10-17,100,13.12
1989-10-17,1000,13.83
1989-10-17,500,13.84
1989-10-17,2700,33.84
1989-10-17,2000,12.9
1989-11-20,1000,15.45
1989-11-20,2000,
1989-11-20,1500,
1989-11-20,2700,20.73
1989-11-20,100,15.34
1989-11-20,500,13.07
1989-12-18,1000,16.48
1989-12-18,2700,17.91
1989-12-18,500,16.41
1989-12-18,1500,15.37
1989-12-18,2000,15.73
1989-12-18,100,18.95
1990-01-17,200,
1990-01-17,2000,
1990-01-17,1000,
1990-01-22,2000,24.4
1990-01-22,1500,22.46
1990-01-22,1000,22.47
1990-01-22,500,22.46
1990-01-22,2600,22.57
1990-01-22,100,22.69
1990-02-14,1000,24.99
1990-02-14,2700,26.84
1990-02-14,1500,24.26
1990-02-14,100,25.08
1990-02-14,500,24.33
1990-02-14,2000,24.13
1990-03-13,500,27.14
1990-03-13,2000,27.27
1990-03-13,1500,27.46
1990-03-13,100,26.85
1990-03-13,1000,26.94
1990-03-13,2500,26.98
1990-04-17,2500,46.22
1990-04-17,1500,17.26
1990-04-17,2000,24.2
1990-04-17,1000,17.44
1990-04-17,100,16.81
1990-04-17,500,16.74
1990-06-19,500,
1990-06-19,1000,
1990-06-19,100,
1990-07-19,1000,19.05
1990-07-19,1500,22.93
1990-07-19,2000,21.08
1990-07-19,500,18.85
1990-07-19,2500,19.41
1990-07-19,100,19.35
1990-07-20,1500,
1990-07-20,2000,
1990-07-20,2500,
1990-08-21,1500,14.03
1990-08-21,500,15.12
1990-08-21,100,15.56
1990-08-21,2600,16.85
1990-08-21,1000,15.34
1990-08-21,2000,14.57
1990-09-18,500,19.86
1990-09-18,100,20.51
1990-09-18,2600,27.55
1990-09-18,1500,17.23
1990-09-18,2000,23.41
1990-09-18,1000,16.89
1990-10-16,1000,22.12
1990-10-16,100,21.72
1990-10-16,1500,22.31
1990-10-16,2000,30.0
1990-10-16,2600,35.97
1990-10-16,500,20.41
1990-11-14,2500,33.42
1990-11-14,2600,36.11
1990-11-14,500,25.58
1990-11-14,100,24.96
1990-11-14,2000,26.09
1990-11-14,1000,23.96
1990-11-14,1500,27.05
1990-12-13,1000,27.34
1990-12-13,1500,27.31
1990-12-13,2000,32.78
1990-12-13,100,27.17
1990-12-13,500,28.09
1990-12-13,2400,28.85
1991-01-15,1000,26.9
1991-01-15,100,27.2
1991-01-15,500,27.54
1991-01-15,1500,26.28
1991-01-15,2000,23.92
1991-01-15,2500,22.91
1991-01-15,2700,22.78
1991-02-13,1500,27.43
1991-02-13,1000,27.31
1991-02-13,2600,31.72
1991-02-13,500,26.22
1991-02-13,100,25.72
1991-02-13,2000,28.94
1991-03-20,2000,25.37
1991-03-20,1000,23.99
1991-03-20,100,23.32
1991-03-20,2500,36.56
1991-03-20,500,23.36
1991-03-20,2700,36.86
1991-03-20,1500,23.07
1991-04-15,1500,22.42
1991-04-15,2500,24.65
1991-04-15,100,19.54
1991-04-15,2000,25.15
1991-04-15,1000,25.77
1991-04-15,2700,25.0
1991-04-15,500,27.92
1991-05-21,2000,
1991-05-21,500,19.8
1991-05-21,2500,
1991-05-21,1000,20.6
1991-05-21,100,19.37
1991-05-21,1500,21.39
1991-06-17,500,19.61
1991-06-17,1500,20.59
1991-06-17,2500,33.16
1991-06-17,2000,24.83
1991-06-17,2600,34.29
1991-06-17,1000,17.96
1991-06-17,100,18.02
1991-07-22,100,19.13
1991-07-22,2500,31.15
1991-07-22,1000,19.81
1991-07-22,500,22.62
1991-07-22,2700,34.17
1991-07-22,2000,26.32
1991-07-22,1500,18.03
1991-08-14,100,20.35
1991-08-14,1000,18.56
1991-08-14,1500,17.51
1991-08-14,500,18.87
1991-08-14,2700,35.18
1991-08-14,2000,24.53
1991-09-10,2600,29.07
1991-09-10,1000,18.32
1991-09-10,500,18.73
1991-09-10,100,18.75
1991-09-10,2000,22.17
1991-09-10,1500,17.79
1991-09-10,2500,29.93
1991-10-17,500,19.64
1991-10-17,2000,23.49
1991-10-17,1000,19.25
1991-10-17,1500,19.43
1991-10-17,2600,
1991-10-17,100,18.81
1991-11-12,1000,16.93
1991-11-12,2500,23.12
1991-11-12,2000,19.61
1991-11-12,100,17.68
1991-11-12,1500,16.53
1991-11-12,500,17.61
1991-12-12,2000,21.04
1991-12-12,100,20.01
1991-12-12,1500,19.4
1991-12-12,1000,17.62
1991-12-12,500,18.92
1991-12-12,2600,30.37
1991-12-12,2500,26.49
1992-01-30,1500,20.05
1992-01-30,2700,23.05
1992-01-30,2000,19.99
1992-01-30,1000,19.56
1992-01-30,2500,24.1
1992-01-30,500,20.37
1992-01-30,100,19.46
1992-02-11,2000,
1992-02-11,100,
1992-02-11,500,
1992-02-11,2500,
1992-02-11,1500,
1992-02-11,1000,
1992-02-20,1000,22.43
1992-02-20,2700,23.41
1992-02-20,1500,22.93
1992-02-20,100,21.54
1992-02-20,2500,22.55
1992-02-20,2000,22.0
1992-02-20,500,22.5
1992-02-27,2000,
1992-02-27,500,
1992-02-27,1000,
1992-02-27,2500,
1992-02-27,100,
1992-02-27,1500,
1992-03-04,500,
1992-03-04,2500,
1992-03-04,1000,
1992-03-04,100,
1992-03-04,1500,
1992-03-04,2000,
1992-03-19,1500,
1992-03-19,1000,
1992-03-19,100,
1992-03-19,500,
1992-03-19,2000,
1992-03-19,2500,
1992-03-26,1000,
1992-03-26,500,
1992-03-26,1500,
1992-03-26,2500,
1992-03-26,2000,
1992-03-26,100,
1992-03-30,2700,25.65
1992-03-30,100,21.56
1992-03-30,1000,24.42
1992-03-30,500,22.8
1992-03-30,2500,25.84
1992-03-30,1500,21.44
1992-03-30,2000,23.83
1992-04-21,2700,23.4
1992-04-21,500,19.61
1992-04-21,1500,19.83
1992-04-21,100,19.64
1992-04-21,2000,20.32
1992-04-21,2500,23.8
1992-04-21,1000,19.26
1992-05-13,2000,22.3
1992-05-13,1500,18.84
1992-05-13,500,20.28
1992-05-13,2500,25.49
1992-05-13,2700,27.31
1992-05-13,100,19.63
1992-05-13,1000,26.74
1992-06-16,1000,22.27
1992-06-16,100,20.43
1992-06-16,2500,22.86
1992-06-16,2700,28.74
1992-06-16,2000,21.59
1992-06-16,500,24.64
1992-06-16,1500,20.64
1992-07-09,2500,29.56
1992-07-09,1500,20.56
1992-07-09,500,24.71
1992-07-09,2000,18.53
1992-07-09,2700,29.75
1992-07-09,1000,22.81
1992-07-09,100,23.13
1992-08-06,1500,
1992-08-06,100,
1992-08-06,1000,
1992-08-06,500,
1992-08-06,2000,
1992-08-06,2500,
1992-08-17,100,22.01
1992-08-17,1000,17.12
1992-08-17,1500,15.34
1992-08-17,2600,18.98
1992-08-17,2500,20.78
1992-08-17,2000,16.51
1992-08-17,500,18.14
1992-08-27,2500,
1992-08-27,1000,
1992-08-27,2000,
1992-08-27,500,
1992-08-27,1500,
1992-08-27,100,
1992-09-03,1000,
1992-09-03,500,
1992-09-03,2000,
1992-09-03,100,
1992-09-03,1500,
1992-09-03,2500,
1992-09-09,1500,22.11
1992-09-09,2000,23.98
1992-09-09,1000,17.31
1992-09-09,2500,23.95
1992-09-09,500,25.47
1992-09-09,100,23.47
1992-09-09,2700,23.56
1992-09-17,2000,
1992-09-17,2500,
1992-09-17,100,
1992-09-17,500,
1992-09-17,1500,
1992-09-17,1000,
1992-09-24,100,
1992-09-24,500,
1992-09-24,1000,
1992-09-24,1500,
1992-09-24,2000,
1992-09-24,2500,
1992-10-01,2500,
1992-10-01,100,
1992-10-01,1000,
1992-10-01,500,
1992-10-01,1500,
1992-10-01,2000,
1992-10-12,1000,24.36
1992-10-12,2700,21.65
1992-10-12,2500,20.68
1992-10-12,100,22.04
1992-10-12,2000,19.24
1992-10-12,500,26.44
1992-10-12,1500,22.6
1992-11-16,100,21.74
1992-11-16,1500,21.26
1992-11-16,2000,22.01
1992-11-16,2500,23.68
1992-11-16,500,20.49
1992-11-16,1000,21.62
1992-12-15,1500,27.55
1992-12-15,2500,25.23
1992-12-15,2000,24.14
1992-12-15,1000,24.34
1992-12-15,100,23.15
1992-12-15,2700,24.91
1992-12-15,500,28.4
1993-01-19,2700,31.73
1993-01-19,1500,29.82
1993-01-19,100,30.95
1993-01-19,2000,29.41
1993-01-19,500,30.63
1993-01-19,1000,30.83
1993-01-19,2500,30.66
1993-02-02,2500,
1993-02-02,2000,
1993-02-02,500,
1993-02-02,1000,
1993-02-02,1500,
1993-02-02,100,
1993-02-10,2000,
1993-02-10,2500,
1993-02-10,100,
1993-02-10,1500,
1993-02-10,1000,
1993-02-10,500,
1993-02-14,100,29.24
1993-02-14,1000,29.29
1993-02-14,500,29.25
1993-02-14,2000,24.05
1993-02-14,2500,25.16
1993-02-14,1500,26.52
1993-02-14,2700,27.3
1993-02-24,1000,
1993-02-24,100,
1993-02-24,2000,
1993-02-24,500,
1993-02-24,1500,
1993-02-24,2500,
1993-03-04,100,
1993-03-04,500,
1993-03-04,1000,
1993-03-04,1500,
1993-03-04,2500,
1993-03-04,2000,
1993-03-09,1000,
1993-03-09,500,
1993-03-09,2000,
1993-03-09,100,
1993-03-09,2500,
1993-03-09,1500,
1993-03-16,2700,31.58
1993-03-16,2000,29.51
1993-03-16,2500,30.34
1993-03-16,100,29.29
1993-03-16,500,30.04
1993-03-16,1500,28.1
1993-03-16,1000,28.6
1993-03-24,1500,
1993-03-24,100,
1993-03-24,2500,
1993-03-24,500,
1993-03-24,1000,
1993-03-24,2000,
1993-03-31,2500,
1993-03-31,500,
1993-03-31,1000,
1993-03-31,2000,
1993-03-31,100,
1993-03-31,1500,
1993-04-05,2000,
1993-04-05,1500,
1993-04-05,1000,
1993-04-05,2500,
1993-04-05,500,
1993-04-05,100,
1993-04-15,1500,22.37
1993-04-15,2700,32.87
1993-04-15,100,25.02
1993-04-15,2500,33.19
1993-04-15,1000,24.37
1993-04-15,2000,24.55
1993-04-15,500,25.77
1993-04-21,1000,
1993-04-21,1500,
1993-04-21,100,
1993-04-21,500,
1993-04-21,2500,
1993-04-21,2000,
1993-05-17,2600,37.64
1993-05-17,1500,18.92
1993-05-17,1000,19.81
1993-05-17,2000,20.15
1993-05-17,2500,35.6
1993-05-17,500,22.55
1993-05-17,100,22.47
1993-06-14,2700,21.95
1993-06-14,500,18.57
1993-06-14,2000,18.1
1993-06-14,100,17.36
1993-06-14,1000,19.71
1993-06-14,2500,21.53
1993-06-14,1500,20.03
1993-07-13,1500,15.32
1993-07-13,2500,21.64
1993-07-13,2700,22.0
1993-07-13,100,18.85
1993-07-13,500,19.71
1993-07-13,2000,17.16
1993-07-13,1000,16.86
1993-08-23,2700,19.88
1993-08-23,2500,17.14
1993-08-23,500,19.21
1993-08-23,1500,16.73
1993-08-23,100,19.52
1993-08-23,1000,17.05
1993-08-23,2000,15.24
1993-09-16,1000,20.1
1993-09-16,2500,19.43
1993-09-16,2000,18.43
1993-09-16,1500,19.22
1993-09-16,100,20.04
1993-09-16,500,21.13
1993-09-16,2700,20.52
1993-10-12,2700,39.35
1993-10-12,2000,18.07
1993-10-12,1000,18.98
1993-10-12,2500,37.06
1993-10-12,500,21.32
1993-10-12,1500,18.16
1993-10-12,100,20.88
1993-11-15,500,26.4
1993-11-15,2500,33.45
1993-11-15,1500,27.01
1993-11-15,2000,34.82
1993-11-15,100,25.56
1993-11-15,2600,32.57
1993-11-15,1000,24.37
1993-12-16,100,24.03
1993-12-16,500,23.55
1993-12-16,1000,21.5
1993-12-16,2700,22.27
1993-12-16,2500,22.72
1993-12-16,1500,20.19
1993-12-16,2000,22.41
1994-01-25,1500,29.05
1994-01-25,2700,28.93
1994-01-25,2500,25.87
1994-01-25,500,28.97
1994-01-25,300,
1994-01-25,100,28.56
1994-01-25,2000,26.56
1994-01-25,1000,27.93
1994-01-25,200,
1994-02-23,2000,32.0
1994-02-23,2600,34.28
1994-02-23,200,
1994-02-23,2500,32.89
1994-02-23,500,31.94
1994-02-23,300,
1994-02-23,1000,31.56
1994-02-23,100,31.89
1994-02-23,1500,31.63
1994-03-15,200,
1994-03-15,2000,32.76
1994-03-15,300,
1994-03-15,100,33.93
1994-03-15,2700,35.01
1994-03-15,1000,34.06
1994-03-15,1500,33.12
1994-03-15,2500,34.12
1994-03-15,500,32.98
1994-04-18,2000,22.56
1994-04-18,200,
1994-04-18,300,
1994-04-18,2500,30.65
1994-04-18,1000,23.7
1994-04-18,1500,20.68
1994-04-18,100,22.79
1994-04-18,2700,30.85
1994-04-18,500,24.71
1994-05-25,2000,25.47
1994-05-25,1500,21.32
1994-05-25,200,
1994-05-25,300,
1994-05-25,2500,33.05
1994-05-25,1000,22.77
1994-05-25,100,19.91
1994-05-25,500,21.03
1994-05-25,2700,35.14
1994-06-21,1000,21.2
1994-06-21,100,20.37
1994-06-21,1500,21.4
1994-06-21,300,
1994-06-21,2600,34.16
1994-06-21,200,
1994-06-21,2500,29.8
1994-06-21,500,21.56
1994-06-21,2000,29.29
1994-07-27,300,
1994-07-27,100,20.05
1994-07-27,2000,18.72
1994-07-27,1000,27.07
1994-07-27,200,
1994-07-27,1500,19.39
1994-07-27,2600,25.59
1994-07-27,500,23.7
1994-07-27,2500,19.83
1994-08-17,1500,15.73
1994-08-17,1000,21.04
1994-08-17,100,21.11
1994-08-17,2500,21.03
1994-08-17,500,20.98
1994-08-17,2600,20.73
1994-08-17,2000,18.81
1994-09-18,100,22.11
1994-09-18,500,20.86
1994-09-18,200,
1994-09-18,1000,18.31
1994-09-18,2500,24.26
1994-09-18,300,
1994-09-18,2400,26.56
1994-09-18,1500,18.31
1994-09-18,2000,21.44
1994-10-20,100,29.47
1994-10-20,1500,28.56
1994-10-20,1000,29.54
1994-10-20,2000,29.09
1994-10-20,300,
1994-10-20,2500,31.03
1994-10-20,200,
1994-10-20,2700,31.44
1994-10-20,500,27.79
1994-11-14,2600,78.1
1994-11-14,300,
1994-11-14,2000,19.19
1994-11-14,2500,33.3
1994-11-14,100,30.34
1994-11-14,200,
1994-11-14,500,30.71
1994-11-14,1500,19.78
1994-11-14,1000,21.56
1994-12-12,1500,19.92
1994-12-12,2600,21.73
1994-12-12,100,19.01
1994-12-12,2000,19.59
1994-12-12,500,20.39
1994-12-12,1000,20.23
1994-12-12,2500,19.63
1994-12-12,200,
1994-12-12,300,
1995-01-18,100,24.82
1995-01-18,2600,28.6
1995-01-18,1500,26.11
1995-01-18,1000,26.01
1995-01-18,300,
1995-01-18,200,
1995-01-18,2000,24.77
1995-01-18,2500,25.8
1995-01-18,500,25.67
1995-02-06,2600,30.24
1995-02-06,1000,28.59
1995-02-06,500,27.58
1995-02-06,200,
1995-02-06,1500,29.17
1995-02-06,2500,29.49
1995-02-06,2000,28.09
1995-02-06,100,28.46
1995-02-06,300,
1995-03-21,300,
1995-03-21,500,30.71
1995-03-21,2600,30.27
1995-03-21,2500,29.22
1995-03-21,200,
1995-03-21,1500,28.51
1995-03-21,2000,29.23
1995-03-21,1000,29.43
1995-03-21,100,31.04
1995-04-18,300,
1995-04-18,100,21.58
1995-04-18,1000,21.22
1995-04-18,1500,20.78
1995-04-18,200,
1995-04-18,500,20.64
1995-04-18,2600,32.81
1995-04-18,2000,30.72
1995-04-18,2500,32.85
1995-05-08,2500,32.44
1995-05-08,300,
1995-05-08,200,
1995-05-08,1000,21.56
1995-05-08,100,20.05
1995-05-08,2000,22.28
1995-05-08,2600,31.03
1995-05-08,1500,21.41
1995-05-08,500,19.83
1995-06-08,1000,17.96
1995-06-08,500,22.74
1995-06-08,1500,21.98
1995-06-08,2700,29.34
1995-06-08,100,22.96
1995-06-08,2000,21.0
1995-06-08,300,
1995-06-08,200,
1995-06-08,2500,26.53
1995-07-13,100,19.61
1995-07-13,2700,27.76
1995-07-13,1500,20.92
1995-07-13,2000,21.92
1995-07-13,500,20.35
1995-07-13,2500,25.13
1995-07-13,300,
1995-07-13,200,
1995-07-13,1000,21.35
1995-08-23,100,21.5
1995-08-23,2500,21.24
1995-08-23,2000,23.5
1995-08-23,1500,18.01
1995-08-23,200,
1995-08-23,2700,21.6
1995-08-23,300,
1995-08-23,500,19.51
1995-08-23,1000,20.37
1995-09-13,2500,19.41
1995-09-13,2000,16.71
1995-09-13,500,23.71
1995-09-13,300,
1995-09-13,2700,20.73
1995-09-13,1000,20.31
1995-09-13,200,
1995-09-13,1500,18.29
1995-09-13,100,21.67
1995-10-30,500,23.5
1995-10-30,1500,17.47
1995-10-30,200,
1995-10-30,100,20.88
1995-10-30,300,
1995-10-30,2000,19.39
1995-10-30,2600,19.46
1995-10-30,2500,20.46
1995-10-30,1000,19.05
1995-11-22,200,
1995-11-22,2500,21.59
1995-11-22,100,25.07
1995-11-22,1000,19.4
1995-11-22,1500,18.97
1995-11-22,2700,22.39
1995-11-22,2000,22.72
1995-11-22,300,
1995-11-22,500,20.82
1995-12-13,1500,21.04
1995-12-13,2000,20.06
1995-12-13,100,21.2
1995-12-13,1000,20.98
1995-12-13,2500,21.13
1995-12-13,2600,21.72
1995-12-13,500,19.76
1995-12-13,300,
1995-12-13,200,
1996-01-17,2000,23.8
1996-01-17,1500,24.1
1996-01-17,2700,27.8
1996-01-17,100,21.9
1996-01-17,500,22.5
1996-01-17,2500,29.2
1996-01-17,1000,23.1
1996-02-29,500,
1996-02-29,100,
1996-02-29,1000,
1996-02-29,2000,
1996-02-29,1500,
1996-03-06,1000,
1996-03-06,1500,
1996-03-06,2000,
1996-03-06,300,
1996-03-06,200,
1996-03-06,500,
1996-03-06,100,
1996-03-22,1000,19.1
1996-03-22,2000,24.7
1996-03-22,100,19.6
1996-03-22,500,19.0
1996-03-22,2100,24.0
1996-03-22,1500,19.1
1996-03-23,200,
1996-03-27,100,17.9
1996-03-27,2000,25.5
1996-03-27,500,17.7
1996-03-27,1500,26.4
1996-03-27,1000,22.7
1996-03-27,200,
1996-03-28,1500,21.9
1996-03-28,2000,26.5
1996-03-28,100,21.3
1996-03-28,2500,29.5
1996-03-28,1000,27.8
1996-03-28,500,21.3
1996-03-28,2700,26.5
1996-04-02,200,
1996-04-02,1500,26.5
1996-04-02,1000,28.5
1996-04-02,2700,31.4
1996-04-02,500,22.3
1996-04-02,2000,25.2
1996-04-02,100,27.5
1996-04-02,2500,31.7
1996-04-11,2700,29.9
1996-04-11,2000,21.2
1996-04-11,100,21.6
1996-04-11,500,21.0
1996-04-11,1500,18.8
1996-04-11,1000,20.8
1996-04-11,2500,27.9
1996-05-13,2000,19.9
1996-05-13,500,20.2
1996-05-13,100,21.5
1996-05-13,1500,20.6
1996-05-13,2600,19.7
1996-05-13,2500,18.4
1996-05-13,1000,19.9
1996-06-05,1500,19.2
1996-06-05,100,20.7
1996-06-05,2000,95.6
1996-06-05,500,21.9
1996-06-05,1000,19.8
1996-06-05,2600,19.9
1996-06-05,2500,27.5
1996-06-27,1500,18.5
1996-06-27,500,19.2
1996-06-27,200,
1996-06-27,1000,16.6
1996-06-27,2500,20.0
1996-06-27,100,20.1
1996-06-27,2000,15.6
1996-07-04,1000,15.6
1996-07-04,2000,17.6
1996-07-04,1500,14.7
1996-07-04,100,17.8
1996-07-04,2500,18.0
1996-07-04,500,16.1
1996-07-04,200,
1996-07-11,200,
1996-07-11,2000,17.9
1996-07-11,300,
1996-07-11,100,17.9
1996-07-11,1000,15.9
1996-07-11,500,18.8
1996-07-11,2500,18.6
1996-07-11,1500,15.2
1996-07-18,200,
1996-07-18,1000,22.1
1996-07-18,2500,19.1
1996-07-18,100,19.2
1996-07-18,500,20.9
1996-07-18,1500,15.2
1996-07-18,300,
1996-07-18,2000,15.8
1996-07-25,300,
1996-07-25,200,
1996-07-25,500,20.9
1996-07-25,2500,17.2
1996-07-25,1500,16.6
1996-07-25,100,22.6
1996-07-25,1000,19.7
1996-07-25,2000,19.6
1996-08-02,2000,16.1
1996-08-02,100,19.1
1996-08-02,200,
1996-08-02,500,17.7
1996-08-02,1000,17.0
1996-08-02,1500,15.6
1996-08-02,2500,19.1
1996-08-02,300,
1996-08-08,500,19.0
1996-08-08,1500,16.3
1996-08-08,2500,18.8
1996-08-08,300,
1996-08-08,2000,14.1
1996-08-08,100,18.7
1996-08-08,200,
1996-08-08,1000,18.6
1996-08-15,200,
1996-08-15,1000,18.6
1996-08-15,1500,16.5
1996-08-15,2000,17.6
1996-08-15,2500,18.3
1996-08-15,300,
1996-08-15,100,21.3
1996-08-15,500,19.8
1996-08-21,1500,16.0
1996-08-21,200,
1996-08-21,500,20.5
1996-08-21,300,
1996-08-21,1000,18.1
1996-08-21,100,22.4
1996-08-21,1500,20.9
1996-08-21,2000,15.3
1996-08-29,100,
1996-08-29,1500,17.2
1996-08-29,300,
1996-08-29,200,
1996-08-29,2500,16.6
1996-08-29,1000,24.7
1996-08-29,2000,15.3
1996-08-29,500,22.6
1996-09-12,1000,20.6
1996-09-12,2500,19.2
1996-09-12,1500,15.1
1996-09-12,300,
1996-09-12,2000,17.5
1996-09-12,200,
1996-09-12,100,21.6
1996-09-12,500,29.5
1996-09-19,200,
1996-09-19,1500,17.1
1996-09-19,500,23.7
1996-09-19,2500,20.3
1996-09-19,1000,23.9
1996-09-19,300,
1996-09-19,100,25.1
1996-09-19,2000,16.1
1996-09-26,1500,19.4
1996-09-26,2000,13.8
1996-09-26,200,
1996-09-26,300,
1996-09-26,500,19.2
1996-09-26,1000,18.3
1996-09-26,2500,22.3
1996-09-26,100,20.2
1996-10-16,1000,19.8
1996-10-16,2500,28.2
1996-10-16,300,
1996-10-16,2000,27.7
1996-10-16,1500,14.8
1996-10-16,100,27.4
1996-10-16,500,22.0
1996-10-16,200,
1996-11-12,200,
1996-11-12,500,18.6
1996-11-12,100,19.3
1996-11-12,300,
1996-11-12,2000,17.2
1996-11-12,2500,16.8
1996-11-12,1500,18.9
1996-11-12,1000,19.7
1996-12-10,2500,45.1
1996-12-10,2000,23.2
1996-12-10,1500,23.1
1996-12-10,300,
1996-12-10,500,22.2
1996-12-10,200,
1996-12-10,1000,23.1
1996-12-10,100,24.4
1997-01-15,2000,26.7
1997-01-15,500,25.3
1997-01-15,200,
1997-01-15,1000,25.9
1997-01-15,300,
1997-01-15,1500,24.7
1997-01-15,100,25.2
1997-01-15,2500,24.3
1997-02-11,1000,24.5
1997-02-11,1500,25.3
1997-02-11,2000,24.3
1997-02-11,100,24.8
1997-02-11,300,
1997-02-11,500,25.0
1997-02-11,2500,25.1
1997-02-11,200,
1997-02-18,2500,17.7
1997-02-18,500,25.5
1997-02-18,200,
1997-02-18,1500,17.8
1997-02-18,2000,17.2
1997-02-18,100,31.5
1997-02-18,1000,22.6
1997-02-18,300,
1997-02-25,2000,16.8
1997-02-25,100,20.8
1997-02-25,500,20.0
1997-02-25,1000,19.6
1997-02-25,200,
1997-02-25,300,
1997-02-25,2500,19.8
1997-02-25,1500,20.3
1997-03-04,1000,21.3
1997-03-04,100,21.1
1997-03-04,1500,21.0
1997-03-04,2500,18.9
1997-03-04,2000,19.8
1997-03-04,200,
1997-03-04,300,
1997-03-04,500,23.1
1997-03-11,100,16.9
1997-03-11,200,
1997-03-11,2000,26.7
1997-03-11,1000,17.1
1997-03-11,1500,22.6
1997-03-11,500,15.1
1997-03-11,2500,22.1
1997-03-11,300,
1997-03-17,100,17.4
1997-03-17,300,
1997-03-17,500,17.6
1997-03-17,2500,24.6
1997-03-17,2000,25.0
1997-03-17,1500,19.9
1997-03-17,1000,16.5
1997-03-17,200,
1997-03-24,500,17.7
1997-03-24,1500,17.4
1997-03-24,1000,16.8
1997-03-24,2500,27.4
1997-03-24,2000,23.8
1997-03-24,300,
1997-03-24,200,
1997-03-24,100,17.1
1997-04-04,2000,25.1
1997-04-04,1500,20.5
1997-04-04,300,
1997-04-04,500,19.7
1997-04-04,2500,23.6
1997-04-04,1000,22.4
1997-04-04,200,
1997-04-04,100,18.5
1997-04-14,100,18.8
1997-04-14,2500,22.6
1997-04-14,1000,18.2
1997-04-14,1500,19.1
1997-04-14,500,23.7
1997-04-14,2000,26.4
1997-04-15,1500,
1997-04-15,2500,
1997-04-15,100,
1997-04-15,1000,
1997-04-15,300,
1997-04-15,200,
1997-04-15,2000,
1997-04-15,500,
1997-04-17,2500,28.3
1997-04-17,1000,22.5
1997-04-17,2000,27.4
1997-04-17,1500,20.4
1997-04-17,300,
1997-04-17,200,
1997-04-17,500,18.0
1997-04-17,100,26.7
1997-04-18,300,
1997-04-18,100,
1997-04-18,1500,
1997-04-18,2000,
1997-04-18,500,
1997-04-18,2500,
1997-04-18,1000,
1997-04-18,200,
1997-04-30,100,
1997-04-30,1500,18.2
1997-04-30,200,
1997-04-30,2000,21.0
1997-04-30,500,16.8
1997-04-30,1000,18.6
1997-04-30,300,
1997-04-30,2500,23.0
1997-05-06,1000,
1997-05-06,500,
1997-05-06,2500,
1997-05-06,1500,
1997-05-06,200,
1997-05-06,2000,
1997-05-06,100,
1997-05-06,300,
1997-05-30,2500,
1997-05-30,1500,
1997-05-30,1000,
1997-05-30,2000,
1997-05-30,100,
1997-05-30,500,
1997-06-05,500,
1997-06-05,2000,
1997-06-05,2500,
1997-06-05,300,
1997-06-05,200,
1997-06-05,100,
1997-06-05,1000,
1997-06-05,1500,
1997-06-18,2500,18.4
1997-06-18,1000,22.5
1997-06-18,1500,19.8
1997-06-18,200,
1997-06-18,500,19.7
1997-06-18,300,
1997-06-18,100,18.5
1997-06-18,2000,26.0
1997-07-02,1000,19.1
1997-07-02,300,
1997-07-02,1500,16.8
1997-07-02,100,18.9
1997-07-02,2000,22.0
1997-07-02,500,19.9
1997-07-02,2500,22.5
1997-07-02,200,
1997-07-09,300,
1997-07-09,200,
1997-07-09,2500,22.7
1997-07-09,500,17.4
1997-07-09,2000,17.3
1997-07-09,1500,18.3
1997-07-09,100,20.3
1997-07-09,1000,17.7
1997-07-15,200,
1997-07-15,1000,19.2
1997-07-15,2500,20.1
1997-07-15,2000,26.2
1997-07-15,300,
1997-07-15,500,20.2
1997-07-15,1500,17.3
1997-07-15,100,20.3
1997-07-23,2000,24.2
1997-07-23,2500,26.1
1997-07-23,1500,21.0
1997-07-23,500,21.7
1997-07-23,300,
1997-07-23,200,
1997-07-23,1000,22.3
1997-07-23,100,24.3
1997-07-30,2000,25.9
1997-07-30,1500,21.4
1997-07-30,200,
1997-07-30,500,20.2
1997-07-30,1000,19.2
1997-07-30,100,22.3
1997-07-30,300,
1997-07-30,2000,19.8
1997-08-05,1000,24.5
1997-08-05,300,
1997-08-05,100,21.2
1997-08-05,2000,21.9
1997-08-05,500,19.9
1997-08-05,200,
1997-08-05,1500,21.7
1997-08-05,2500,25.1
1997-08-12,100,23.8
1997-08-12,1000,18.3
1997-08-12,2500,26.4
1997-08-12,500,20.6
1997-08-12,200,
1997-08-12,2000,19.7
1997-08-12,1500,16.8
1997-08-12,300,
1997-08-18,1000,
1997-08-18,2000,
1997-08-18,1500,
1997-08-18,2500,26.6
1997-08-18,300,
1997-08-18,200,
1997-08-18,100,24.2
1997-08-18,500,
1997-08-25,100,20.9
1997-08-25,500,20.2
1997-08-25,1000,19.3
1997-08-25,2500,24.6
1997-08-25,1500,16.6
1997-08-25,200,
1997-08-25,300,
1997-08-25,2000,16.6
1997-09-01,500,18.4
1997-09-01,300,
1997-09-01,1500,15.3
1997-09-01,2500,22.8
1997-09-01,100,20.8
1997-09-01,200,
1997-09-01,2000,21.5
1997-09-01,1000,20.3
1997-09-08,500,19.9
1997-09-08,2000,17.6
1997-09-08,200,
1997-09-08,1500,17.0
1997-09-08,1500,21.1
1997-09-08,100,24.7
1997-09-08,1000,17.2
1997-09-08,300,
1997-09-18,500,16.3
1997-09-18,200,
1997-09-18,100,19.9
1997-09-18,1000,17.3
1997-09-18,2500,
1997-09-18,1500,16.2
1997-09-18,300,
1997-09-18,2000,17.0
1997-09-25,2400,25.3
1997-09-25,1400,18.8
1997-09-25,900,17.6
1997-09-25,400,19.1
1997-09-25,300,
1997-09-25,100,17.9
1997-09-25,200,
1997-09-25,1900,17.8
1997-10-22,2500,
1997-10-22,1500,
1997-10-22,200,
1997-10-22,100,
1997-10-22,300,
1997-10-22,1000,
1997-10-22,2000,
1997-10-22,500,
1997-11-13,500,22.8
1997-11-13,200,
1997-11-13,2000,22.0
1997-11-13,1000,20.1
1997-11-13,300,
1997-11-13,1500,19.9
1997-11-13,2500,28.4
1997-11-13,100,19.0
1997-12-10,200,
1997-12-10,1000,21.5
1997-12-10,2000,24.9
1997-12-10,1500,21.5
1997-12-10,100,24.4
1997-12-10,300,
1997-12-10,2500,22.1
1997-12-10,500,22.8
1998-01-14,2000,19.0
1998-01-14,100,23.8
1998-01-14,1500,19.6
1998-01-14,1000,23.1
1998-01-14,2500,19.1
1998-01-14,500,23.5
1998-01-14,200,
1998-01-14,300,
1998-02-12,100,23.9
1998-02-12,2500,22.4
1998-02-12,2000,23.2
1998-02-12,1500,23.5
1998-02-12,300,
1998-02-12,200,
1998-02-12,500,24.6
1998-02-12,1000,23.9
1998-02-25,2500,21.5
1998-02-25,1000,21.9
1998-02-25,100,23.7
1998-02-25,2000,22.0
1998-02-25,500,22.1
1998-02-25,200,
1998-02-25,1500,21.8
1998-02-25,300,
1998-03-11,2500,20.7
1998-03-11,200,
1998-03-11,2000,20.4
1998-03-11,300,
1998-03-11,1000,19.6
1998-03-11,1500,19.5
1998-03-11,500,19.0
1998-03-11,100,18.6
1998-03-26,200,
1998-03-26,1000,20.7
1998-03-26,500,17.2
1998-03-26,100,21.5
1998-03-26,2500,25.8
1998-03-26,300,
1998-03-26,1500,19.8
1998-03-26,2000,21.7
1998-04-01,2000,18.2
1998-04-01,100,21.6
1998-04-01,2500,35.0
1998-04-01,500,17.4
1998-04-01,1000,21.2
1998-04-01,1500,21.5
1998-04-01,200,
1998-04-01,300,
1998-04-22,300,
1998-04-22,2000,20.4
1998-04-22,1000,22.0
1998-04-22,200,
1998-04-22,2500,29.1
1998-04-22,100,17.8
1998-04-22,1500,18.5
1998-04-22,500,18.3
1998-05-11,100,25.9
1998-05-11,200,
1998-05-11,1400,20.8
1998-05-11,400,22.9
1998-05-11,900,20.9
1998-05-11,300,
1998-05-11,2400,24.0
1998-05-11,1900,25.5
1998-06-10,300,
1998-06-10,2500,32.9
1998-06-10,1000,19.9
1998-06-10,1500,16.2
1998-06-10,100,21.3
1998-06-10,2000,22.0
1998-06-10,500,19.8
1998-06-10,200,
1998-06-25,2000,25.1
1998-06-25,100,20.2
1998-06-25,500,20.5
1998-06-25,1000,16.1
1998-06-25,300,
1998-06-25,2500,24.3
1998-06-25,1500,19.0
1998-06-25,200,
1998-07-02,200,
1998-07-02,500,20.6
1998-07-02,2500,29.6
1998-07-02,300,
1998-07-02,100,19.9
1998-07-02,1000,21.6
1998-07-02,1500,18.0
1998-07-02,2000,20.1
1998-07-08,2500,32.7
1998-07-08,100,22.7
1998-07-08,300,
1998-07-08,500,19.5
1998-07-08,2000,17.2
1998-07-08,1000,18.6
1998-07-08,1500,23.3
1998-07-08,200,
1998-07-15,100,17.1
1998-07-15,300,
1998-07-15,200,
1998-07-15,500,15.7
1998-07-15,1500,17.7
1998-07-15,2000,18.8
1998-07-15,1000,18.3
1998-07-15,2500,21.5
1998-07-22,200,
1998-07-22,300,
1998-07-22,2500,25.7
1998-07-22,500,21.0
1998-07-22,1500,22.5
1998-07-22,100,21.8
1998-07-22,1000,15.2
1998-07-22,2000,18.2
1998-07-29,1000,18.5
1998-07-29,300,
1998-07-29,2500,19.7
1998-07-29,200,
1998-07-29,2000,19.3
1998-07-29,100,18.0
1998-07-29,500,18.4
1998-07-29,1500,17.6
1998-08-11,1000,20.5
1998-08-11,100,18.8
1998-08-11,500,18.9
1998-08-11,200,
1998-08-11,2500,19.9
1998-08-11,300,
1998-08-11,1500,16.9
1998-08-11,2000,14.7
1998-08-19,1500,19.6
1998-08-19,200,
1998-08-19,2000,14.6
1998-08-19,300,
1998-08-19,2500,17.3
1998-08-19,500,17.5
1998-08-19,1000,18.5
1998-08-19,100,17.8
1998-08-26,1000,
1998-08-26,1500,
1998-08-26,2500,
1998-08-26,200,
1998-08-26,2000,
1998-08-26,500,
1998-08-26,300,
1998-08-26,100,18.4
1998-09-01,2000,42.3
1998-09-01,1500,30.7
1998-09-01,500,30.4
1998-09-01,1000,28.1
1998-09-01,100,33.6
1998-09-08,200,
1998-09-08,500,16.3
1998-09-08,1900,16.3
1998-09-08,300,
1998-09-08,100,19.3
1998-09-08,2400,18.5
1998-09-08,1400,15.4
1998-09-08,900,18.3
1998-09-16,200,
1998-09-16,2000,15.6
1998-09-16,1500,16.6
1998-09-16,500,18.3
1998-09-16,2500,24.9
1998-09-16,1000,16.6
1998-09-16,300,
1998-09-16,100,21.3
1998-09-21,2000,17.0
1998-09-21,100,26.3
1998-09-21,300,
1998-09-21,1500,16.7
1998-09-21,500,18.0
1998-09-21,200,
1998-09-21,1000,17.4
1998-09-21,2500,31.4
1998-10-15,2500,20.6
1998-10-15,100,20.4
1998-10-15,2000,20.3
1998-10-15,509,21.3
1998-10-15,300,
1998-10-15,1000,20.4
1998-10-15,1500,21.5
1998-10-15,200,
1998-11-03,1510,23.0
1998-11-03,200,
1998-11-03,110,21.3
1998-11-03,2500,23.4
1998-11-03,300,
1998-11-03,2000,22.7
1998-11-03,509,22.7
1998-11-03,1010,22.5
1998-12-08,300,
1998-12-08,1000,24.0
1998-12-08,2500,30.2
1998-12-08,2000,21.5
1998-12-08,200,
1998-12-08,500,25.9
1998-12-08,1500,20.1
1998-12-08,100,25.8
1999-01-26,2000,27.7
1999-01-26,1500,27.6
1999-01-26,2500,30.1
1999-01-26,500,28.9
1999-01-26,100,28.7
1999-01-26,1000,29.9
1999-02-12,1500,31.0
1999-02-12,2500,31.1
1999-02-12,1000,30.8
1999-02-12,2000,28.7
1999-02-12,500,31.3
1999-02-12,100,29.6
1999-03-25,100,30.1
1999-03-25,1000,30.6
1999-03-25,500,30.1
1999-03-25,2500,30.3
1999-03-25,2000,25.6
1999-03-25,1500,26.6
1999-04-27,500,24.5
1999-04-27,2500,30.8
1999-04-27,1000,23.2
1999-04-27,2000,28.7
1999-04-27,100,30.1
1999-04-27,1500,28.9
1999-05-25,2000,23.4
1999-05-25,500,25.9
1999-05-25,2500,29.9
1999-05-25,1500,21.9
1999-05-25,100,19.7
1999-05-25,1000,21.7
1999-06-18,2000,37.4
1999-06-18,2500,38.5
1999-06-18,100,20.6
1999-06-18,1000,25.2
1999-06-18,500,38.6
1999-06-18,1500,25.6
1999-07-15,1000,22.7
1999-07-15,100,22.5
1999-07-15,500,23.1
1999-07-15,2000,30.9
1999-07-15,1500,24.8
1999-07-15,2500,28.9
1999-08-17,500,21.6
1999-08-17,1000,20.3
1999-08-17,1500,19.8
1999-08-17,100,23.1
1999-08-17,2500,28.4
1999-08-17,2000,20.5
1999-09-17,1000,24.9
1999-09-17,100,30.2
1999-09-17,1500,20.4
1999-09-17,500,25.6
1999-09-17,2000,18.0
1999-09-17,2500,21.8
1999-10-18,500,27.1
1999-10-18,2500,25.0
1999-10-18,1000,22.1
1999-10-18,2000,20.9
1999-10-18,1500,23.3
1999-10-18,100,29.3
1999-11-16,100,27.5
1999-11-16,2000,16.1
1999-11-16,2500,24.2
1999-11-16,500,19.2
1999-11-16,1500,15.1
1999-11-16,1000,18.4
1999-12-15,1000,22.5
1999-12-15,2000,27.5
1999-12-15,2500,21.5
1999-12-15,500,24.2
1999-12-15,1500,25.0
1999-12-15,100,29.2
2000-01-18,2500,25.4
2000-01-18,1000,32.5
2000-01-18,100,31.8
2000-01-18,1500,27.2
2000-01-18,500,30.1
2000-01-18,2000,26.7
2000-02-08,2500,29.6
2000-02-08,500,27.9
2000-02-08,1000,29.5
2000-02-08,1500,27.6
2000-02-08,100,27.0
2000-02-08,2000,26.7
2000-03-15,1500,32.3
2000-03-15,1000,37.2
2000-03-15,500,41.1
2000-03-15,100,33.8
2000-03-15,2500,33.8
2000-03-15,2000,36.4
2000-04-17,100,25.2
2000-04-17,500,20.8
2000-04-17,2000,26.7
2000-04-17,1500,22.2
2000-04-17,1000,19.3
2000-04-17,2500,25.4
2000-05-17,1000,16.1
2000-05-17,1500,16.6
2000-05-17,100,17.2
2000-05-17,2500,28.5
2000-05-17,2000,22.6
2000-05-17,500,15.4
2000-06-28,2500,21.5
2000-06-28,100,21.4
2000-06-28,2000,19.1
2000-06-28,1500,17.9
2000-06-28,1000,25.3
2000-06-28,500,22.9
2000-07-12,1500,25.7
2000-07-12,2500,22.2
2000-07-12,100,25.7
2000-07-12,1000,20.1
2000-07-12,500,30.4
2000-07-12,2000,18.3
2000-08-08,1500,20.1
2000-08-08,2000,16.8
2000-08-08,500,24.7
2000-08-08,2500,19.1
2000-08-08,100,23.2
2000-08-08,1000,20.8
2000-09-27,1500,18.2
2000-09-27,1000,17.9
2000-09-27,2000,17.0
2000-09-27,2500,25.2
2000-09-27,100,18.0
2000-09-27,500,20.6
2000-10-24,2500,43.2
2000-10-24,1000,21.9
2000-10-24,2000,25.7
2000-10-24,1500,25.8
2000-10-24,500,28.2
2000-10-24,100,24.6
2000-11-28,1000,23.7
2000-11-28,100,40.5
2000-11-28,1500,20.2
2000-11-28,2500,42.8
2000-11-28,500,22.2
2000-11-28,2000,22.0
2000-12-18,2500,26.0
2000-12-18,1500,24.0
2000-12-18,1000,25.2
2000-12-18,100,32.5
2000-12-18,2000,23.5
2000-12-18,500,22.4
2001-01-16,500,23.5
2001-01-16,1500,21.8
2001-01-16,2000,23.5
2001-01-16,1000,21.6
2001-01-16,2500,27.0
2001-01-16,100,24.4
2001-02-15,500,27.8
2001-02-15,2000,23.1
2001-02-15,1000,24.0
2001-02-15,1500,22.8
2001-02-15,2500,25.5
2001-02-15,100,22.5
2001-03-13,2000,25.2
2001-03-13,500,25.9
2001-03-13,1500,27.1
2001-03-13,1000,27.7
2001-03-13,100,31.2
2001-03-13,2500,26.4
2001-04-18,1000,21.6
2001-04-18,2500,35.8
2001-04-18,500,23.0
2001-04-18,100,23.4
2001-04-18,2000,19.4
2001-04-18,1500,20.0
2001-05-31,2000,30.5
2001-05-31,1000,22.4
2001-05-31,1500,33.3
2001-05-31,100,20.2
2001-05-31,2500,32.7
2001-05-31,500,22.8
2001-06-28,500,40.1
2001-06-28,2500,34.9
2001-06-28,1500,32.8
2001-06-28,1000,28.4
2001-06-28,100,39.3
2001-06-28,2000,30.9
2001-07-11,100,30.2
2001-07-11,500,24.7
2001-07-11,2000,20.9
2001-07-11,2500,27.4
2001-07-11,1500,21.3
2001-07-11,1000,23.1
2001-08-09,500,20.8
2001-08-09,1500,26.2
2001-08-09,100,25.2
2001-08-09,1000,20.3
2001-08-09,2000,22.9
2001-08-09,2500,25.5
2001-09-10,100,25.8
2001-09-10,1500,20.5
2001-09-10,500,31.1
2001-09-10,1000,27.8
2001-09-10,2000,17.5
2001-09-10,2500,27.6
2001-10-16,1000,18.4
2001-10-16,2500,40.0
2001-10-16,100,22.4
2001-10-16,2000,21.4
2001-10-16,1500,21.6
2001-10-16,500,21.0
2001-11-06,2500,24.2
2001-11-06,2000,31.6
2001-11-06,1000,22.0
2001-11-06,100,43.6
2001-11-06,1500,33.2
2001-11-06,500,26.4
2001-12-13,500,24.7
2001-12-13,1000,24.1
2001-12-13,1500,25.3
2001-12-13,2000,22.2
2001-12-13,2500,24.3
2001-12-13,100,30.6
2002-01-08,100,26.0
2002-01-08,500,27.2
2002-01-08,1500,27.9
2002-01-08,1000,23.8
2002-01-08,2000,27.2
2002-01-08,2500,34.0
2002-02-21,2500,26.1
2002-02-21,2000,26.2
2002-02-21,500,27.1
2002-02-21,100,28.3
2002-02-21,1500,27.0
2002-02-21,1000,30.7
2002-03-11,2500,26.9
2002-03-11,500,28.6
2002-03-11,100,39.9
2002-03-11,2000,25.7
2002-03-11,1500,26.6
2002-03-11,1000,28.4
2002-04-10,1500,19.7
2002-04-10,2500,28.4
2002-04-10,2000,19.4
2002-04-10,500,19.0
2002-04-10,100,20.4
2002-04-10,1000,19.1
2002-05-21,2000,27.2
2002-05-21,100,21.1
2002-05-21,2500,32.5
2002-05-21,1500,18.8
2002-05-21,1000,18.2
2002-05-21,500,19.1
2002-06-18,100,18.4
2002-06-18,500,19.5
2002-06-18,1000,19.0
2002-06-18,2000,26.2
2002-06-18,2500,25.8
2002-06-18,1500,19.7
2002-07-09,1500,19.2
2002-07-09,2000,25.2
2002-07-09,500,22.3
2002-07-09,2500,24.8
2002-07-09,100,23.1
2002-07-09,1000,20.9
2002-08-20,2500,30.2
2002-08-20,100,20.8
2002-08-20,500,26.6
2002-08-20,1500,17.1
2002-08-20,1000,18.0
2002-08-20,2000,18.4
2002-09-17,500,25.6
2002-09-17,2500,36.0
2002-09-17,100,23.1
2002-09-17,1000,22.5
2002-09-17,2000,22.9
2002-09-17,1500,19.0
2002-10-15,1000,24.6
2002-10-15,1500,22.6
2002-10-15,2500,41.7
2002-10-15,100,31.9
2002-10-15,500,25.4
2002-10-15,2000,28.9
2002-11-19,1000,25.2
2002-11-19,500,21.6
2002-11-19,1500,22.2
2002-11-19,2500,30.9
2002-11-19,2000,29.5
2002-11-19,100,21.5
2002-12-17,1000,24.9
2002-12-17,2500,23.3
2002-12-17,2000,23.7
2002-12-17,100,24.8
2002-12-17,1500,28.7
2002-12-17,500,26.2
2003-01-23,1500,20.5
2003-01-23,100,30.5
2003-01-23,1000,26.3
2003-01-23,2000,18.1
2003-01-23,500,25.7
2003-01-23,2500,19.4
2003-02-18,100,25.5
2003-02-18,500,25.9
2003-02-18,1000,25.1
2003-02-18,2500,24.2
2003-02-18,1500,25.7
2003-02-18,2000,22.8
2003-03-11,2500,22.8
2003-03-11,100,20.9
2003-03-11,500,18.6
2003-03-11,2000,18.7
2003-03-11,1500,18.9
2003-03-11,1000,20.4
2003-04-24,100,20.7
2003-04-24,2500,21.1
2003-04-24,500,18.5
2003-04-24,1500,19.2
2003-04-24,2000,15.8
2003-04-24,1000,21.8
2003-05-13,1500,16.4
2003-05-13,2000,18.7
2003-05-13,500,21.2
2003-05-13,1000,19.3
2003-05-13,2500,21.8
2003-05-13,100,17.4
2003-06-17,2500,17.8
2003-06-17,500,18.8
2003-06-17,100,21.0
2003-06-17,2000,18.6
2003-06-17,1500,16.7
2003-06-17,1000,18.4
2003-07-15,2000,21.7
2003-07-15,1500,19.2
2003-07-15,1000,18.1
2003-07-15,2500,23.4
2003-07-15,100,21.0
2003-07-15,500,19.0
2003-08-13,500,20.0
2003-08-13,100,24.4
2003-08-13,1500,22.1
2003-08-13,2500,26.9
2003-08-13,2000,17.9
2003-08-13,1000,29.8
2003-09-08,1000,30.5
2003-09-08,2500,30.6
2003-09-08,500,23.1
2003-09-08,1500,19.2
2003-09-08,2000,18.2
2003-09-08,100,22.5
2003-10-14,2500,34.6
2003-10-14,2000,28.6
2003-10-14,500,24.6
2003-10-14,1000,25.2
2003-10-14,100,22.1
2003-10-14,1500,21.2
2003-11-12,1500,26.2
2003-11-12,500,28.0
2003-11-12,2500,32.9
2003-11-12,2000,30.2
2003-11-12,100,29.6
2003-11-12,1000,22.6
2003-12-04,1000,25.0
2003-12-04,2500,37.6
2003-12-04,500,27.1
2003-12-04,2000,24.7
2003-12-04,1500,25.3
2003-12-04,100,26.1
2004-01-20,2500,23.5
2004-01-20,1500,23.2
2004-01-20,500,24.1
2004-01-20,1000,22.7
2004-01-20,100,33.2
2004-01-20,2000,23.8
2004-02-18,1000,31.1
2004-02-18,500,30.1
2004-02-18,2500,30.1
2004-02-18,100,30.4
2004-02-18,1500,31.1
2004-02-18,2000,30.9
2004-03-16,100,24.2
2004-03-16,2000,23.7
2004-03-16,2500,27.9
2004-03-16,1500,22.6
2004-03-16,1000,22.7
2004-03-16,500,33.4
2004-04-15,2500,23.1
2004-04-15,1000,19.4
2004-04-15,100,21.1
2004-04-15,1500,18.2
2004-04-15,500,18.5
2004-04-15,2000,20.3
2004-05-11,500,25.8
2004-05-11,2000,21.9
2004-05-11,100,28.6
2004-05-11,1500,27.1
2004-05-11,2500,29.5
2004-05-11,1000,28.2
2004-06-21,1500,22.5
2004-06-21,2500,24.4
2004-06-21,500,22.3
2004-06-21,2000,25.3
2004-06-21,1000,22.5
2004-06-21,100,28.4
2004-07-13,1000,20.6
2004-07-13,2500,25.7
2004-07-13,500,27.0
2004-07-13,1500,26.3
2004-07-13,2000,27.3
2004-07-13,100,22.1
2004-08-10,2000,16.9
2004-08-10,500,18.9
2004-08-10,1500,19.7
2004-08-10,1000,19.7
2004-08-10,2500,17.4
2004-08-10,100,19.2
2004-09-13,1000,19.6
2004-09-13,1500,17.4
2004-09-13,100,21.0
2004-09-13,2000,16.3
2004-09-13,2500,15.1
2004-09-13,500,22.0
2004-10-13,1000,19.8
2004-10-13,500,16.8
2004-10-13,2000,18.5
2004-10-13,2500,23.1
2004-10-13,1500,20.2
2004-10-13,100,17.7
2004-11-09,2500,30.0
2004-11-09,2000,23.9
2004-11-09,100,26.3
2004-11-09,1500,24.1
2004-11-09,1000,21.5
2004-11-09,500,24.1
2004-12-15,500,21.2
2004-12-15,2500,29.3
2004-12-15,100,23.9
2004-12-15,2000,21.1
2004-12-15,1000,20.8
2004-12-15,1500,29.0
2005-01-18,100,22.8
2005-01-18,2000,21.5
2005-01-18,2500,21.3
2005-01-18,500,24.2
2005-01-18,1000,22.7
2005-01-18,1500,22.8
2005-02-22,1500,23.5
2005-02-22,2500,26.8
2005-02-22,1000,22.8
2005-02-22,500,23.4
2005-02-22,2000,23.6
2005-02-22,100,22.3
2005-03-29,1500,
2005-03-29,2000,
2005-03-29,500,
2005-03-29,1000,
2005-03-29,2500,
2005-03-29,100,
2005-04-26,1000,28.2
2005-04-26,100,34.0
2005-04-26,500,29.9
2005-04-26,2500,34.1
2005-04-26,2000,33.3
2005-04-26,1500,27.8
2005-05-20,500,24.6
2005-05-20,2500,26.8
2005-05-20,2000,31.8
2005-05-20,1000,33.8
2005-05-20,100,28.7
2005-05-20,1500,33.8
2005-06-21,2500,20.8
2005-06-21,100,20.2
2005-06-21,2000,22.4
2005-06-21,1000,19.6
2005-06-21,1500,19.9
2005-06-21,500,23.6
2005-07-28,100,21.3
2005-07-28,1000,21.3
2005-07-28,500,23.1
2005-07-28,2500,27.6
2005-07-28,2000,21.8
2005-07-28,1500,20.2
2005-08-11,2000,28.2
2005-08-11,1000,23.6
2005-08-11,1500,23.4
2005-08-11,100,26.2
2005-08-11,2500,32.7
2005-08-11,500,30.4
2005-09-14,1500,20.6
2005-09-14,2500,28.4
2005-09-14,100,21.9
2005-09-14,1000,23.8
2005-09-14,2000,19.6
2005-09-14,500,22.3
2005-10-26,500,21.5
2005-10-26,2000,20.1
2005-10-26,2500,44.5
2005-10-26,100,19.0
2005-10-26,1000,20.4
2005-10-26,1500,16.9
2005-11-15,500,28.3
2005-11-15,1500,30.4
2005-11-15,1000,27.5
2005-11-15,2000,28.1
2005-11-15,100,29.8
2005-11-15,2500,23.7
2005-12-13,2000,27.9
2005-12-13,100,26.1
2005-12-13,1500,23.4
2005-12-13,2500,32.9
2005-12-13,500,29.1
2005-12-13,1000,28.4
2006-01-17,1500,24.92
2006-01-17,100,34.13
2006-01-17,1000,23.72
2006-01-17,2500,24.09
2006-01-17,2000,25.0
2006-01-17,500,26.21
2006-02-14,100,21.15
2006-02-14,2000,21.98
2006-02-14,1500,21.24
2006-02-14,1000,21.8
2006-02-14,2500,24.52
2006-02-14,500,23.34
2006-03-14,1000,21.5
2006-03-14,500,21.8
2006-03-14,2500,24.2
2006-03-14,2000,22.7
2006-03-14,1500,21.5
2006-03-14,100,23.4
2006-04-21,2500,21.7
2006-04-21,500,29.1
2006-04-21,1000,20.0
2006-04-21,2000,19.7
2006-04-21,1500,17.5
2006-04-21,100,25.8
2006-05-17,2000,21.2
2006-05-17,1500,19.2
2006-05-17,1000,21.4
2006-05-17,2500,33.2
2006-05-17,100,20.1
2006-05-17,500,21.9
2006-06-21,1000,28.8
2006-06-21,100,25.2
2006-06-21,2000,26.1
2006-06-21,1500,25.4
2006-06-21,2500,25.3
2006-06-21,500,28.1
2006-07-27,1000,34.06
2006-07-27,100,34.3
2006-07-27,2000,32.06
2006-07-27,1500,28.48
2006-07-27,2500,32.72
2006-07-27,500,32.04
2006-08-17,2500,34.72
2006-08-17,2000,42.7
2006-08-17,1000,31.77
2006-08-17,100,30.65
2006-08-17,1500,33.14
2006-08-17,500,33.43
2006-09-20,2000,23.23
2006-09-20,2500,23.68
2006-09-20,1500,22.12
2006-09-20,100,27.28
2006-09-20,500,20.62
2006-09-20,1000,28.56
2006-10-11,2500,
2006-10-11,100,25.91
2006-10-11,1000,21.11
2006-10-11,500,25.02
2006-10-11,1500,
2006-10-11,2000,
2006-11-14,500,21.31
2006-11-14,1500,20.75
2006-11-14,1000,21.6
2006-11-14,2000,24.45
2006-11-14,100,26.42
2006-11-14,2500,35.42
2006-12-12,2500,22.54
2006-12-12,1000,30.04
2006-12-12,500,25.63
2006-12-12,100,33.39
2006-12-12,1500,23.3
2006-12-12,2000,22.4
2007-02-22,2500,35.1
2007-02-22,2000,35.2
2007-02-22,1000,35.9
2007-02-22,1500,35.1
2007-02-22,500,41.5
2007-02-22,100,45.5
2007-03-15,2500,39.7
2007-03-15,100,39.6
2007-03-15,1000,33.2
2007-03-15,1500,31.5
2007-03-15,500,39.9
2007-03-15,2000,39.3
2007-04-05,1000,33.1
2007-04-05,500,35.1
2007-04-05,100,38.9
2007-04-05,2500,30.1
2007-04-05,2000,32.3
2007-04-05,1500,37.5
2007-05-04,500,
2007-05-04,1000,
2007-05-04,2500,
2007-05-04,1500,
2007-05-04,100,
2007-05-04,2000,
2007-05-14,1500,
2007-05-14,100,
2007-05-14,2000,
2007-05-14,2500,
2007-05-14,1000,
2007-05-14,500,
2007-06-14,1500,27.69
2007-06-14,100,32.36
2007-06-14,2000,24.76
2007-06-14,1000,32.32
2007-06-14,500,25.4
2007-06-14,2500,39.22
2007-07-12,100,25.08
2007-07-12,1000,24.36
2007-07-12,1500,25.38
2007-07-12,500,32.99
2007-07-12,2000,24.57
2007-07-12,2500,32.92
2007-08-16,500,26.87
2007-08-16,1500,22.36
2007-08-16,2500,27.52
2007-08-16,100,32.41
2007-08-16,1000,20.57
2007-08-16,2000,25.53
2007-09-12,2500,35.61
2007-09-12,100,29.19
2007-09-12,1500,24.41
2007-09-12,500,28.01
2007-09-12,1000,26.03
2007-09-12,2000,23.06
2007-10-16,2000,30.14
2007-10-16,100,22.19
2007-10-16,500,20.27
2007-10-16,1500,20.37
2007-10-16,2500,33.88
2007-10-16,1000,20.1
2007-11-13,500,22.04
2007-11-13,2500,29.95
2007-11-13,2000,23.39
2007-11-13,1500,20.57
2007-11-13,100,23.18
2007-11-13,1000,20.51
2007-12-11,100,31.78
2007-12-11,2500,28.39
2007-12-11,1000,27.77
2007-12-11,1500,28.62
2007-12-11,500,35.98
2007-12-11,2000,29.37
2008-01-17,1500,26.7
2008-01-17,2500,31.26
2008-01-17,100,28.36
2008-01-17,1000,28.63
2008-01-17,500,30.61
2008-01-17,2000,28.63
2008-02-19,1500,35.11
2008-02-19,500,37.52
2008-02-19,2000,32.68
2008-02-19,100,35.47
2008-02-19,1000,38.03
2008-02-19,2500,29.49
2008-04-16,100,33.9
2008-04-16,1500,21.4
2008-04-16,1000,27.9
2008-04-16,500,25.3
2008-04-16,2000,20.5
2008-04-16,2500,31.2
2008-05-20,500,21.1
2008-05-20,1500,21.4
2008-05-20,2500,27.9
2008-05-20,100,23.0
2008-05-20,2000,21.5
2008-05-20,1000,20.2
2008-06-24,1000,27.4
2008-06-24,1500,19.9
2008-06-24,2500,22.4
2008-06-24,2000,19.7
2008-06-24,500,26.4
2008-06-24,100,21.1
2008-07-09,500,17.7
2008-07-09,1000,17.1
2008-07-09,100,17.9
2008-07-09,1500,15.6
2008-07-09,2500,17.5
2008-07-09,2000,13.6
2008-08-19,500,22.5
2008-08-19,1000,22.7
2008-08-19,2500,21.9
2008-08-19,1500,24.9
2008-08-19,2000,24.8
2008-08-19,100,32.3
2008-09-15,2500,
2008-09-15,1500,
2008-09-15,100,
2008-09-15,500,
2008-09-15,1000,
2008-09-15,2000,
2008-09-16,2500,
2008-09-16,500,
2008-09-16,1000,
2008-09-16,100,
2008-09-16,2000,
2008-09-16,1500,
2008-09-17,100,27.2
2008-09-17,1500,18.9
2008-09-17,2000,20.1
2008-09-17,1000,20.6
2008-09-17,500,21.6
2008-09-17,2500,23.6
2008-09-18,2500,
2008-09-18,1500,
2008-09-18,1000,
2008-09-18,500,
2008-09-18,2000,
2008-09-18,100,
2008-10-27,1500,20.5
2008-10-27,2000,17.3
2008-10-27,2500,16.1
2008-10-27,100,20.2
2008-10-27,1000,20.0
2008-10-27,500,19.6
2008-11-17,100,34.77
2008-11-17,500,23.8
2008-11-17,1500,27.63
2008-11-17,2500,27.81
2008-11-17,2000,29.39
2008-11-17,1000,25.1
2008-12-08,500,
2008-12-08,1000,
2008-12-08,100,
2008-12-08,2500,
2008-12-08,1500,
2008-12-08,2000,
2009-01-19,1500,24.95
2009-01-19,2500,27.16
2009-01-19,500,24.47
2009-01-19,100,23.91
2009-01-19,2000,27.23
2009-01-19,1000,25.68
2009-01-19,100,23.91
2009-01-19,500,24.47
2009-01-19,1000,25.68
2009-01-19,1500,24.95
2009-01-19,2000,27.23
2009-01-19,2500,27.16
2009-02-10,100,33.56
2009-02-10,500,27.41
2009-02-10,1000,31.43
2009-02-10,1500,32.89
2009-02-10,2000,29.56
2009-02-10,2500,28.17
2009-03-02,100,25.54
2009-03-02,500,23.3
2009-03-02,1000,23.01
2009-03-02,1500,27.74
2009-03-02,2000,26.33
2009-03-02,2500,29.86
2009-04-24,100,19.62
2009-04-24,500,19.51
2009-04-24,1000,19.82
2009-04-24,1500,18.78
2009-04-24,2000,17.24
2009-04-24,2500,23.18
2009-05-20,100,23.12
2009-05-20,500,21.52
2009-05-20,1000,20.38
2009-05-20,1500,23.92
2009-05-20,2000,24.8
2009-05-20,2500,25.9
2009-06-23,100,21.24
2009-06-23,500,20.17
2009-06-23,1000,21.3
2009-06-23,1500,17.22
2009-06-23,2000,18.78
2009-06-23,2500,26.99
2009-07-14,100,20.39
2009-07-14,500,21.24
2009-07-14,1000,20.1
2009-07-14,1500,18.17
2009-07-14,2000,19.05
2009-07-14,2500,23.55
2009-08-20,100,18.88
2009-08-20,500,21.56
2009-08-20,1000,20.65
2009-08-20,1500,18.74
2009-08-20,2000,21.07
2009-08-20,2500,19.86
2009-09-15,100,19.95
2009-09-15,500,20.46
2009-09-15,1000,19.55
2009-09-15,1500,20.33
2009-09-15,2000,18.52
2009-09-15,2500,21.83
2009-10-19,100,24.01
2009-10-19,500,25.76
2009-10-19,1000,24.45
2009-10-19,1500,27.98
2009-10-19,2000,34.53
2009-10-19,2500,24.05
2009-11-04,0,
2009-12-15,100,22.61
2009-12-15,500,22.09
2009-12-15,1000,24.22
2009-12-15,1500,25.02
2009-12-15,2000,25.3
2009-12-15,2500,27.79
2010-01-19,100,24.17
2010-01-19,500,26.38
2010-01-19,1000,27.24
2010-01-19,1500,27.53
2010-01-19,2000,32.52
2010-01-19,2500,32.75
2010-02-11,0,
2010-03-19,100,25.05
2010-03-19,500,27.99
2010-03-19,1000,26.21
2010-03-19,1500,26.93
2010-03-19,2000,26.81
2010-03-19,2500,24.12
2010-04-26,100,21.46
2010-04-26,500,29.11
2010-04-26,1000,20.57
2010-04-26,1500,19.13
2010-04-26,2000,20.57
2010-04-26,2500,23.0
2010-05-19,100,18.48
2010-05-19,500,20.25
2010-05-19,1000,21.18
2010-05-19,1500,20.56
2010-05-19,2000,26.77
2010-05-19,2500,28.93
2010-06-02,100,20.79
2010-06-02,500,21.06
2010-06-02,1000,26.93
2010-06-02,1500,26.84
2010-06-02,2000,27.22
2010-06-02,2500,35.49
2010-07-01,100,21.65
2010-07-01,500,19.68
2010-07-01,1000,21.39
2010-07-01,1500,23.36
2010-07-01,2000,23.06
2010-07-01,2500,40.24
2010-08-10,100,26.83
2010-08-10,500,22.6
2010-08-10,1000,19.13
2010-08-10,1500,19.54
2010-08-10,2000,25.48
2010-08-10,2500,29.56
2010-09-21,100,25.25
2010-09-21,500,20.42
2010-09-21,1000,21.19
2010-09-21,1500,22.02
2010-09-21,2000,22.58
2010-09-21,2500,27.02
2010-10-13,100,18.91
2010-10-13,500,19.55
2010-10-13,1000,20.41
2010-10-13,1500,18.04
2010-10-13,2000,19.87
2010-10-13,2500,27.7
2010-11-16,100,26.16
2010-11-16,500,27.78
2010-11-16,1000,27.16
2010-11-16,1500,28.85
2010-11-16,2000,27.02
2010-11-16,2500,28.32
2010-12-03,0,
2011-01-19,0,
2011-02-18,100,24.23
2011-02-18,500,23.68
2011-02-18,1000,24.04
2011-02-18,1500,24.71
2011-02-18,2000,28.46
2011-02-18,2500,20.17
2011-03-08,100,34.19
2011-03-08,500,27.78
2011-03-08,1000,24.86
2011-03-08,1500,26.79
2011-03-08,2000,32.23
2011-03-08,2500,27.76
2011-04-19,100,29.33
2011-04-19,500,27.49
2011-04-19,1000,24.12
2011-04-19,1500,21.72
2011-04-19,2000,21.15
2011-04-19,2500,22.9
2011-05-13,100,24.62
2011-05-13,500,28.51
2011-05-13,1000,24.81
2011-05-13,1500,20.31
2011-05-13,2000,23.26
2011-05-13,2500,20.54
2011-06-21,100,21.58
2011-06-21,500,21.76
2011-06-21,1000,17.9
2011-06-21,1500,21.74
2011-06-21,2000,21.75
2011-06-21,2500,23.86
2011-07-25,100,19.89
2011-07-25,500,39.34
2011-07-25,1000,18.95
2011-07-25,1500,17.5
2011-07-25,2000,24.57
2011-07-25,2500,23.71
2011-08-01,100,27.79
2011-08-01,500,31.86
2011-08-01,1000,29.39
2011-08-01,1500,36.06
2011-08-01,2000,39.29
2011-08-01,2500,29.75
2011-08-01,900,
2011-08-01,2800,
2011-09-21,100,25.46
2011-09-21,500,25.84
2011-09-21,1000,25.06
2011-09-21,1500,26.6
2011-09-21,2000,25.41
2011-09-21,2500,26.93
2011-09-21,2750,
2011-10-13,0,
2011-10-18,0,
2011-10-21,0,
2011-11-08,100,21.62
2011-11-08,500,23.86
2011-11-08,1000,23.13
2011-11-08,1500,24.33
2011-11-08,2000,22.24
2011-11-08,2500,26.59
2011-11-08,2700,
2011-12-09,0,
2012-01-11,100,23.2
2012-01-11,500,26.19
2012-01-11,1000,25.56
2012-01-11,1500,24.01
2012-01-11,2000,26.23
2012-01-11,2500,26.12
2012-01-11,2700,
2012-02-13,0,
2012-03-13,100,21.33
2012-03-13,500,20.95
2012-03-13,1000,24.01
2012-03-13,1500,20.92
2012-03-13,2000,26.09
2012-03-13,2500,27.11
2012-04-10,100,
2012-04-10,500,
2012-04-10,1000,
2012-04-10,1500,
2012-04-10,2000,
2012-04-10,2500,
2012-05-14,100,17.39
2012-05-14,500,
2012-05-14,1000,17.85
2012-05-14,1500,17.62
2012-05-14,2000,18.38
2012-05-14,2500,18.98
2012-06-26,100,22.72
2012-06-26,500,29.21
2012-06-26,1000,22.33
2012-06-26,1500,56.96
2012-06-26,2000,
2012-06-26,2500,21.84
2012-07-16,100,20.64
2012-07-16,500,24.48
2012-07-16,1000,22.24
2012-07-16,1500,22.15
2012-07-16,2000,22.57
2012-07-16,2500,22.22
2012-08-07,100,19.8
2012-08-07,500,
2012-08-07,1000,20.71
2012-08-07,1500,25.16
2012-08-07,2000,
2012-08-07,2500,19.22
2012-09-27,100,21.81
2012-09-27,500,19.68
2012-09-27,1000,24.84
2012-09-27,1500,22.58
2012-09-27,2000,16.86
2012-09-27,2500,18.33
2012-10-02,100,17.27
2012-10-02,500,17.3
2012-10-02,1000,15.83
2012-10-02,1500,16.65
2012-10-02,2000,20.88
2012-10-02,2500,19.15
2012-11-06,100,17.36
2012-11-06,500,17.23
2012-11-06,1000,17.73
2012-11-06,1500,14.14
2012-11-06,2000,21.97
2012-11-06,2500,23.92
2012-12-04,100,18.76
2012-12-04,500,19.07
2012-12-04,1000,15.4
2012-12-04,1500,17.07
2012-12-04,2000,17.99
2012-12-04,2500,18.16
2013-01-01,0,
2013-02-06,100,27.23
2013-02-06,500,27.55
2013-02-06,1000,26.68
2013-02-06,1500,30.4
2013-02-06,2000,29.81
2013-02-06,2500,26.44
2013-03-05,100,24.75
2013-03-05,500,27.88
2013-03-05,1000,31.7
2013-03-05,1500,28.41
2013-03-05,2000,28.42
2013-03-05,2500,27.42
2013-04-03,100,23.87
2013-04-03,500,27.25
2013-04-03,1000,24.53
2013-04-03,1500,27.37
2013-04-03,2000,27.91
2013-04-03,2500,26.85
2013-05-24,100,21.9
2013-05-24,500,19.56
2013-05-24,1000,19.85
2013-05-24,1500,21.24
2013-05-24,2000,21.2
2013-05-24,2500,22.73
2013-06-04,100,18.03
2013-06-04,500,19.38
2013-06-04,1000,18.65
2013-06-04,1500,18.68
2013-06-04,2000,19.48
2013-06-04,2500,22.61
2013-07-04,100,17.23
2013-07-04,500,15.03
2013-07-04,1000,13.88
2013-07-04,1500,13.33
2013-07-04,2000,15.94
2013-07-04,2500,14.33
2013-08-28,100,19.11
2013-08-28,500,36.62
2013-08-28,1000,18.77
2013-08-28,1500,20.38
2013-08-28,2000,16.47
2013-08-28,2500,18.26
2013-09-24,100,18.41
2013-09-24,500,18.78
2013-09-24,1000,17.36
2013-09-24,1500,16.25
2013-09-24,2000,14.49
2013-09-24,2500,17.13
2013-10-01,100,18.88
2013-10-01,500,18.67
2013-10-01,1000,16.63
2013-10-01,1500,21.41
2013-10-01,2000,15.39
2013-10-01,2500,23.15
2013-11-05,100,20.42
2013-11-05,500,19.33
2013-11-05,1000,18.81
2013-11-05,1500,16.8
2013-11-05,2000,16.11
2013-11-05,2500,15.76
2013-12-03,100,17.3
2013-12-03,500,16.68
2013-12-03,1000,15.87
2013-12-03,1500,17.86
2013-12-03,2000,21.52
2013-12-03,2500,21.76
2014-02-25,100,37.5
2014-02-25,500,32.43
2014-02-25,1000,29.2
2014-02-25,1500,37.04
2014-02-25,2000,37.1
2014-02-25,2500,32.42
2014-03-05,100,28.39
2014-03-05,500,29.79
2014-03-05,1000,30.2
2014-03-05,1500,29.78
2014-03-05,2000,33.22
2014-03-05,2500,31.43
2014-04-15,100,27.64
2014-04-15,500,24.53
2014-04-15,1000,25.6
2014-04-15,1500,26.46
2014-04-15,2000,23.48
2014-04-15,2500,20.17
2014-05-07,100,24.33
2014-05-07,500,27.09
2014-05-07,1000,27.05
2014-05-07,1500,20.05
2014-05-07,2000,30.03
2014-05-07,2500,19.42
2014-06-21,100,27.29
2014-06-21,500,31.49
2014-06-21,1000,21.39
2014-06-21,1500,22.32
2014-06-21,2000,20.53
2014-06-21,2500,24.36
2014-07-08,100,22.3
2014-07-08,500,19.81
2014-07-08,1000,19.43
2014-07-08,1500,18.94
2014-07-08,2000,17.57
2014-07-08,2500,19.96
2014-08-28,100,21.38
2014-08-28,500,20.17
2014-08-28,1000,15.91
2014-08-28,1500,21.15
2014-08-28,2000,18.46
2014-08-28,2500,19.94
2014-09-23,100,20.07
2014-09-23,500,18.76
2014-09-23,1000,21.21
2014-09-23,1500,19.52
2014-09-23,2000,27.42
2014-09-23,2500,31.32
2014-10-21,100,22.99
2014-10-21,500,27.76
2014-10-21,1000,23.67
2014-10-21,1500,19.09
2014-10-21,2000,21.68
2014-10-21,2500,41.24
2014-11-18,100,25.43
2014-11-18,500,19.47
2014-11-18,1000,22.25
2014-11-18,1500,22.52
2014-11-18,2000,22.66
2014-11-18,2500,23.09
2014-12-16,100,26.1
2014-12-16,500,22.81
2014-12-16,1000,26.49
2014-12-16,1500,23.06
2014-12-16,2000,22.4
2014-12-16,2500,22.65
2015-01-06,100,24.12
2015-01-06,500,26.9
2015-01-06,1000,21.84
2015-01-06,1500,26.68
2015-01-06,2000,58.74
2015-01-06,2500,23.72
2015-02-23,100,19.01
2015-02-23,500,20.0
2015-02-23,1000,22.66
2015-02-23,1500,21.63
2015-02-23,2000,22.07
2015-02-23,2500,22.36
2015-03-17,100,16.58
2015-03-17,500,17.05
2015-03-17,1000,16.57
2015-03-17,1500,15.15
2015-03-17,2000,19.49
2015-03-17,2500,21.96
2015-04-21,100,17.96
2015-04-21,500,19.33
2015-04-21,1000,18.71
2015-04-21,1500,15.71
2015-04-21,2000,17.2
2015-04-21,2500,21.05
2015-05-12,100,16.89
2015-05-12,500,17.27
2015-05-12,1000,15.99
2015-05-12,1500,15.88
2015-05-12,2000,19.89
2015-05-12,2500,20.73
2015-06-04,100,26.05
2015-06-04,500,21.53
2015-06-04,1000,24.81
2015-06-04,1500,25.6
2015-06-04,2000,36.06
2015-06-04,2500,30.6
2015-06-21,100,20.73
2015-06-21,500,22.5
2015-06-21,1000,24.07
2015-06-21,1500,21.27
2015-06-21,2000,21.57
2015-06-21,2500,29.59
2015-07-14,100,24.94
2015-07-14,500,25.45
2015-07-14,1000,26.41
2015-07-14,1500,23.04
2015-07-14,2000,22.88
2015-07-14,2500,19.77
2015-08-04,100,22.52
2015-08-04,500,22.34
2015-08-04,1000,23.69
2015-08-04,1500,18.69
2015-08-04,2000,22.63
2015-08-04,2500,23.66
2015-09-10,100,22.09
2015-09-10,500,23.99
2015-09-10,1000,20.86
2015-09-10,1500,20.13
2015-09-10,2000,22.11
2015-09-10,2500,25.12
2015-10-15,0,
2015-11-05,100,18.64
2015-11-05,500,18.53
2015-11-05,1000,21.65
2015-11-05,1500,19.14
2015-11-05,2000,27.33
2015-11-05,2500,32.4
2015-12-08,100,19.7
2015-12-08,500,20.96
2015-12-08,1000,23.77
2015-12-08,1500,20.6
2015-12-08,2000,20.24
2015-12-08,2500,20.2
2016-01-05,0,
2016-02-09,0,
2016-03-08,100,
2016-03-08,2640,
2016-03-08,500,17.56
2016-03-08,1000,20.21
2016-03-08,1500,23.4
2016-03-08,2000,24.07
2016-03-08,2500,22.9
2016-04-12,100,27.43
2016-04-12,500,25.41
2016-04-12,1000,28.5
2016-04-12,1500,25.74
2016-04-12,2000,30.7
2016-04-12,2500,33.19
2016-05-03,100,21.08
2016-05-03,500,16.65
2016-05-03,1000,20.85
2016-05-03,1500,19.87
2016-05-03,2000,21.19
2016-05-03,2500,21.72
2016-06-01,100,21.8
2016-06-01,500,22.94
2016-06-01,1000,21.77
2016-06-01,1500,21.66
2016-06-01,2000,23.8
2016-06-01,2500,22.15
2016-06-21,0,
2016-07-05,100,26.72
2016-07-05,500,26.01
2016-07-05,1000,21.12
2016-07-05,1500,18.23
2016-07-05,2000,22.81
2016-07-05,2500,21.6
2016-08-03,100,26.09
2016-08-03,500,23.94
2016-08-03,1000,19.14
2016-08-03,1500,17.75
2016-08-03,2000,17.15
2016-08-03,2500,24.68
2016-09-21,100,8.12
2016-09-21,500,3.62
2016-09-21,1000,3.41
2016-09-21,1500,5.74
2016-09-21,2000,3.88
2016-09-21,2500,9.58
2016-10-19,100,
2016-10-19,500,
2016-10-19,1000,
2016-10-19,1500,
2016-10-19,2000,
2016-10-19,2500,
2016-11-08,100,19.67
2016-11-08,500,21.0
2016-11-08,1000,19.39
2016-11-08,1500,19.38
2016-11-08,2000,19.58
2016-11-08,2500,42.54
2016-12-06,100,22.9
2016-12-06,500,18.6
2016-12-06,1000,17.47
2016-12-06,1500,20.34
2016-12-06,2000,27.31
2016-12-06,2500,39.92
2017-01-10,100,22.02
2017-01-10,500,22.66
2017-01-10,1000,19.98
2017-01-10,1500,20.59
2017-01-10,2000,18.64
2017-01-10,2500,19.02
2017-02-21,0,
2017-03-13,100,19.35
2017-03-13,500,18.4
2017-03-13,1000,19.53
2017-03-13,1500,21.17
2017-03-13,2000,20.51
2017-03-13,2500,20.15
2017-04-10,100,25.43
2017-04-10,500,24.5
2017-04-10,1000,26.15
2017-04-10,1500,24.87
2017-04-10,2000,28.43
2017-04-10,2500,26.53
2017-05-03,0,
2017-06-21,100,22.42
2017-06-21,500,23.43
2017-06-21,1000,27.83
2017-06-21,1500,31.72
2017-06-21,2000,25.67
2017-06-21,2500,28.95
2017-07-17,100,19.62
2017-07-17,500,18.42
2017-07-17,1000,19.51
2017-07-17,1500,18.92
2017-07-17,2000,22.21
2017-07-17,2500,25.79
2017-08-01,100,19.67
2017-08-01,500,18.78
2017-08-01,1000,17.81
2017-08-01,1500,17.46
2017-08-01,2000,16.46
2017-08-01,2500,22.27
2017-09-12,100,18.58
2017-09-12,500,18.43
2017-09-12,1000,20.64
2017-09-12,1500,15.53
2017-09-12,2000,16.58
2017-09-12,2500,19.35
2017-10-24,100,
2017-10-24,2500,
2017-10-24,500,24.91
2017-10-24,1000,24.06
2017-10-24,1500,22.9
2017-10-24,2000,28.81
2017-11-09,100,
2017-11-09,2500,
2017-11-09,500,19.83
2017-11-09,1000,18.65
2017-11-09,1500,16.01
2017-11-09,2000,18.32
2017-12-19,100,19.16
2017-12-19,500,23.04
2017-12-19,1000,18.45
2017-12-19,1500,19.91
2017-12-19,2000,18.78
2017-12-19,2500,19.45
2018-01-10,100,19.25
2018-01-10,500,21.5
2018-01-10,1000,20.96
2018-01-10,1500,20.11
2018-01-10,2000,20.01
2018-01-10,2500,18.92
2018-02-20,100,22.09
2018-02-20,500,21.8
2018-02-20,1000,23.51
2018-02-20,1500,23.0
2018-02-20,2000,21.68
2018-02-20,2500,21.48
2018-03-26,100,24.28
2018-03-26,500,22.24
2018-03-26,1000,21.4
2018-03-26,1500,20.34
2018-03-26,2000,20.28
2018-03-26,2500,20.13
2018-04-18,100,23.74
2018-04-18,500,20.42
2018-04-18,1000,18.72
2018-04-18,1500,19.0
2018-04-18,2000,16.73
2018-04-18,2500,17.62
2018-05-08,100,19.71
2018-05-08,500,19.17
2018-05-08,1000,18.71
2018-05-08,1500,18.02
2018-05-08,2000,16.67
2018-05-08,2500,17.26
2018-06-21,100,19.46
2018-06-21,500,19.79
2018-06-21,1000,16.46
2018-06-21,1500,16.52
2018-06-21,2000,17.2
2018-06-21,2500,18.37
2018-07-12,0,
2018-08-01,100,14.98
2018-08-01,2500,13.43
2018-08-01,500,13.53
2018-08-01,1000,15.44
2018-08-01,1500,15.77
2018-08-01,2000,10.12
2018-09-20,100,17.14
2018-09-20,500,15.76
2018-09-20,1000,15.04
2018-09-20,1500,14.33
2018-09-20,2000,11.56
2018-09-20,2500,19.84
2018-09-20,1450,
2018-10-18,100,12.09
2018-10-18,500,11.47
2018-10-18,1000,10.21
2018-10-18,1500,9.2
2018-10-18,2000,10.8
2018-10-18,2500,11.24
2018-11-13,100,11.14
2018-11-13,500,10.68
2018-11-13,1000,10.56
2018-11-13,1500,11.45
2018-11-13,2000,11.51
2018-11-13,2500,13.78
2018-12-12,100,13.23
2018-12-12,500,12.88
2018-12-12,1000,14.03
2018-12-12,1500,12.33
2018-12-12,2000,12.12
2018-12-12,2500,13.99
2019-01-08,0,
2019-02-26,100,10.84
2019-02-26,500,11.61
2019-02-26,1000,11.69
2019-02-26,1500,11.82
2019-02-26,2000,13.82
2019-02-26,2500,15.54
2019-03-20,100,12.75
2019-03-20,500,12.99
2019-03-20,1000,12.44
2019-03-20,1500,15.68
2019-03-20,2000,16.25
2019-03-20,2500,15.8
2019-04-24,100,13.13
2019-04-24,500,12.0
2019-04-24,1000,13.86
2019-04-24,1500,11.29
2019-04-24,2000,10.27
2019-04-24,2500,18.14
2019-05-28,100,11.79
2019-05-28,500,12.5
2019-05-28,1000,12.34
2019-05-28,1500,10.44
2019-05-28,2000,11.38
2019-05-28,2500,15.21
2019-06-26,100,13.08
2019-06-26,500,12.62
2019-06-26,1000,11.43
2019-06-26,1500,11.75
2019-06-26,2000,11.71
2019-06-26,2500,14.14
2019-07-31,100,
2019-07-31,500,
2019-07-31,1000,
2019-07-31,1500,
2019-07-31,2000,
2019-07-31,2500,
2019-08-27,100,
2019-08-27,500,
2019-08-27,1000,
2019-08-27,1500,
2019-08-27,2000,
2019-08-27,2500,
1999-01-26,100,28.7
1999-01-26,500,28.9
1999-01-26,1000,29.9
1999-01-26,1500,27.6
1999-01-26,2000,27.7
1999-01-26,2500,30.1
1999-02-12,100,29.6
1999-02-12,500,31.3
1999-02-12,1000,30.8
1999-02-12,1500,31.0
1999-02-12,2000,28.7
1999-02-12,2500,31.1
1999-03-25,100,30.1
1999-03-25,500,30.1
1999-03-25,1000,30.6
1999-03-25,1500,26.6
1999-03-25,2000,25.6
1999-03-25,2500,30.3
1999-04-27,100,30.1
1999-04-27,500,24.5
1999-04-27,1000,23.2
1999-04-27,1500,28.9
1999-04-27,2000,28.7
1999-04-27,2500,30.8
1999-05-25,100,19.7
1999-05-25,500,25.9
1999-05-25,1000,21.7
1999-05-25,1500,21.9
1999-05-25,2000,23.4
1999-05-25,2500,29.9
1999-06-17,100,20.6
1999-06-17,500,38.6
1999-06-17,1000,25.2
1999-06-17,1500,25.6
1999-06-17,2000,37.4
1999-06-17,2500,38.5
1999-07-15,100,22.5
1999-07-15,500,23.1
1999-07-15,1000,22.7
1999-07-15,1500,24.8
1999-07-15,2000,30.9
1999-07-15,2500,28.9
1999-08-17,100,23.1
1999-08-17,500,21.6
1999-08-17,1000,20.3
1999-08-17,1500,19.8
1999-08-17,2000,20.5
1999-08-17,2500,28.4
1999-09-17,100,30.2
1999-09-17,500,25.6
1999-09-17,1000,24.9
1999-09-17,1500,20.4
1999-09-17,2000,18.0
1999-09-17,2500,21.8
1999-10-18,100,29.3
1999-10-18,500,27.1
1999-10-18,1000,22.1
1999-10-18,1500,23.3
1999-10-18,2000,20.9
1999-10-18,2500,25.0
1999-11-16,100,27.5
1999-11-16,500,19.2
1999-11-16,1000,18.4
1999-11-16,1500,15.1
1999-11-16,2000,16.1
1999-11-16,2500,24.2
1999-12-15,100,29.2
1999-12-15,500,24.2
1999-12-15,1000,22.5
1999-12-15,1500,25.0
1999-12-15,2000,27.5
1999-12-15,2500,21.5
2000-01-18,100,31.8
2000-01-18,500,30.1
2000-01-18,1000,32.5
2000-01-18,1500,27.2
2000-01-18,2000,26.7
2000-01-18,2500,25.4
2000-02-08,100,27.0
2000-02-08,500,27.9
2000-02-08,1000,29.5
2000-02-08,1500,27.6
2000-02-08,2000,26.7
2000-02-08,2500,29.6
2000-03-15,100,33.8
2000-03-15,500,41.1
2000-03-15,1000,37.2
2000-03-15,1500,32.3
2000-03-15,2000,36.4
2000-03-15,2500,33.8
2000-04-17,100,25.2
2000-04-17,500,20.8
2000-04-17,1000,19.3
2000-04-17,1500,22.2
2000-04-17,2000,26.7
2000-04-17,2500,25.4
2000-05-17,100,17.2
2000-05-17,500,15.4
2000-05-17,1000,16.1
2000-05-17,1500,16.6
2000-05-17,2000,22.6
2000-05-17,2500,28.5
2000-06-28,100,21.4
2000-06-28,500,22.9
2000-06-28,1000,25.3
2000-06-28,1500,17.9
2000-06-28,2000,19.1
2000-06-28,2500,21.5
2000-07-12,100,25.7
2000-07-12,500,30.4
2000-07-12,1000,20.1
2000-07-12,1500,25.7
2000-07-12,2000,18.3
2000-07-12,2500,22.2
2000-08-08,100,23.2
2000-08-08,500,24.7
2000-08-08,1000,20.8
2000-08-08,1500,20.1
2000-08-08,2000,16.8
2000-08-08,2500,19.1
2000-09-27,100,18.0
2000-09-27,500,20.6
2000-09-27,1000,17.9
2000-09-27,1500,18.2
2000-09-27,2000,17.0
2000-09-27,2500,25.2
2000-10-24,100,24.6
2000-10-24,500,28.2
2000-10-24,1000,21.9
2000-10-24,1500,25.8
2000-10-24,2000,25.7
2000-10-24,2500,43.2
2000-11-28,100,40.5
2000-11-28,500,22.2
2000-11-28,1000,23.7
2000-11-28,1500,20.2
2000-11-28,2000,22.0
2000-11-28,2500,42.8
2000-12-18,100,32.5
2000-12-18,500,22.4
2000-12-18,1000,25.2
2000-12-18,1500,24.0
2000-12-18,2000,23.5
2000-12-18,2500,26.0
2001-01-16,100,24.4
2001-01-16,500,23.5
2001-01-16,1000,21.6
2001-01-16,1500,21.8
2001-01-16,2000,23.5
2001-01-16,2500,27.0
2001-02-15,100,22.5
2001-02-15,500,27.8
2001-02-15,1000,24.0
2001-02-15,1500,22.8
2001-02-15,2000,23.1
2001-02-15,2500,25.5
2001-03-13,100,31.2
2001-03-13,500,25.9
2001-03-13,1000,27.7
2001-03-13,1500,27.1
2001-03-13,2000,25.2
2001-03-13,2500,26.4
2001-04-18,100,23.4
2001-04-18,500,23.0
2001-04-18,1000,21.6
2001-04-18,1500,20.0
2001-04-18,2000,19.4
2001-04-18,2500,35.8
2001-05-31,100,20.2
2001-05-31,500,22.8
2001-05-31,1000,22.4
2001-05-31,1500,33.3
2001-05-31,2000,30.5
2001-05-31,2500,32.7
2001-06-28,100,39.3
2001-06-28,500,40.1
2001-06-28,1000,28.4
2001-06-28,1500,32.8
2001-06-28,2000,30.9
2001-06-28,2500,34.9
2001-07-11,100,30.2
2001-07-11,500,24.7
2001-07-11,1000,23.1
2001-07-11,1500,21.3
2001-07-11,2000,20.9
2001-07-11,2500,27.4
2001-08-09,100,25.2
2001-08-09,500,20.8
2001-08-09,1000,20.3
2001-08-09,1500,26.2
2001-08-09,2000,22.9
2001-08-09,2500,25.5
2001-09-10,100,25.8
2001-09-10,500,31.1
2001-09-10,1000,27.8
2001-09-10,1500,20.5
2001-09-10,2000,17.5
2001-09-10,2500,27.6
2001-10-16,100,22.4
2001-10-16,500,21.0
2001-10-16,1000,18.4
2001-10-16,1500,21.6
2001-10-16,2000,21.4
2001-10-16,2500,40.0
2001-11-06,100,43.6
2001-11-06,500,26.4
2001-11-06,1000,22.0
2001-11-06,1500,33.2
2001-11-06,2000,31.6
2001-11-06,2500,24.2
2001-12-13,100,30.6
2001-12-13,500,24.7
2001-12-13,1000,24.1
2001-12-13,1500,25.3
2001-12-13,2000,22.2
2001-12-13,2500,24.3
2002-01-08,100,26.0
2002-01-08,500,27.2
2002-01-08,1000,23.8
2002-01-08,1500,27.9
2002-01-08,2000,27.2
2002-01-08,2500,34.0
2002-02-21,100,28.3
2002-02-21,500,27.1
2002-02-21,1000,30.7
2002-02-21,1500,27.0
2002-02-21,2000,26.2
2002-02-21,2500,26.1
2002-03-11,100,39.9
2002-03-11,500,28.6
2002-03-11,1000,28.4
2002-03-11,1500,26.6
2002-03-11,2000,25.7
2002-03-11,2500,26.9
2002-04-10,100,20.4
2002-04-10,500,19.0
2002-04-10,1000,19.1
2002-04-10,1500,19.7
2002-04-10,2000,19.4
2002-04-10,2500,28.4
2002-05-21,100,21.1
2002-05-21,500,19.1
2002-05-21,1000,18.2
2002-05-21,1500,18.8
2002-05-21,2000,27.2
2002-05-21,2500,32.5
2002-06-18,100,18.4
2002-06-18,500,19.5
2002-06-18,1000,19.0
2002-06-18,1500,19.7
2002-06-18,2000,26.2
2002-06-18,2500,25.8
2002-07-09,100,23.1
2002-07-09,500,22.3
2002-07-09,1000,20.9
2002-07-09,1500,19.2
2002-07-09,2000,25.2
2002-07-09,2500,24.8
2002-08-20,100,20.8
2002-08-20,500,26.6
2002-08-20,1000,18.0
2002-08-20,1500,17.1
2002-08-20,2000,18.4
2002-08-20,2500,30.2
2002-09-17,100,23.1
2002-09-17,500,25.6
2002-09-17,1000,22.5
2002-09-17,1500,19.0
2002-09-17,2000,22.9
2002-09-17,2500,36.0
2002-10-15,100,31.9
2002-10-15,500,25.4
2002-10-15,1000,24.6
2002-10-15,1500,22.6
2002-10-15,2000,28.9
2002-10-15,2500,41.7
2002-11-19,100,21.5
2002-11-19,500,21.6
2002-11-19,1000,25.2
2002-11-19,1500,22.2
2002-11-19,2000,29.5
2002-11-19,2500,30.9
2002-12-17,100,24.8
2002-12-17,500,26.2
2002-12-17,1000,24.9
2002-12-17,1500,28.7
2002-12-17,2000,23.7
2002-12-17,2500,23.3
2003-01-23,100,30.5
2003-01-23,500,25.7
2003-01-23,1000,26.3
2003-01-23,1500,20.5
2003-01-23,2000,18.1
2003-01-23,2500,19.4
2003-02-18,100,25.5
2003-02-18,500,25.9
2003-02-18,1000,25.1
2003-02-18,1500,25.7
2003-02-18,2000,22.8
2003-02-18,2500,24.2
2003-03-11,100,20.9
2003-03-11,500,18.6
2003-03-11,1000,20.4
2003-03-11,1500,18.9
2003-03-11,2000,18.7
2003-03-11,2500,22.8
2003-04-24,100,20.7
2003-04-24,500,18.5
2003-04-24,1000,21.8
2003-04-24,1500,19.2
2003-04-24,2000,15.8
2003-04-24,2500,21.1
2003-05-13,100,17.4
2003-05-13,500,21.2
2003-05-13,1000,19.3
2003-05-13,1500,16.4
2003-05-13,2000,18.7
2003-05-13,2500,21.8
2003-06-17,100,21.0
2003-06-17,500,18.8
2003-06-17,1000,18.4
2003-06-17,1500,16.7
2003-06-17,2000,18.6
2003-06-17,2500,17.8
2003-07-15,100,21.0
2003-07-15,500,19.0
2003-07-15,1000,18.1
2003-07-15,1500,19.2
2003-07-15,2000,21.7
2003-07-15,2500,23.4
2003-08-13,100,24.4
2003-08-13,500,20.0
2003-08-13,1000,29.8
2003-08-13,1500,22.1
2003-08-13,2000,17.9
2003-08-13,2500,26.9
2003-09-08,100,22.5
2003-09-08,500,23.1
2003-09-08,1000,30.5
2003-09-08,1500,19.2
2003-09-08,2000,18.2
2003-09-08,2500,30.6
2003-10-14,100,22.1
2003-10-14,500,24.6
2003-10-14,1000,25.2
2003-10-14,1500,21.2
2003-10-14,2000,28.6
2003-10-14,2500,34.6
2003-11-12,100,29.6
2003-11-12,500,28.0
2003-11-12,1000,22.6
2003-11-12,1500,26.2
2003-11-12,2000,30.2
2003-11-12,2500,32.9
2003-12-04,100,26.1
2003-12-04,500,27.1
2003-12-04,1000,25.0
2003-12-04,1500,25.3
2003-12-04,2000,24.7
2003-12-04,2500,37.6
2004-01-20,100,33.2
2004-01-20,500,24.1
2004-01-20,1000,22.7
2004-01-20,1500,23.2
2004-01-20,2000,23.8
2004-01-20,2500,23.5
2004-02-18,100,30.4
2004-02-18,500,30.1
2004-02-18,1000,31.1
2004-02-18,1500,31.1
2004-02-18,2000,30.9
2004-02-18,2500,30.1
2004-03-16,100,24.2
2004-03-16,500,33.4
2004-03-16,1000,22.7
2004-03-16,1500,22.6
2004-03-16,2000,23.7
2004-03-16,2500,27.9
2004-04-15,100,21.1
2004-04-15,500,18.5
2004-04-15,1000,19.4
2004-04-15,1500,18.2
2004-04-15,2000,20.3
2004-04-15,2500,23.1
2004-05-11,100,28.6
2004-05-11,500,25.8
2004-05-11,1000,28.2
2004-05-11,1500,27.1
2004-05-11,2000,21.9
2004-05-11,2500,29.5
2004-06-21,100,28.4
2004-06-21,500,22.3
2004-06-21,1000,22.5
2004-06-21,1500,22.5
2004-06-21,2000,25.3
2004-06-21,2500,24.4
2004-07-13,100,22.1
2004-07-13,500,27.0
2004-07-13,1000,20.6
2004-07-13,1500,26.3
2004-07-13,2000,27.3
2004-07-13,2500,25.7
2004-08-10,100,19.2
2004-08-10,500,18.9
2004-08-10,1000,19.7
2004-08-10,1500,19.7
2004-08-10,2000,16.9
2004-08-10,2500,17.4
2004-09-13,100,21.0
2004-09-13,500,22.0
2004-09-13,1000,19.6
2004-09-13,1500,17.4
2004-09-13,2000,16.3
2004-09-13,2500,15.1
2004-10-13,100,17.7
2004-10-13,500,16.8
2004-10-13,1000,19.8
2004-10-13,1500,20.2
2004-10-13,2000,18.5
2004-10-13,2500,23.1
2004-11-09,100,26.3
2004-11-09,500,24.1
2004-11-09,1000,21.5
2004-11-09,1500,24.1
2004-11-09,2000,23.9
2004-11-09,2500,30.0
2004-12-15,100,23.9
2004-12-15,500,21.2
2004-12-15,1000,20.8
2004-12-15,1500,29.0
2004-12-15,2000,21.1
2004-12-15,2500,29.3
2005-01-18,100,22.8
2005-01-18,500,24.2
2005-01-18,1000,22.7
2005-01-18,1500,22.8
2005-01-18,2000,21.5
2005-01-18,2500,21.3
2005-02-22,100,22.3
2005-02-22,500,23.4
2005-02-22,1000,22.8
2005-02-22,1500,23.5
2005-02-22,2000,23.6
2005-02-22,2500,26.8
2005-03-29,100,
2005-03-29,500,
2005-03-29,1000,
2005-03-29,1500,
2005-03-29,2000,
2005-03-29,2500,
2005-04-26,100,34.0
2005-04-26,500,29.9
2005-04-26,1000,28.2
2005-04-26,1500,27.8
2005-04-26,2000,33.3
2005-04-26,2500,34.1
2005-05-20,100,28.7
2005-05-20,500,24.6
2005-05-20,1000,33.8
2005-05-20,1500,33.8
2005-05-20,2000,31.8
2005-05-20,2500,26.8
2005-06-21,100,20.2
2005-06-21,500,23.6
2005-06-21,1000,19.6
2005-06-21,1500,19.9
2005-06-21,2000,22.4
2005-06-21,2500,20.8
2005-07-28,100,21.3
2005-07-28,500,23.1
2005-07-28,1000,21.3
2005-07-28,1500,20.2
2005-07-28,2000,21.8
2005-07-28,2500,27.6
2005-08-11,100,26.2
2005-08-11,500,30.4
2005-08-11,1000,23.6
2005-08-11,1500,23.4
2005-08-11,2000,28.2
2005-08-11,2500,32.7
2005-09-14,100,21.9
2005-09-14,500,22.3
2005-09-14,1000,23.8
2005-09-14,1500,20.6
2005-09-14,2000,19.6
2005-09-14,2500,28.4
2005-10-26,100,19.0
2005-10-26,500,21.5
2005-10-26,1000,20.4
2005-10-26,1500,16.9
2005-10-26,2000,20.1
2005-10-26,2500,44.5
2005-11-15,100,29.8
2005-11-15,500,28.3
2005-11-15,1000,27.5
2005-11-15,1500,30.4
2005-11-15,2000,28.1
2005-11-15,2500,23.7
2005-12-13,100,26.1
2005-12-13,500,29.1
2005-12-13,1000,28.4
2005-12-13,1500,23.4
2005-12-13,2000,27.9
2005-12-13,2500,32.9
2006-01-17,100,34.13
2006-01-17,500,26.21
2006-01-17,1000,23.72
2006-01-17,1500,24.92
2006-01-17,2000,25.0
2006-01-17,2500,24.09
2006-02-14,100,21.15
2006-02-14,500,23.34
2006-02-14,1000,21.8
2006-02-14,1500,21.24
2006-02-14,2000,21.98
2006-02-14,2500,24.52
2006-03-14,100,23.4
2006-03-14,500,21.8
2006-03-14,1000,21.5
2006-03-14,1500,21.5
2006-03-14,2000,22.7
2006-03-14,2500,24.2
2006-04-21,100,25.8
2006-04-21,500,29.1
2006-04-21,1000,20.0
2006-04-21,1500,17.5
2006-04-21,2000,19.7
2006-04-21,2500,21.7
2006-05-17,100,20.1
2006-05-17,500,21.9
2006-05-17,1000,21.4
2006-05-17,1500,19.2
2006-05-17,2000,21.2
2006-05-17,2500,33.2
2006-06-21,100,25.2
2006-06-21,500,28.1
2006-06-21,1000,28.8
2006-06-21,1500,25.4
2006-06-21,2000,26.1
2006-06-21,2500,25.3
2006-07-27,100,34.3
2006-07-27,500,32.04
2006-07-27,1000,34.06
2006-07-27,1500,28.48
2006-07-27,2000,32.06
2006-07-27,2500,32.72
2006-08-17,100,30.65
2006-08-17,500,33.43
2006-08-17,1000,31.77
2006-08-17,1500,33.14
2006-08-17,2000,42.7
2006-08-17,2500,34.72
2006-09-20,100,27.28
2006-09-20,500,20.62
2006-09-20,1000,28.56
2006-09-20,1500,22.12
2006-09-20,2000,23.23
2006-09-20,2500,23.68
2006-10-11,100,25.91
2006-10-11,500,25.02
2006-10-11,1000,21.11
2006-10-11,1500,
2006-10-11,2000,
2006-10-11,2500,
2006-11-14,100,26.42
2006-11-14,500,21.31
2006-11-14,1000,21.6
2006-11-14,1500,20.75
2006-11-14,2000,24.45
2006-11-14,2500,35.42
2006-12-12,100,33.39
2006-12-12,500,25.63
2006-12-12,1000,30.04
2006-12-12,1500,23.3
2006-12-12,2000,22.4
2006-12-12,2500,22.54
2007-02-22,100,45.5
2007-02-22,500,41.5
2007-02-22,1000,35.9
2007-02-22,1500,35.1
2007-02-22,2000,35.2
2007-02-22,2500,35.1
2007-03-15,100,39.6
2007-03-15,500,39.9
2007-03-15,1000,33.2
2007-03-15,1500,31.5
2007-03-15,2000,39.3
2007-03-15,2500,39.7
2007-04-05,100,38.9
2007-04-05,500,35.1
2007-04-05,1000,33.1
2007-04-05,1500,37.5
2007-04-05,2000,32.3
2007-04-05,2500,30.1
2007-05-04,100,
2007-05-04,500,
2007-05-04,1000,
2007-05-04,1500,
2007-05-04,2000,
2007-05-04,2500,
2007-05-14,100,
2007-05-14,500,
2007-05-14,1000,
2007-05-14,1500,
2007-05-14,2000,
2007-05-14,2500,
2007-06-14,100,32.36
2007-06-14,500,25.4
2007-06-14,1000,32.32
2007-06-14,1500,27.69
2007-06-14,2000,24.76
2007-06-14,2500,39.22
2007-07-12,100,25.08
2007-07-12,500,32.99
2007-07-12,1000,24.36
2007-07-12,1500,25.38
2007-07-12,2000,24.57
2007-07-12,2500,32.92
2007-08-16,100,32.41
2007-08-16,500,26.87
2007-08-16,1000,20.57
2007-08-16,1500,22.36
2007-08-16,2000,25.53
2007-08-16,2500,27.52
2007-09-12,100,29.19
2007-09-12,500,28.01
2007-09-12,1000,26.03
2007-09-12,1500,24.41
2007-09-12,2000,23.06
2007-09-12,2500,35.61
2007-10-16,100,22.19
2007-10-16,500,20.27
2007-10-16,1000,20.1
2007-10-16,1500,20.37
2007-10-16,2000,30.14
2007-10-16,2500,33.88
2007-11-13,100,23.18
2007-11-13,500,22.04
2007-11-13,1000,20.51
2007-11-13,1500,20.57
2007-11-13,2000,23.39
2007-11-13,2500,29.95
2007-12-11,100,31.78
2007-12-11,500,35.98
2007-12-11,1000,27.77
2007-12-11,1500,28.62
2007-12-11,2000,29.37
2007-12-11,2500,28.39
2008-01-17,100,28.36
2008-01-17,500,30.61
2008-01-17,1000,28.63
2008-01-17,1500,26.7
2008-01-17,2000,28.63
2008-01-17,2500,31.26
2008-02-19,100,35.47
2008-02-19,500,37.52
2008-02-19,1000,38.03
2008-02-19,1500,35.11
2008-02-19,2000,32.68
2008-02-19,2500,29.49
2008-03-01,0,
2008-04-16,100,33.9
2008-04-16,500,25.3
2008-04-16,1000,27.9
2008-04-16,1500,21.4
2008-04-16,2000,20.5
2008-04-16,2500,31.2
2008-05-20,100,23.0
2008-05-20,500,21.1
2008-05-20,1000,20.2
2008-05-20,1500,21.4
2008-05-20,2000,21.5
2008-05-20,2500,27.9
2008-06-24,100,21.1
2008-06-24,500,26.4
2008-06-24,1000,27.4
2008-06-24,1500,19.9
2008-06-24,2000,19.7
2008-06-24,2500,22.4
2008-07-09,100,17.9
2008-07-09,500,17.7
2008-07-09,1000,17.1
2008-07-09,1500,15.6
2008-07-09,2000,13.6
2008-07-09,2500,17.5
2008-08-19,100,32.3
2008-08-19,500,22.5
2008-08-19,1000,22.7
2008-08-19,1500,24.9
2008-08-19,2000,24.8
2008-08-19,2500,21.9
2008-09-15,100,
2008-09-15,500,
2008-09-15,1000,
2008-09-15,1500,
2008-09-15,2000,
2008-09-15,2500,
2008-09-16,100,
2008-09-16,500,
2008-09-16,1000,
2008-09-16,1500,
2008-09-16,2000,
2008-09-16,2500,
2008-09-17,100,27.2
2008-09-17,500,21.6
2008-09-17,1000,20.6
2008-09-17,1500,18.9
2008-09-17,2000,20.1
2008-09-17,2500,23.6
2008-09-18,100,
2008-09-18,500,
2008-09-18,1000,
2008-09-18,1500,
2008-09-18,2000,
2008-09-18,2500,
2008-10-27,100,20.2
2008-10-27,500,19.6
2008-10-27,1000,20.0
2008-10-27,1500,20.5
2008-10-27,2000,17.3
2008-10-27,2500,16.1
2008-11-17,100,34.77
2008-11-17,500,23.8
2008-11-17,1000,25.1
2008-11-17,1500,27.63
2008-11-17,2000,29.39
2008-11-17,2500,27.81
2008-12-08,100,
2008-12-08,500,
2008-12-08,1000,
2008-12-08,1500,
2008-12-08,2000,
2008-12-08,2500,
2019-10-29,100,
2019-10-29,500,
2019-10-29,1000,
2019-10-29,1500,
2019-10-29,2000,
2019-10-29,2500,
2019-11-19,100,
2019-11-19,500,
2019-11-19,1000,
2019-11-19,1500,
2019-11-19,2000,
2019-11-19,2500,
2019-12-10,100,
2019-12-10,500,
2019-12-10,1000,
2019-12-10,1500,
2019-12-10,2000,
2019-12-10,2500,
2020-01-07,100,
2020-01-07,500,
2020-01-07,1000,
2020-01-07,1500,
2020-01-07,2000,
2020-01-07,2500,
2020-03-03,100,
2020-03-03,500,
2020-03-03,1000,
2020-03-03,1500,
2020-03-03,2000,
2020-03-03,2500,
2020-04-28,100,
2020-04-28,500,
2020-04-28,1000,
2020-04-28,1500,
2020-04-28,2000,
2020-04-28,2500,
2020-05-19,100,
2020-05-19,500,
2020-05-19,1000,
2020-05-19,1500,
2020-05-19,2000,
2020-05-19,2500,
2020-06-09,100,
2020-06-09,500,
2020-06-09,1000,
2020-06-09,1500,
2020-06-09,2000,
2020-06-09,2500,
2020-07-01,100,
2020-07-01,500,
2020-07-01,1000,
2020-07-01,1500,
2020-07-01,2000,
2020-07-01,2500,
2020-07-30,100,
2020-07-30,500,
2020-07-30,1000,
2020-07-30,1500,
2020-07-30,2000,
2020-07-30,2500,
2020-08-24,100,
2020-08-24,500,
2020-08-24,1000,
2020-08-24,1500,
2020-08-24,2000,
2020-08-24,2500,
2020-09-15,100,
2020-09-15,500,
2020-09-15,1000,
2020-09-15,1500,
2020-09-15,2000,
2020-09-15,2500,
2021-02-17,100,
2021-02-17,500,
2021-02-17,1000,
2021-02-17,1500,
2021-02-17,2000,
2021-02-17,2500,
2021-03-16,100,
2021-03-16,500,
2021-03-16,1000,
2021-03-16,1500,
2021-03-16,2000,
2021-03-16,2500,
2021-04-07,100,
2021-04-07,500,
2021-04-07,1000,
2021-04-07,1500,
2021-04-07,2000,
2021-04-07,2500,
2021-05-26,100,
2021-05-26,500,
2021-05-26,1000,
2021-05-26,1500,
2021-05-26,2000,
2021-05-26,2500,
2021-06-09,100,
2021-06-09,500,
2021-06-09,1000,
2021-06-09,1500,
2021-06-09,2000,
2021-06-09,2500,
2021-07-21,2500,
2021-07-21,2000,
2021-07-21,1500,
2021-07-21,1000,
2021-07-21,500,
2021-07-21,100,
2021-08-21,100,
2021-08-21,500,
2021-08-21,1000,
2021-08-21,1500,
2021-08-21,2000,
2021-08-21,2500,
2021-09-01,100,
2021-09-01,500,
2021-09-01,1000,
2021-09-01,1500,
2021-09-01,2000,
2021-09-01,2500,
2021-10-06,100,
2021-10-06,500,
2021-10-06,1000,
2021-10-06,1500,
2021-10-06,2000,
2021-10-06,2500,
2021-11-03,100,
2021-11-03,500,
2021-11-03,1000,
2021-11-03,1500,
2021-11-03,2000,
2021-11-03,2500,
2022-02-02,100,
2022-02-02,500,
2022-02-02,1000,
2022-02-02,1500,
2022-02-02,2000,
2022-02-02,2500,
2022-03-02,100,
2022-03-02,500,
2022-03-02,1000,
2022-03-02,1500,
2022-03-02,2000,
2022-03-02,2500,
2022-04-12,100,
2022-04-12,500,
2022-04-12,1000,
2022-04-12,1500,
2022-04-12,2000,
2022-04-12,2500,
2022-05-03,100,
2022-05-03,500,
2022-05-03,1000,
2022-05-03,1500,
2022-05-03,2000,
2022-05-03,2500,
1999-06-18,100,
1999-06-18,500,
1999-06-18,1000,
1999-06-18,1500,
1999-06-18,2000,
1999-06-18,2500,
2012-05-14,0,
,0,
2019-12-10,0,
2020-10-16,100,
2020-10-16,500,
2020-10-16,1000,
2020-10-16,1500,
2020-10-16,2000,
2020-10-16,2500,
2021-07-20,100,
2021-07-20,500,
2021-07-20,1000,
2021-07-20,1500,
2021-07-20,2000,
2021-07-20,2500,
